mode,rating_profile,ring_name,ring_size,tier_mix_kind,active_tier_count,all_three_tiers,n_micro,n_medium,n_large,total_cylinders,rated_kw,highway_l_per_100km,mixed_l_per_100km,ers_passed,ers_total,shortfall_events,score,design_aligned,is_canonical_x12_target,is_reference
phase1_open,phase1,X2,2,homogeneous_large,1,False,0,0,2,2,120.0,4.988,2.58,6,9,2,-999999994.0,False,False,False
phase1_open,phase1,X3,3,homogeneous_large,1,False,0,0,3,3,180.0,4.988,2.601,7,9,1,-999999993.0,False,False,False
phase1_open,phase1,X4,4,homogeneous_large,1,False,0,0,4,4,240.0,4.988,2.582,7,9,0,-999999993.0,False,False,False
phase1_open,phase1,X5,5,homogeneous_large,1,False,0,0,5,5,300.0,4.988,2.597,7,9,0,-999999993.0,False,False,False
phase1_open,phase1,X6,6,homogeneous_large,1,False,0,0,6,6,360.0,4.988,2.598,7,9,0,-999999993.0,False,False,False
phase1_open,phase1,X7,7,homogeneous_large,1,False,0,0,7,7,420.0,4.988,2.598,7,9,0,-999999993.0,False,False,False
phase1_open,phase1,X8,8,homogeneous_large,1,False,0,0,8,8,480.0,4.988,2.598,7,9,0,-999999993.0,False,False,False
phase1_open,phase1,X9,9,homogeneous_large,1,False,0,0,9,9,540.0,4.988,2.598,7,9,0,-999999993.0,False,False,False
phase1_open,phase1,X10,10,homogeneous_large,1,False,0,0,10,10,600.0,4.988,2.598,7,9,0,-999999993.0,False,False,False
phase1_open,phase1,X11,11,homogeneous_large,1,False,0,0,11,11,660.0,4.988,2.598,7,9,0,-999999993.0,False,False,False
phase1_open,phase1,X12,12,homogeneous_large,1,False,0,0,12,12,720.0,4.988,2.598,7,9,0,-999999993.0,False,False,False
phase1_open,phase1,X13,13,homogeneous_large,1,False,0,0,13,13,780.0,4.988,2.598,7,9,0,-999999993.0,False,False,False
phase1_open,phase1,X14,14,homogeneous_large,1,False,0,0,14,14,840.0,4.988,2.598,7,9,0,-999999993.0,False,False,False
phase1_open,phase1,X15,15,homogeneous_large,1,False,0,0,15,15,900.0,4.988,2.598,7,9,0,-999999993.0,False,False,False
phase1_open,phase1,X16,16,homogeneous_large,1,False,0,0,16,16,960.0,4.988,2.598,7,9,0,-999999993.0,False,False,False
phase1_open,phase1,X2,2,mixed,2,False,0,1,1,2,100.0,4.735,2.499,6,9,2,-999999994.0,True,False,False
phase1_open,phase1,X3,3,mixed,2,False,0,1,2,3,160.0,4.735,2.517,7,9,1,-999999993.0,True,False,False
phase1_open,phase1,X4,4,mixed,2,False,0,1,3,4,220.0,4.735,2.499,7,9,0,-999999993.0,True,False,False
phase1_open,phase1,X5,5,mixed,2,False,0,1,4,5,280.0,4.735,2.517,7,9,0,-999999993.0,True,False,False
phase1_open,phase1,X6,6,mixed,2,False,0,1,5,6,340.0,4.735,2.521,7,9,0,-999999993.0,True,False,False
phase1_open,phase1,X7,7,mixed,2,False,0,1,6,7,400.0,4.735,2.521,7,9,0,-999999993.0,True,False,False
phase1_open,phase1,X8,8,mixed,2,False,0,1,7,8,460.0,4.735,2.521,7,9,0,-999999993.0,True,False,False
phase1_open,phase1,X9,9,mixed,2,False,0,1,8,9,520.0,4.735,2.521,7,9,0,-999999993.0,True,False,False
phase1_open,phase1,X10,10,mixed,2,False,0,1,9,10,580.0,4.735,2.521,7,9,0,-999999993.0,True,False,False
phase1_open,phase1,X11,11,mixed,2,False,0,1,10,11,640.0,4.735,2.521,7,9,0,-999999993.0,True,False,False
phase1_open,phase1,X12,12,mixed,2,False,0,1,11,12,700.0,4.735,2.521,7,9,0,-999999993.0,True,False,False
phase1_open,phase1,X13,13,mixed,2,False,0,1,12,13,760.0,4.735,2.521,7,9,0,-999999993.0,True,False,False
phase1_open,phase1,X14,14,mixed,2,False,0,1,13,14,820.0,4.735,2.521,7,9,0,-999999993.0,True,False,False
phase1_open,phase1,X15,15,mixed,2,False,0,1,14,15,880.0,4.735,2.521,7,9,0,-999999993.0,True,False,False
phase1_open,phase1,X16,16,mixed,2,False,0,1,15,16,940.0,4.735,2.521,7,9,0,-999999993.0,True,False,False
phase1_open,phase1,X2,2,homogeneous_medium,1,False,0,2,0,2,80.0,4.581,2.357,4,9,2,-999999996.0,False,False,False
phase1_open,phase1,X3,3,mixed,2,False,0,2,1,3,140.0,4.629,2.436,6,9,2,-999999994.0,True,False,False
phase1_open,phase1,X4,4,mixed,2,False,0,2,2,4,200.0,4.629,2.463,7,9,0,-999999993.0,True,False,False
phase1_open,phase1,X5,5,mixed,2,False,0,2,3,5,260.0,4.629,2.446,7,9,0,-999999993.0,True,False,False
phase1_open,phase1,X6,6,mixed,2,False,0,2,4,6,320.0,4.629,2.455,7,9,0,-999999993.0,True,False,False
phase1_open,phase1,X7,7,mixed,2,False,0,2,5,7,380.0,4.629,2.455,7,9,0,-999999993.0,True,False,False
phase1_open,phase1,X8,8,mixed,2,False,0,2,6,8,440.0,4.629,2.455,7,9,0,-999999993.0,True,False,False
phase1_open,phase1,X9,9,mixed,2,False,0,2,7,9,500.0,4.629,2.455,7,9,0,-999999993.0,True,False,False
phase1_open,phase1,X10,10,mixed,2,False,0,2,8,10,560.0,4.629,2.455,7,9,0,-999999993.0,True,False,False
phase1_open,phase1,X11,11,mixed,2,False,0,2,9,11,620.0,4.629,2.455,7,9,0,-999999993.0,True,False,False
phase1_open,phase1,X12,12,mixed,2,False,0,2,10,12,680.0,4.629,2.455,7,9,0,-999999993.0,True,False,False
phase1_open,phase1,X13,13,mixed,2,False,0,2,11,13,740.0,4.629,2.455,7,9,0,-999999993.0,True,False,False
phase1_open,phase1,X14,14,mixed,2,False,0,2,12,14,800.0,4.629,2.455,7,9,0,-999999993.0,True,False,False
phase1_open,phase1,X15,15,mixed,2,False,0,2,13,15,860.0,4.629,2.455,7,9,0,-999999993.0,True,False,False
phase1_open,phase1,X16,16,mixed,2,False,0,2,14,16,920.0,4.629,2.455,7,9,0,-999999993.0,True,False,False
phase1_open,phase1,X3,3,homogeneous_medium,1,False,0,3,0,3,120.0,4.623,2.391,6,9,2,-999999994.0,False,False,False
phase1_open,phase1,X4,4,mixed,2,False,0,3,1,4,180.0,4.623,2.414,7,9,1,-999999993.0,True,False,False
phase1_open,phase1,X5,5,mixed,2,False,0,3,2,5,240.0,4.623,2.398,7,9,0,-999999993.0,True,False,False
phase1_open,phase1,X6,6,mixed,2,False,0,3,3,6,300.0,4.623,2.413,7,9,0,-999999993.0,True,False,False
phase1_open,phase1,X7,7,mixed,2,False,0,3,4,7,360.0,4.623,2.414,7,9,0,-999999993.0,True,False,False
phase1_open,phase1,X8,8,mixed,2,False,0,3,5,8,420.0,4.623,2.414,7,9,0,-999999993.0,True,False,False
phase1_open,phase1,X9,9,mixed,2,False,0,3,6,9,480.0,4.623,2.414,7,9,0,-999999993.0,True,False,False
phase1_open,phase1,X10,10,mixed,2,False,0,3,7,10,540.0,4.623,2.414,7,9,0,-999999993.0,True,False,False
phase1_open,phase1,X11,11,mixed,2,False,0,3,8,11,600.0,4.623,2.414,7,9,0,-999999993.0,True,False,False
phase1_open,phase1,X12,12,mixed,2,False,0,3,9,12,660.0,4.623,2.414,7,9,0,-999999993.0,True,False,False
phase1_open,phase1,X13,13,mixed,2,False,0,3,10,13,720.0,4.623,2.414,7,9,0,-999999993.0,True,False,False
phase1_open,phase1,X14,14,mixed,2,False,0,3,11,14,780.0,4.623,2.414,7,9,0,-999999993.0,True,False,False
phase1_open,phase1,X15,15,mixed,2,False,0,3,12,15,840.0,4.623,2.414,7,9,0,-999999993.0,True,False,False
phase1_open,phase1,X16,16,mixed,2,False,0,3,13,16,900.0,4.623,2.414,7,9,0,-999999993.0,True,False,False
phase1_open,phase1,X4,4,homogeneous_medium,1,False,0,4,0,4,160.0,4.623,2.404,7,9,1,-999999993.0,False,False,False
phase1_open,phase1,X5,5,mixed,2,False,0,4,1,5,220.0,4.623,2.389,7,9,0,-999999993.0,True,False,False
phase1_open,phase1,X6,6,mixed,2,False,0,4,2,6,280.0,4.623,2.407,7,9,0,-999999993.0,True,False,False
phase1_open,phase1,X7,7,mixed,2,False,0,4,3,7,340.0,4.623,2.411,7,9,0,-999999993.0,True,False,False
phase1_open,phase1,X8,8,mixed,2,False,0,4,4,8,400.0,4.623,2.411,7,9,0,-999999993.0,True,False,False
phase1_open,phase1,X9,9,mixed,2,False,0,4,5,9,460.0,4.623,2.411,7,9,0,-999999993.0,True,False,False
phase1_open,phase1,X10,10,mixed,2,False,0,4,6,10,520.0,4.623,2.411,7,9,0,-999999993.0,True,False,False
phase1_open,phase1,X11,11,mixed,2,False,0,4,7,11,580.0,4.623,2.411,7,9,0,-999999993.0,True,False,False
phase1_open,phase1,X12,12,mixed,2,False,0,4,8,12,640.0,4.623,2.411,7,9,0,-999999993.0,True,False,False
phase1_open,phase1,X13,13,mixed,2,False,0,4,9,13,700.0,4.623,2.411,7,9,0,-999999993.0,True,False,False
phase1_open,phase1,X14,14,mixed,2,False,0,4,10,14,760.0,4.623,2.411,7,9,0,-999999993.0,True,False,False
phase1_open,phase1,X15,15,mixed,2,False,0,4,11,15,820.0,4.623,2.411,7,9,0,-999999993.0,True,False,False
phase1_open,phase1,X16,16,mixed,2,False,0,4,12,16,880.0,4.623,2.411,7,9,0,-999999993.0,True,False,False
phase1_open,phase1,X5,5,homogeneous_medium,1,False,0,5,0,5,200.0,4.623,2.417,7,9,0,-999999993.0,False,False,False
phase1_open,phase1,X6,6,mixed,2,False,0,5,1,6,260.0,4.623,2.401,7,9,0,-999999993.0,True,False,False
phase1_open,phase1,X7,7,mixed,2,False,0,5,2,7,320.0,4.623,2.41,7,9,0,-999999993.0,True,False,False
phase1_open,phase1,X8,8,mixed,2,False,0,5,3,8,380.0,4.623,2.41,7,9,0,-999999993.0,True,False,False
phase1_open,phase1,X9,9,mixed,2,False,0,5,4,9,440.0,4.623,2.41,7,9,0,-999999993.0,True,False,False
phase1_open,phase1,X10,10,mixed,2,False,0,5,5,10,500.0,4.623,2.41,7,9,0,-999999993.0,True,False,False
phase1_open,phase1,X11,11,mixed,2,False,0,5,6,11,560.0,4.623,2.41,7,9,0,-999999993.0,True,False,False
phase1_open,phase1,X12,12,mixed,2,False,0,5,7,12,620.0,4.623,2.41,7,9,0,-999999993.0,True,False,False
phase1_open,phase1,X13,13,mixed,2,False,0,5,8,13,680.0,4.623,2.41,7,9,0,-999999993.0,True,False,False
phase1_open,phase1,X14,14,mixed,2,False,0,5,9,14,740.0,4.623,2.41,7,9,0,-999999993.0,True,False,False
phase1_open,phase1,X15,15,mixed,2,False,0,5,10,15,800.0,4.623,2.41,7,9,0,-999999993.0,True,False,False
phase1_open,phase1,X16,16,mixed,2,False,0,5,11,16,860.0,4.623,2.41,7,9,0,-999999993.0,True,False,False
phase1_open,phase1,X6,6,homogeneous_medium,1,False,0,6,0,6,240.0,4.623,2.393,7,9,0,-999999993.0,False,False,False
phase1_open,phase1,X7,7,mixed,2,False,0,6,1,7,300.0,4.623,2.408,7,9,0,-999999993.0,True,False,False
phase1_open,phase1,X8,8,mixed,2,False,0,6,2,8,360.0,4.623,2.409,7,9,0,-999999993.0,True,False,False
phase1_open,phase1,X9,9,mixed,2,False,0,6,3,9,420.0,4.623,2.409,7,9,0,-999999993.0,True,False,False
phase1_open,phase1,X10,10,mixed,2,False,0,6,4,10,480.0,4.623,2.409,7,9,0,-999999993.0,True,False,False
phase1_open,phase1,X11,11,mixed,2,False,0,6,5,11,540.0,4.623,2.409,7,9,0,-999999993.0,True,False,False
phase1_open,phase1,X12,12,mixed,2,False,0,6,6,12,600.0,4.623,2.409,7,9,0,-999999993.0,True,False,False
phase1_open,phase1,X13,13,mixed,2,False,0,6,7,13,660.0,4.623,2.409,7,9,0,-999999993.0,True,False,False
phase1_open,phase1,X14,14,mixed,2,False,0,6,8,14,720.0,4.623,2.409,7,9,0,-999999993.0,True,False,False
phase1_open,phase1,X15,15,mixed,2,False,0,6,9,15,780.0,4.623,2.409,7,9,0,-999999993.0,True,False,False
phase1_open,phase1,X16,16,mixed,2,False,0,6,10,16,840.0,4.623,2.409,7,9,0,-999999993.0,True,False,False
phase1_open,phase1,X7,7,homogeneous_medium,1,False,0,7,0,7,280.0,4.623,2.404,7,9,0,-999999993.0,False,False,False
phase1_open,phase1,X8,8,mixed,2,False,0,7,1,8,340.0,4.623,2.408,7,9,0,-999999993.0,True,False,False
phase1_open,phase1,X9,9,mixed,2,False,0,7,2,9,400.0,4.623,2.408,7,9,0,-999999993.0,True,False,False
phase1_open,phase1,X10,10,mixed,2,False,0,7,3,10,460.0,4.623,2.408,7,9,0,-999999993.0,True,False,False
phase1_open,phase1,X11,11,mixed,2,False,0,7,4,11,520.0,4.623,2.408,7,9,0,-999999993.0,True,False,False
phase1_open,phase1,X12,12,mixed,2,False,0,7,5,12,580.0,4.623,2.408,7,9,0,-999999993.0,True,False,False
phase1_open,phase1,X13,13,mixed,2,False,0,7,6,13,640.0,4.623,2.408,7,9,0,-999999993.0,True,False,False
phase1_open,phase1,X14,14,mixed,2,False,0,7,7,14,700.0,4.623,2.408,7,9,0,-999999993.0,True,False,False
phase1_open,phase1,X15,15,mixed,2,False,0,7,8,15,760.0,4.623,2.408,7,9,0,-999999993.0,True,False,False
phase1_open,phase1,X16,16,mixed,2,False,0,7,9,16,820.0,4.623,2.408,7,9,0,-999999993.0,True,False,False
phase1_open,phase1,X8,8,homogeneous_medium,1,False,0,8,0,8,320.0,4.623,2.408,7,9,0,-999999993.0,False,False,False
phase1_open,phase1,X9,9,mixed,2,False,0,8,1,9,380.0,4.623,2.408,7,9,0,-999999993.0,True,False,False
phase1_open,phase1,X10,10,mixed,2,False,0,8,2,10,440.0,4.623,2.408,7,9,0,-999999993.0,True,False,False
phase1_open,phase1,X11,11,mixed,2,False,0,8,3,11,500.0,4.623,2.408,7,9,0,-999999993.0,True,False,False
phase1_open,phase1,X12,12,mixed,2,False,0,8,4,12,560.0,4.623,2.408,7,9,0,-999999993.0,True,False,False
phase1_open,phase1,X13,13,mixed,2,False,0,8,5,13,620.0,4.623,2.408,7,9,0,-999999993.0,True,False,False
phase1_open,phase1,X14,14,mixed,2,False,0,8,6,14,680.0,4.623,2.408,7,9,0,-999999993.0,True,False,False
phase1_open,phase1,X15,15,mixed,2,False,0,8,7,15,740.0,4.623,2.408,7,9,0,-999999993.0,True,False,False
phase1_open,phase1,X16,16,mixed,2,False,0,8,8,16,800.0,4.623,2.408,7,9,0,-999999993.0,True,False,False
phase1_open,phase1,X9,9,homogeneous_medium,1,False,0,9,0,9,360.0,4.623,2.408,7,9,0,-999999993.0,False,False,False
phase1_open,phase1,X10,10,mixed,2,False,0,9,1,10,420.0,4.623,2.408,7,9,0,-999999993.0,True,False,False
phase1_open,phase1,X11,11,mixed,2,False,0,9,2,11,480.0,4.623,2.408,7,9,0,-999999993.0,True,False,False
phase1_open,phase1,X12,12,mixed,2,False,0,9,3,12,540.0,4.623,2.408,7,9,0,-999999993.0,True,False,False
phase1_open,phase1,X13,13,mixed,2,False,0,9,4,13,600.0,4.623,2.408,7,9,0,-999999993.0,True,False,False
phase1_open,phase1,X14,14,mixed,2,False,0,9,5,14,660.0,4.623,2.408,7,9,0,-999999993.0,True,False,False
phase1_open,phase1,X15,15,mixed,2,False,0,9,6,15,720.0,4.623,2.408,7,9,0,-999999993.0,True,False,False
phase1_open,phase1,X16,16,mixed,2,False,0,9,7,16,780.0,4.623,2.408,7,9,0,-999999993.0,True,False,False
phase1_open,phase1,X10,10,homogeneous_medium,1,False,0,10,0,10,400.0,4.623,2.408,7,9,0,-999999993.0,False,False,False
phase1_open,phase1,X11,11,mixed,2,False,0,10,1,11,460.0,4.623,2.408,7,9,0,-999999993.0,True,False,False
phase1_open,phase1,X12,12,mixed,2,False,0,10,2,12,520.0,4.623,2.408,7,9,0,-999999993.0,True,False,False
phase1_open,phase1,X13,13,mixed,2,False,0,10,3,13,580.0,4.623,2.408,7,9,0,-999999993.0,True,False,False
phase1_open,phase1,X14,14,mixed,2,False,0,10,4,14,640.0,4.623,2.408,7,9,0,-999999993.0,True,False,False
phase1_open,phase1,X15,15,mixed,2,False,0,10,5,15,700.0,4.623,2.408,7,9,0,-999999993.0,True,False,False
phase1_open,phase1,X16,16,mixed,2,False,0,10,6,16,760.0,4.623,2.408,7,9,0,-999999993.0,True,False,False
phase1_open,phase1,X11,11,homogeneous_medium,1,False,0,11,0,11,440.0,4.623,2.408,7,9,0,-999999993.0,False,False,False
phase1_open,phase1,X12,12,mixed,2,False,0,11,1,12,500.0,4.623,2.408,7,9,0,-999999993.0,True,False,False
phase1_open,phase1,X13,13,mixed,2,False,0,11,2,13,560.0,4.623,2.408,7,9,0,-999999993.0,True,False,False
phase1_open,phase1,X14,14,mixed,2,False,0,11,3,14,620.0,4.623,2.408,7,9,0,-999999993.0,True,False,False
phase1_open,phase1,X15,15,mixed,2,False,0,11,4,15,680.0,4.623,2.408,7,9,0,-999999993.0,True,False,False
phase1_open,phase1,X16,16,mixed,2,False,0,11,5,16,740.0,4.623,2.408,7,9,0,-999999993.0,True,False,False
phase1_open,phase1,X12,12,homogeneous_medium,1,False,0,12,0,12,480.0,4.623,2.408,7,9,0,-999999993.0,True,True,False
phase1_open,phase1,X13,13,mixed,2,False,0,12,1,13,540.0,4.623,2.408,7,9,0,-999999993.0,True,False,False
phase1_open,phase1,X14,14,mixed,2,False,0,12,2,14,600.0,4.623,2.408,7,9,0,-999999993.0,True,False,False
phase1_open,phase1,X15,15,mixed,2,False,0,12,3,15,660.0,4.623,2.408,7,9,0,-999999993.0,True,False,False
phase1_open,phase1,X16,16,mixed,2,False,0,12,4,16,720.0,4.623,2.408,7,9,0,-999999993.0,True,False,False
phase1_open,phase1,X13,13,homogeneous_medium,1,False,0,13,0,13,520.0,4.623,2.408,7,9,0,-999999993.0,False,False,False
phase1_open,phase1,X14,14,mixed,2,False,0,13,1,14,580.0,4.623,2.408,7,9,0,-999999993.0,True,False,False
phase1_open,phase1,X15,15,mixed,2,False,0,13,2,15,640.0,4.623,2.408,7,9,0,-999999993.0,True,False,False
phase1_open,phase1,X16,16,mixed,2,False,0,13,3,16,700.0,4.623,2.408,7,9,0,-999999993.0,True,False,False
phase1_open,phase1,X14,14,homogeneous_medium,1,False,0,14,0,14,560.0,4.623,2.408,7,9,0,-999999993.0,False,False,False
phase1_open,phase1,X15,15,mixed,2,False,0,14,1,15,620.0,4.623,2.408,7,9,0,-999999993.0,True,False,False
phase1_open,phase1,X16,16,mixed,2,False,0,14,2,16,680.0,4.623,2.408,7,9,0,-999999993.0,True,False,False
phase1_open,phase1,X15,15,homogeneous_medium,1,False,0,15,0,15,600.0,4.623,2.408,7,9,0,-999999993.0,False,False,False
phase1_open,phase1,X16,16,mixed,2,False,0,15,1,16,660.0,4.623,2.408,7,9,0,-999999993.0,True,False,False
phase1_open,phase1,X16,16,homogeneous_medium,1,False,0,16,0,16,640.0,4.623,2.408,7,9,0,-999999993.0,False,False,False
phase1_open,phase1,X2,2,mixed,2,False,1,0,1,2,67.5,4.754,2.473,6,9,2,-999999994.0,True,False,False
phase1_open,phase1,X3,3,mixed,2,False,1,0,2,3,127.5,4.899,2.542,8,9,2,-999999992.0,True,False,False
phase1_open,phase1,X4,4,mixed,2,False,1,0,3,4,187.5,4.899,2.577,9,9,0,891.14,True,False,False
phase1_open,phase1,X5,5,mixed,2,False,1,0,4,5,247.5,4.899,2.558,9,9,0,886.14,True,False,False
phase1_open,phase1,X6,6,mixed,2,False,1,0,5,6,307.5,4.899,2.571,9,9,0,881.14,True,False,False
phase1_open,phase1,X7,7,mixed,2,False,1,0,6,7,367.5,4.899,2.571,9,9,0,876.14,True,False,False
phase1_open,phase1,X8,8,mixed,2,False,1,0,7,8,427.5,4.899,2.571,9,9,0,871.14,True,False,False
phase1_open,phase1,X9,9,mixed,2,False,1,0,8,9,487.5,4.899,2.571,9,9,0,866.14,True,False,False
phase1_open,phase1,X10,10,mixed,2,False,1,0,9,10,547.5,4.899,2.571,9,9,0,861.14,True,False,False
phase1_open,phase1,X11,11,mixed,2,False,1,0,10,11,607.5,4.899,2.571,9,9,0,856.14,True,False,False
phase1_open,phase1,X12,12,mixed,2,False,1,0,11,12,667.5,4.899,2.571,9,9,0,851.14,True,False,False
phase1_open,phase1,X13,13,mixed,2,False,1,0,12,13,727.5,4.899,2.571,9,9,0,846.14,True,False,False
phase1_open,phase1,X14,14,mixed,2,False,1,0,13,14,787.5,4.899,2.571,9,9,0,841.14,True,False,False
phase1_open,phase1,X15,15,mixed,2,False,1,0,14,15,847.5,4.899,2.571,9,9,0,836.14,True,False,False
phase1_open,phase1,X16,16,mixed,2,False,1,0,15,16,907.5,4.899,2.571,9,9,0,831.14,True,False,False
phase1_open,phase1,X2,2,mixed,2,False,1,1,0,2,47.5,3.719,2.305,6,9,2,-999999994.0,True,False,False
phase1_open,phase1,X3,3,mixed,3,True,1,1,1,3,107.5,4.652,2.476,8,9,2,-999999992.0,True,False,False
phase1_open,phase1,X4,4,mixed,3,True,1,1,2,4,167.5,4.652,2.493,9,9,1,897.08,True,False,False
phase1_open,phase1,X5,5,mixed,3,True,1,1,3,5,227.5,4.652,2.476,9,9,0,892.08,True,False,False
phase1_open,phase1,X6,6,mixed,3,True,1,1,4,6,287.5,4.652,2.493,9,9,0,887.08,True,False,False
phase1_open,phase1,X7,7,mixed,3,True,1,1,5,7,347.5,4.652,2.496,9,9,0,882.08,True,False,False
phase1_open,phase1,X8,8,mixed,3,True,1,1,6,8,407.5,4.652,2.496,9,9,0,877.08,True,False,False
phase1_open,phase1,X9,9,mixed,3,True,1,1,7,9,467.5,4.652,2.496,9,9,0,872.08,True,False,False
phase1_open,phase1,X10,10,mixed,3,True,1,1,8,10,527.5,4.652,2.496,9,9,0,867.08,True,False,False
phase1_open,phase1,X11,11,mixed,3,True,1,1,9,11,587.5,4.652,2.496,9,9,0,862.08,True,False,False
phase1_open,phase1,X12,12,mixed,3,True,1,1,10,12,647.5,4.652,2.496,9,9,0,857.08,True,False,False
phase1_open,phase1,X13,13,mixed,3,True,1,1,11,13,707.5,4.652,2.496,9,9,0,852.08,True,False,False
phase1_open,phase1,X14,14,mixed,3,True,1,1,12,14,767.5,4.652,2.496,9,9,0,847.08,True,False,False
phase1_open,phase1,X15,15,mixed,3,True,1,1,13,15,827.5,4.652,2.496,9,9,0,842.08,True,False,False
phase1_open,phase1,X16,16,mixed,3,True,1,1,14,16,887.5,4.652,2.496,9,9,0,837.08,True,False,False
phase1_open,phase1,X3,3,mixed,2,False,1,2,0,3,87.5,4.572,2.361,6,9,2,-999999994.0,True,False,False
phase1_open,phase1,X4,4,mixed,3,True,1,2,1,4,147.5,4.583,2.418,9,9,1,899.46,True,False,False
phase1_open,phase1,X5,5,mixed,3,True,1,2,2,5,207.5,4.583,2.423,9,9,0,894.46,True,False,False
phase1_open,phase1,X6,6,mixed,3,True,1,2,3,6,267.5,4.583,2.424,9,9,0,889.46,True,False,False
phase1_open,phase1,X7,7,mixed,3,True,1,2,4,7,327.5,4.583,2.431,9,9,0,884.46,True,False,False
phase1_open,phase1,X8,8,mixed,3,True,1,2,5,8,387.5,4.583,2.431,9,9,0,879.46,True,False,False
phase1_open,phase1,X9,9,mixed,3,True,1,2,6,9,447.5,4.583,2.431,9,9,0,874.46,True,False,False
phase1_open,phase1,X10,10,mixed,3,True,1,2,7,10,507.5,4.583,2.431,9,9,0,869.46,True,False,False
phase1_open,phase1,X11,11,mixed,3,True,1,2,8,11,567.5,4.583,2.431,9,9,0,864.46,True,False,False
phase1_open,phase1,X12,12,mixed,3,True,1,2,9,12,627.5,4.583,2.431,9,9,0,859.46,True,False,False
phase1_open,phase1,X13,13,mixed,3,True,1,2,10,13,687.5,4.583,2.431,9,9,0,854.46,True,False,False
phase1_open,phase1,X14,14,mixed,3,True,1,2,11,14,747.5,4.583,2.431,9,9,0,849.46,True,False,False
phase1_open,phase1,X15,15,mixed,3,True,1,2,12,15,807.5,4.583,2.431,9,9,0,844.46,True,False,False
phase1_open,phase1,X16,16,mixed,3,True,1,2,13,16,867.5,4.583,2.431,9,9,0,839.46,True,False,False
phase1_open,phase1,X4,4,mixed,2,False,1,3,0,4,127.5,4.582,2.369,8,9,2,-999999992.0,True,False,False
phase1_open,phase1,X5,5,mixed,3,True,1,3,1,5,187.5,4.582,2.403,9,9,0,895.49,True,False,False
phase1_open,phase1,X6,6,mixed,3,True,1,3,2,6,247.5,4.582,2.387,9,9,0,890.49,True,False,False
phase1_open,phase1,X7,7,mixed,3,True,1,3,3,7,307.5,4.582,2.4,9,9,0,885.49,True,False,False
phase1_open,phase1,X8,8,mixed,3,True,1,3,4,8,367.5,4.582,2.4,9,9,0,880.49,True,False,False
phase1_open,phase1,X9,9,mixed,3,True,1,3,5,9,427.5,4.582,2.4,9,9,0,875.49,True,False,False
phase1_open,phase1,X10,10,mixed,3,True,1,3,6,10,487.5,4.582,2.4,9,9,0,870.49,True,False,False
phase1_open,phase1,X11,11,mixed,3,True,1,3,7,11,547.5,4.582,2.4,9,9,0,865.49,True,False,False
phase1_open,phase1,X12,12,mixed,3,True,1,3,8,12,607.5,4.582,2.4,9,9,0,860.49,True,False,False
phase1_open,phase1,X13,13,mixed,3,True,1,3,9,13,667.5,4.582,2.4,9,9,0,855.49,True,False,False
phase1_open,phase1,X14,14,mixed,3,True,1,3,10,14,727.5,4.582,2.4,9,9,0,850.49,True,False,False
phase1_open,phase1,X15,15,mixed,3,True,1,3,11,15,787.5,4.582,2.4,9,9,0,845.49,True,False,False
phase1_open,phase1,X16,16,mixed,3,True,1,3,12,16,847.5,4.582,2.4,9,9,0,840.49,True,False,False
phase1_open,phase1,X5,5,mixed,2,False,1,4,0,5,167.5,4.582,2.394,9,9,1,896.49,True,False,False
phase1_open,phase1,X6,6,mixed,3,True,1,4,1,6,227.5,4.582,2.379,9,9,0,891.49,True,False,False
phase1_open,phase1,X7,7,mixed,3,True,1,4,2,7,287.5,4.582,2.395,9,9,0,886.49,True,False,False
phase1_open,phase1,X8,8,mixed,3,True,1,4,3,8,347.5,4.582,2.398,9,9,0,881.49,True,False,False
phase1_open,phase1,X9,9,mixed,3,True,1,4,4,9,407.5,4.582,2.398,9,9,0,876.49,True,False,False
phase1_open,phase1,X10,10,mixed,3,True,1,4,5,10,467.5,4.582,2.398,9,9,0,871.49,True,False,False
phase1_open,phase1,X11,11,mixed,3,True,1,4,6,11,527.5,4.582,2.398,9,9,0,866.49,True,False,False
phase1_open,phase1,X12,12,mixed,3,True,1,4,7,12,587.5,4.582,2.398,9,9,0,861.49,True,False,False
phase1_open,phase1,X13,13,mixed,3,True,1,4,8,13,647.5,4.582,2.398,9,9,0,856.49,True,False,False
phase1_open,phase1,X14,14,mixed,3,True,1,4,9,14,707.5,4.582,2.398,9,9,0,851.49,True,False,False
phase1_open,phase1,X15,15,mixed,3,True,1,4,10,15,767.5,4.582,2.398,9,9,0,846.49,True,False,False
phase1_open,phase1,X16,16,mixed,3,True,1,4,11,16,827.5,4.582,2.398,9,9,0,841.49,True,False,False
phase1_open,phase1,X6,6,mixed,2,False,1,5,0,6,207.5,4.582,2.389,9,9,0,892.49,True,False,False
phase1_open,phase1,X7,7,mixed,3,True,1,5,1,7,267.5,4.582,2.391,9,9,0,887.49,True,False,False
phase1_open,phase1,X8,8,mixed,3,True,1,5,2,8,327.5,4.582,2.397,9,9,0,882.49,True,False,False
phase1_open,phase1,X9,9,mixed,3,True,1,5,3,9,387.5,4.582,2.397,9,9,0,877.49,True,False,False
phase1_open,phase1,X10,10,mixed,3,True,1,5,4,10,447.5,4.582,2.397,9,9,0,872.49,True,False,False
phase1_open,phase1,X11,11,mixed,3,True,1,5,5,11,507.5,4.582,2.397,9,9,0,867.49,True,False,False
phase1_open,phase1,X12,12,mixed,3,True,1,5,6,12,567.5,4.582,2.397,9,9,0,862.49,True,False,False
phase1_open,phase1,X13,13,mixed,3,True,1,5,7,13,627.5,4.582,2.397,9,9,0,857.49,True,False,False
phase1_open,phase1,X14,14,mixed,3,True,1,5,8,14,687.5,4.582,2.397,9,9,0,852.49,True,False,False
phase1_open,phase1,X15,15,mixed,3,True,1,5,9,15,747.5,4.582,2.397,9,9,0,847.49,True,False,False
phase1_open,phase1,X16,16,mixed,3,True,1,5,10,16,807.5,4.582,2.397,9,9,0,842.49,True,False,False
phase1_open,phase1,X7,7,mixed,2,False,1,6,0,7,247.5,4.582,2.383,9,9,0,888.49,True,False,False
phase1_open,phase1,X8,8,mixed,3,True,1,6,1,8,307.5,4.582,2.396,9,9,0,883.49,True,False,False
phase1_open,phase1,X9,9,mixed,3,True,1,6,2,9,367.5,4.582,2.396,9,9,0,878.49,True,False,False
phase1_open,phase1,X10,10,mixed,3,True,1,6,3,10,427.5,4.582,2.396,9,9,0,873.49,True,False,False
phase1_open,phase1,X11,11,mixed,3,True,1,6,4,11,487.5,4.582,2.396,9,9,0,868.49,True,False,False
phase1_open,phase1,X12,12,mixed,3,True,1,6,5,12,547.5,4.582,2.396,9,9,0,863.49,True,False,False
phase1_open,phase1,X13,13,mixed,3,True,1,6,6,13,607.5,4.582,2.396,9,9,0,858.49,True,False,False
phase1_open,phase1,X14,14,mixed,3,True,1,6,7,14,667.5,4.582,2.396,9,9,0,853.49,True,False,False
phase1_open,phase1,X15,15,mixed,3,True,1,6,8,15,727.5,4.582,2.396,9,9,0,848.49,True,False,False
phase1_open,phase1,X16,16,mixed,3,True,1,6,9,16,787.5,4.582,2.396,9,9,0,843.49,True,False,False
phase1_open,phase1,X8,8,mixed,2,False,1,7,0,8,287.5,4.582,2.392,9,9,0,884.49,True,False,False
phase1_open,phase1,X9,9,mixed,3,True,1,7,1,9,347.5,4.582,2.395,9,9,0,879.49,True,False,False
phase1_open,phase1,X10,10,mixed,3,True,1,7,2,10,407.5,4.582,2.395,9,9,0,874.49,True,False,False
phase1_open,phase1,X11,11,mixed,3,True,1,7,3,11,467.5,4.582,2.395,9,9,0,869.49,True,False,False
phase1_open,phase1,X12,12,mixed,3,True,1,7,4,12,527.5,4.582,2.395,9,9,0,864.49,True,False,False
phase1_open,phase1,X13,13,mixed,3,True,1,7,5,13,587.5,4.582,2.395,9,9,0,859.49,True,False,False
phase1_open,phase1,X14,14,mixed,3,True,1,7,6,14,647.5,4.582,2.395,9,9,0,854.49,True,False,False
phase1_open,phase1,X15,15,mixed,3,True,1,7,7,15,707.5,4.582,2.395,9,9,0,849.49,True,False,False
phase1_open,phase1,X16,16,mixed,3,True,1,7,8,16,767.5,4.582,2.395,9,9,0,844.49,True,False,False
phase1_open,phase1,X9,9,mixed,2,False,1,8,0,9,327.5,4.582,2.395,9,9,0,880.49,True,False,False
phase1_open,phase1,X10,10,mixed,3,True,1,8,1,10,387.5,4.582,2.395,9,9,0,875.49,True,False,False
phase1_open,phase1,X11,11,mixed,3,True,1,8,2,11,447.5,4.582,2.395,9,9,0,870.49,True,False,False
phase1_open,phase1,X12,12,mixed,3,True,1,8,3,12,507.5,4.582,2.395,9,9,0,865.49,True,False,False
phase1_open,phase1,X13,13,mixed,3,True,1,8,4,13,567.5,4.582,2.395,9,9,0,860.49,True,False,False
phase1_open,phase1,X14,14,mixed,3,True,1,8,5,14,627.5,4.582,2.395,9,9,0,855.49,True,False,False
phase1_open,phase1,X15,15,mixed,3,True,1,8,6,15,687.5,4.582,2.395,9,9,0,850.49,True,False,False
phase1_open,phase1,X16,16,mixed,3,True,1,8,7,16,747.5,4.582,2.395,9,9,0,845.49,True,False,False
phase1_open,phase1,X10,10,mixed,2,False,1,9,0,10,367.5,4.582,2.395,9,9,0,876.49,True,False,False
phase1_open,phase1,X11,11,mixed,3,True,1,9,1,11,427.5,4.582,2.395,9,9,0,871.49,True,False,False
phase1_open,phase1,X12,12,mixed,3,True,1,9,2,12,487.5,4.582,2.395,9,9,0,866.49,True,False,False
phase1_open,phase1,X13,13,mixed,3,True,1,9,3,13,547.5,4.582,2.395,9,9,0,861.49,True,False,False
phase1_open,phase1,X14,14,mixed,3,True,1,9,4,14,607.5,4.582,2.395,9,9,0,856.49,True,False,False
phase1_open,phase1,X15,15,mixed,3,True,1,9,5,15,667.5,4.582,2.395,9,9,0,851.49,True,False,False
phase1_open,phase1,X16,16,mixed,3,True,1,9,6,16,727.5,4.582,2.395,9,9,0,846.49,True,False,False
phase1_open,phase1,X11,11,mixed,2,False,1,10,0,11,407.5,4.582,2.395,9,9,0,872.49,True,False,False
phase1_open,phase1,X12,12,mixed,3,True,1,10,1,12,467.5,4.582,2.395,9,9,0,867.49,True,False,False
phase1_open,phase1,X13,13,mixed,3,True,1,10,2,13,527.5,4.582,2.395,9,9,0,862.49,True,False,False
phase1_open,phase1,X14,14,mixed,3,True,1,10,3,14,587.5,4.582,2.395,9,9,0,857.49,True,False,False
phase1_open,phase1,X15,15,mixed,3,True,1,10,4,15,647.5,4.582,2.395,9,9,0,852.49,True,False,False
phase1_open,phase1,X16,16,mixed,3,True,1,10,5,16,707.5,4.582,2.395,9,9,0,847.49,True,False,False
phase1_open,phase1,X12,12,mixed,2,False,1,11,0,12,447.5,4.582,2.395,9,9,0,868.49,True,False,False
phase1_open,phase1,X13,13,mixed,3,True,1,11,1,13,507.5,4.582,2.395,9,9,0,863.49,True,False,False
phase1_open,phase1,X14,14,mixed,3,True,1,11,2,14,567.5,4.582,2.395,9,9,0,858.49,True,False,False
phase1_open,phase1,X15,15,mixed,3,True,1,11,3,15,627.5,4.582,2.395,9,9,0,853.49,True,False,False
phase1_open,phase1,X16,16,mixed,3,True,1,11,4,16,687.5,4.582,2.395,9,9,0,848.49,True,False,False
phase1_open,phase1,X13,13,mixed,2,False,1,12,0,13,487.5,4.582,2.395,9,9,0,864.49,True,False,False
phase1_open,phase1,X14,14,mixed,3,True,1,12,1,14,547.5,4.582,2.395,9,9,0,859.49,True,False,False
phase1_open,phase1,X15,15,mixed,3,True,1,12,2,15,607.5,4.582,2.395,9,9,0,854.49,True,False,False
phase1_open,phase1,X16,16,mixed,3,True,1,12,3,16,667.5,4.582,2.395,9,9,0,849.49,True,False,False
phase1_open,phase1,X14,14,mixed,2,False,1,13,0,14,527.5,4.582,2.395,9,9,0,860.49,True,False,False
phase1_open,phase1,X15,15,mixed,3,True,1,13,1,15,587.5,4.582,2.395,9,9,0,855.49,True,False,False
phase1_open,phase1,X16,16,mixed,3,True,1,13,2,16,647.5,4.582,2.395,9,9,0,850.49,True,False,False
phase1_open,phase1,X15,15,mixed,2,False,1,14,0,15,567.5,4.582,2.395,9,9,0,856.49,True,False,False
phase1_open,phase1,X16,16,mixed,3,True,1,14,1,16,627.5,4.582,2.395,9,9,0,851.49,True,False,False
phase1_open,phase1,X16,16,mixed,2,False,1,15,0,16,607.5,4.582,2.395,9,9,0,852.49,True,False,False
phase1_open,phase1,X2,2,homogeneous_micro,1,False,2,0,0,2,15.0,1.124,1.688,5,9,3,-999999995.0,False,False,False
phase1_open,phase1,X3,3,mixed,2,False,2,0,1,3,75.0,4.73,2.451,6,9,2,-999999994.0,True,False,False
phase1_open,phase1,X4,4,mixed,2,False,2,0,2,4,135.0,4.811,2.523,8,9,2,-999999992.0,True,False,False
phase1_open,phase1,X5,5,mixed,2,False,2,0,3,5,195.0,4.811,2.552,9,9,0,890.54,True,False,False
phase1_open,phase1,X6,6,mixed,2,False,2,0,4,6,255.0,4.811,2.534,9,9,0,885.54,True,False,False
phase1_open,phase1,X7,7,mixed,2,False,2,0,5,7,315.0,4.811,2.544,9,9,0,880.54,True,False,False
phase1_open,phase1,X8,8,mixed,2,False,2,0,6,8,375.0,4.811,2.544,9,9,0,875.54,True,False,False
phase1_open,phase1,X9,9,mixed,2,False,2,0,7,9,435.0,4.811,2.544,9,9,0,870.54,True,False,False
phase1_open,phase1,X10,10,mixed,2,False,2,0,8,10,495.0,4.811,2.544,9,9,0,865.54,True,False,False
phase1_open,phase1,X11,11,mixed,2,False,2,0,9,11,555.0,4.811,2.544,9,9,0,860.54,True,False,False
phase1_open,phase1,X12,12,mixed,2,False,2,0,10,12,615.0,4.811,2.544,9,9,0,855.54,True,False,False
phase1_open,phase1,X13,13,mixed,2,False,2,0,11,13,675.0,4.811,2.544,9,9,0,850.54,True,False,False
phase1_open,phase1,X14,14,mixed,2,False,2,0,12,14,735.0,4.811,2.544,9,9,0,845.54,True,False,False
phase1_open,phase1,X15,15,mixed,2,False,2,0,13,15,795.0,4.811,2.544,9,9,0,840.54,True,False,False
phase1_open,phase1,X16,16,mixed,2,False,2,0,14,16,855.0,4.811,2.544,9,9,0,835.54,True,False,False
phase1_open,phase1,X3,3,mixed,2,False,2,1,0,3,55.0,4.099,2.3,6,9,2,-999999994.0,True,False,False
phase1_open,phase1,X4,4,mixed,3,True,2,1,1,4,115.0,4.581,2.462,8,9,2,-999999992.0,True,False,False
phase1_open,phase1,X5,5,mixed,3,True,2,1,2,5,175.0,4.581,2.47,9,9,1,896.13,True,False,False
phase1_open,phase1,X6,6,mixed,3,True,2,1,3,6,235.0,4.581,2.453,9,9,0,891.13,True,False,False
phase1_open,phase1,X7,7,mixed,3,True,2,1,4,7,295.0,4.581,2.469,9,9,0,886.13,True,False,False
phase1_open,phase1,X8,8,mixed,3,True,2,1,5,8,355.0,4.581,2.471,9,9,0,881.13,True,False,False
phase1_open,phase1,X9,9,mixed,3,True,2,1,6,9,415.0,4.581,2.471,9,9,0,876.13,True,False,False
phase1_open,phase1,X10,10,mixed,3,True,2,1,7,10,475.0,4.581,2.471,9,9,0,871.13,True,False,False
phase1_open,phase1,X11,11,mixed,3,True,2,1,8,11,535.0,4.581,2.471,9,9,0,866.13,True,False,False
phase1_open,phase1,X12,12,mixed,3,True,2,1,9,12,595.0,4.581,2.471,9,9,0,861.13,True,False,False
phase1_open,phase1,X13,13,mixed,3,True,2,1,10,13,655.0,4.581,2.471,9,9,0,856.13,True,False,False
phase1_open,phase1,X14,14,mixed,3,True,2,1,11,14,715.0,4.581,2.471,9,9,0,851.13,True,False,False
phase1_open,phase1,X15,15,mixed,3,True,2,1,12,15,775.0,4.581,2.471,9,9,0,846.13,True,False,False
phase1_open,phase1,X16,16,mixed,3,True,2,1,13,16,835.0,4.581,2.471,9,9,0,841.13,True,False,False
phase1_open,phase1,X4,4,mixed,2,False,2,2,0,4,95.0,4.54,2.394,7,9,2,-999999993.0,True,False,False
phase1_open,phase1,X5,5,mixed,3,True,2,2,1,5,155.0,4.541,2.399,9,9,1,897.93,True,False,False
phase1_open,phase1,X6,6,mixed,3,True,2,2,2,6,215.0,4.541,2.383,9,9,0,892.93,True,False,False
phase1_open,phase1,X7,7,mixed,3,True,2,2,3,7,275.0,4.541,2.402,9,9,0,887.93,True,False,False
phase1_open,phase1,X8,8,mixed,3,True,2,2,4,8,335.0,4.541,2.407,9,9,0,882.93,True,False,False
phase1_open,phase1,X9,9,mixed,3,True,2,2,5,9,395.0,4.541,2.407,9,9,0,877.93,True,False,False
phase1_open,phase1,X10,10,mixed,3,True,2,2,6,10,455.0,4.541,2.407,9,9,0,872.93,True,False,False
phase1_open,phase1,X11,11,mixed,3,True,2,2,7,11,515.0,4.541,2.407,9,9,0,867.93,True,False,False
phase1_open,phase1,X12,12,mixed,3,True,2,2,8,12,575.0,4.541,2.407,9,9,0,862.93,True,False,False
phase1_open,phase1,X13,13,mixed,3,True,2,2,9,13,635.0,4.541,2.407,9,9,0,857.93,True,False,False
phase1_open,phase1,X14,14,mixed,3,True,2,2,10,14,695.0,4.541,2.407,9,9,0,852.93,True,False,False
phase1_open,phase1,X15,15,mixed,3,True,2,2,11,15,755.0,4.541,2.407,9,9,0,847.93,True,False,False
phase1_open,phase1,X16,16,mixed,3,True,2,2,12,16,815.0,4.541,2.407,9,9,0,842.93,True,False,False
phase1_open,phase1,X5,5,mixed,2,False,2,3,0,5,135.0,4.541,2.363,8,9,2,-999999992.0,True,False,False
phase1_open,phase1,X6,6,mixed,3,True,2,3,1,6,195.0,4.541,2.393,9,9,0,893.94,True,False,False
phase1_open,phase1,X7,7,mixed,3,True,2,3,2,7,255.0,4.541,2.377,9,9,0,888.94,True,False,False
phase1_open,phase1,X8,8,mixed,3,True,2,3,3,8,315.0,4.541,2.387,9,9,0,883.94,True,False,False
phase1_open,phase1,X9,9,mixed,3,True,2,3,4,9,375.0,4.541,2.387,9,9,0,878.94,True,False,False
phase1_open,phase1,X10,10,mixed,3,True,2,3,5,10,435.0,4.541,2.387,9,9,0,873.94,True,False,False
phase1_open,phase1,X11,11,mixed,3,True,2,3,6,11,495.0,4.541,2.387,9,9,0,868.94,True,False,False
phase1_open,phase1,X12,12,mixed,3,True,2,3,7,12,555.0,4.541,2.387,9,9,0,863.94,True,False,False
phase1_open,phase1,X13,13,mixed,3,True,2,3,8,13,615.0,4.541,2.387,9,9,0,858.94,True,False,False
phase1_open,phase1,X14,14,mixed,3,True,2,3,9,14,675.0,4.541,2.387,9,9,0,853.94,True,False,False
phase1_open,phase1,X15,15,mixed,3,True,2,3,10,15,735.0,4.541,2.387,9,9,0,848.94,True,False,False
phase1_open,phase1,X16,16,mixed,3,True,2,3,11,16,795.0,4.541,2.387,9,9,0,843.94,True,False,False
phase1_open,phase1,X6,6,mixed,2,False,2,4,0,6,175.0,4.541,2.384,9,9,1,894.94,True,False,False
phase1_open,phase1,X7,7,mixed,3,True,2,4,1,7,235.0,4.541,2.368,9,9,0,889.94,True,False,False
phase1_open,phase1,X8,8,mixed,3,True,2,4,2,8,295.0,4.541,2.384,9,9,0,884.94,True,False,False
phase1_open,phase1,X9,9,mixed,3,True,2,4,3,9,355.0,4.541,2.386,9,9,0,879.94,True,False,False
phase1_open,phase1,X10,10,mixed,3,True,2,4,4,10,415.0,4.541,2.386,9,9,0,874.94,True,False,False
phase1_open,phase1,X11,11,mixed,3,True,2,4,5,11,475.0,4.541,2.386,9,9,0,869.94,True,False,False
phase1_open,phase1,X12,12,mixed,3,True,2,4,6,12,535.0,4.541,2.386,9,9,0,864.94,True,False,False
phase1_open,phase1,X13,13,mixed,3,True,2,4,7,13,595.0,4.541,2.386,9,9,0,859.94,True,False,False
phase1_open,phase1,X14,14,mixed,3,True,2,4,8,14,655.0,4.541,2.386,9,9,0,854.94,True,False,False
phase1_open,phase1,X15,15,mixed,3,True,2,4,9,15,715.0,4.541,2.386,9,9,0,849.94,True,False,False
phase1_open,phase1,X16,16,mixed,3,True,2,4,10,16,775.0,4.541,2.386,9,9,0,844.94,True,False,False
phase1_open,phase1,X7,7,mixed,2,False,2,5,0,7,215.0,4.541,2.361,9,9,0,890.94,True,False,False
phase1_open,phase1,X8,8,mixed,3,True,2,5,1,8,275.0,4.541,2.38,9,9,0,885.94,True,False,False
phase1_open,phase1,X9,9,mixed,3,True,2,5,2,9,335.0,4.541,2.385,9,9,0,880.94,True,False,False
phase1_open,phase1,X10,10,mixed,3,True,2,5,3,10,395.0,4.541,2.385,9,9,0,875.94,True,False,False
phase1_open,phase1,X11,11,mixed,3,True,2,5,4,11,455.0,4.541,2.385,9,9,0,870.94,True,False,False
phase1_open,phase1,X12,12,mixed,3,True,2,5,5,12,515.0,4.541,2.385,9,9,0,865.94,True,False,False
phase1_open,phase1,X13,13,mixed,3,True,2,5,6,13,575.0,4.541,2.385,9,9,0,860.94,True,False,False
phase1_open,phase1,X14,14,mixed,3,True,2,5,7,14,635.0,4.541,2.385,9,9,0,855.94,True,False,False
phase1_open,phase1,X15,15,mixed,3,True,2,5,8,15,695.0,4.541,2.385,9,9,0,850.94,True,False,False
phase1_open,phase1,X16,16,mixed,3,True,2,5,9,16,755.0,4.541,2.385,9,9,0,845.94,True,False,False
phase1_open,phase1,X8,8,mixed,2,False,2,6,0,8,255.0,4.541,2.373,9,9,0,886.94,True,False,False
phase1_open,phase1,X9,9,mixed,3,True,2,6,1,9,315.0,4.541,2.384,9,9,0,881.94,True,False,False
phase1_open,phase1,X10,10,mixed,3,True,2,6,2,10,375.0,4.541,2.384,9,9,0,876.94,True,False,False
phase1_open,phase1,X11,11,mixed,3,True,2,6,3,11,435.0,4.541,2.384,9,9,0,871.94,True,False,False
phase1_open,phase1,X12,12,mixed,3,True,2,6,4,12,495.0,4.541,2.384,9,9,0,866.94,True,False,False
phase1_open,phase1,X13,13,mixed,3,True,2,6,5,13,555.0,4.541,2.384,9,9,0,861.94,True,False,False
phase1_open,phase1,X14,14,mixed,3,True,2,6,6,14,615.0,4.541,2.384,9,9,0,856.94,True,False,False
phase1_open,phase1,X15,15,mixed,3,True,2,6,7,15,675.0,4.541,2.384,9,9,0,851.94,True,False,False
phase1_open,phase1,X16,16,mixed,3,True,2,6,8,16,735.0,4.541,2.384,9,9,0,846.94,True,False,False
phase1_open,phase1,X9,9,mixed,2,False,2,7,0,9,295.0,4.541,2.381,9,9,0,882.94,True,False,False
phase1_open,phase1,X10,10,mixed,3,True,2,7,1,10,355.0,4.541,2.383,9,9,0,877.94,True,False,False
phase1_open,phase1,X11,11,mixed,3,True,2,7,2,11,415.0,4.541,2.383,9,9,0,872.94,True,False,False
phase1_open,phase1,X12,12,mixed,3,True,2,7,3,12,475.0,4.541,2.383,9,9,0,867.94,True,False,False
phase1_open,phase1,X13,13,mixed,3,True,2,7,4,13,535.0,4.541,2.383,9,9,0,862.94,True,False,False
phase1_open,phase1,X14,14,mixed,3,True,2,7,5,14,595.0,4.541,2.383,9,9,0,857.94,True,False,False
phase1_open,phase1,X15,15,mixed,3,True,2,7,6,15,655.0,4.541,2.383,9,9,0,852.94,True,False,False
phase1_open,phase1,X16,16,mixed,3,True,2,7,7,16,715.0,4.541,2.383,9,9,0,847.94,True,False,False
phase1_open,phase1,X10,10,mixed,2,False,2,8,0,10,335.0,4.541,2.383,9,9,0,878.94,True,False,False
phase1_open,phase1,X11,11,mixed,3,True,2,8,1,11,395.0,4.541,2.383,9,9,0,873.94,True,False,False
phase1_open,phase1,X12,12,mixed,3,True,2,8,2,12,455.0,4.541,2.383,9,9,0,868.94,True,False,False
phase1_open,phase1,X13,13,mixed,3,True,2,8,3,13,515.0,4.541,2.383,9,9,0,863.94,True,False,False
phase1_open,phase1,X14,14,mixed,3,True,2,8,4,14,575.0,4.541,2.383,9,9,0,858.94,True,False,False
phase1_open,phase1,X15,15,mixed,3,True,2,8,5,15,635.0,4.541,2.383,9,9,0,853.94,True,False,False
phase1_open,phase1,X16,16,mixed,3,True,2,8,6,16,695.0,4.541,2.383,9,9,0,848.94,True,False,False
phase1_open,phase1,X11,11,mixed,2,False,2,9,0,11,375.0,4.541,2.383,9,9,0,874.94,True,False,False
phase1_open,phase1,X12,12,mixed,3,True,2,9,1,12,435.0,4.541,2.383,9,9,0,869.94,True,False,False
phase1_open,phase1,X13,13,mixed,3,True,2,9,2,13,495.0,4.541,2.383,9,9,0,864.94,True,False,False
phase1_open,phase1,X14,14,mixed,3,True,2,9,3,14,555.0,4.541,2.383,9,9,0,859.94,True,False,False
phase1_open,phase1,X15,15,mixed,3,True,2,9,4,15,615.0,4.541,2.383,9,9,0,854.94,True,False,False
phase1_open,phase1,X16,16,mixed,3,True,2,9,5,16,675.0,4.541,2.383,9,9,0,849.94,True,False,False
phase1_open,phase1,X12,12,mixed,2,False,2,10,0,12,415.0,4.541,2.383,9,9,0,870.94,True,False,False
phase1_open,phase1,X13,13,mixed,3,True,2,10,1,13,475.0,4.541,2.383,9,9,0,865.94,True,False,False
phase1_open,phase1,X14,14,mixed,3,True,2,10,2,14,535.0,4.541,2.383,9,9,0,860.94,True,False,False
phase1_open,phase1,X15,15,mixed,3,True,2,10,3,15,595.0,4.541,2.383,9,9,0,855.94,True,False,False
phase1_open,phase1,X16,16,mixed,3,True,2,10,4,16,655.0,4.541,2.383,9,9,0,850.94,True,False,False
phase1_open,phase1,X13,13,mixed,2,False,2,11,0,13,455.0,4.541,2.383,9,9,0,866.94,True,False,False
phase1_open,phase1,X14,14,mixed,3,True,2,11,1,14,515.0,4.541,2.383,9,9,0,861.94,True,False,False
phase1_open,phase1,X15,15,mixed,3,True,2,11,2,15,575.0,4.541,2.383,9,9,0,856.94,True,False,False
phase1_open,phase1,X16,16,mixed,3,True,2,11,3,16,635.0,4.541,2.383,9,9,0,851.94,True,False,False
phase1_open,phase1,X14,14,mixed,2,False,2,12,0,14,495.0,4.541,2.383,9,9,0,862.94,True,False,False
phase1_open,phase1,X15,15,mixed,3,True,2,12,1,15,555.0,4.541,2.383,9,9,0,857.94,True,False,False
phase1_open,phase1,X16,16,mixed,3,True,2,12,2,16,615.0,4.541,2.383,9,9,0,852.94,True,False,False
phase1_open,phase1,X15,15,mixed,2,False,2,13,0,15,535.0,4.541,2.383,9,9,0,858.94,True,False,False
phase1_open,phase1,X16,16,mixed,3,True,2,13,1,16,595.0,4.541,2.383,9,9,0,853.94,True,False,False
phase1_open,phase1,X16,16,mixed,2,False,2,14,0,16,575.0,4.541,2.383,9,9,0,854.94,True,False,False
phase1_open,phase1,X3,3,homogeneous_micro,1,False,3,0,0,3,22.5,1.686,2.033,5,9,3,-999999995.0,False,False,False
phase1_open,phase1,X4,4,mixed,2,False,3,0,1,4,82.5,4.691,2.424,6,9,2,-999999994.0,True,False,False
phase1_open,phase1,X5,5,mixed,2,False,3,0,2,5,142.5,4.722,2.502,8,9,2,-999999992.0,True,False,False
phase1_open,phase1,X6,6,mixed,2,False,3,0,3,6,202.5,4.722,2.527,9,9,0,889.94,True,False,False
phase1_open,phase1,X7,7,mixed,2,False,3,0,4,7,262.5,4.722,2.509,9,9,0,884.94,True,False,False
phase1_open,phase1,X8,8,mixed,2,False,3,0,5,8,322.5,4.722,2.517,9,9,0,879.94,True,False,False
phase1_open,phase1,X9,9,mixed,2,False,3,0,6,9,382.5,4.722,2.517,9,9,0,874.94,True,False,False
phase1_open,phase1,X10,10,mixed,2,False,3,0,7,10,442.5,4.722,2.517,9,9,0,869.94,True,False,False
phase1_open,phase1,X11,11,mixed,2,False,3,0,8,11,502.5,4.722,2.517,9,9,0,864.94,True,False,False
phase1_open,phase1,X12,12,mixed,2,False,3,0,9,12,562.5,4.722,2.517,9,9,0,859.94,True,False,False
phase1_open,phase1,X13,13,mixed,2,False,3,0,10,13,622.5,4.722,2.517,9,9,0,854.94,True,False,False
phase1_open,phase1,X14,14,mixed,2,False,3,0,11,14,682.5,4.722,2.517,9,9,0,849.94,True,False,False
phase1_open,phase1,X15,15,mixed,2,False,3,0,12,15,742.5,4.722,2.517,9,9,0,844.94,True,False,False
phase1_open,phase1,X16,16,mixed,2,False,3,0,13,16,802.5,4.722,2.517,9,9,0,839.94,True,False,False
phase1_open,phase1,X4,4,mixed,2,False,3,1,0,4,62.5,4.299,2.31,6,9,2,-999999994.0,True,False,False
phase1_open,phase1,X5,5,mixed,3,True,3,1,1,5,122.5,4.524,2.409,8,9,2,-999999992.0,True,False,False
phase1_open,phase1,X6,6,mixed,3,True,3,1,2,6,182.5,4.524,2.448,9,9,1,894.9,True,False,False
phase1_open,phase1,X7,7,mixed,3,True,3,1,3,7,242.5,4.524,2.431,9,9,0,889.9,True,False,False
phase1_open,phase1,X8,8,mixed,3,True,3,1,4,8,302.5,4.524,2.445,9,9,0,884.9,True,False,False
phase1_open,phase1,X9,9,mixed,3,True,3,1,5,9,362.5,4.524,2.446,9,9,0,879.9,True,False,False
phase1_open,phase1,X10,10,mixed,3,True,3,1,6,10,422.5,4.524,2.446,9,9,0,874.9,True,False,False
phase1_open,phase1,X11,11,mixed,3,True,3,1,7,11,482.5,4.524,2.446,9,9,0,869.9,True,False,False
phase1_open,phase1,X12,12,mixed,3,True,3,1,8,12,542.5,4.524,2.446,9,9,0,864.9,True,False,False
phase1_open,phase1,X13,13,mixed,3,True,3,1,9,13,602.5,4.524,2.446,9,9,0,859.9,True,False,False
phase1_open,phase1,X14,14,mixed,3,True,3,1,10,14,662.5,4.524,2.446,9,9,0,854.9,True,False,False
phase1_open,phase1,X15,15,mixed,3,True,3,1,11,15,722.5,4.524,2.446,9,9,0,849.9,True,False,False
phase1_open,phase1,X16,16,mixed,3,True,3,1,12,16,782.5,4.524,2.446,9,9,0,844.9,True,False,False
phase1_open,phase1,X5,5,mixed,2,False,3,2,0,5,102.5,4.5,2.367,8,9,2,-999999992.0,True,False,False
phase1_open,phase1,X6,6,mixed,3,True,3,2,1,6,162.5,4.5,2.378,9,9,1,896.38,True,False,False
phase1_open,phase1,X7,7,mixed,3,True,3,2,2,7,222.5,4.5,2.363,9,9,0,891.38,True,False,False
phase1_open,phase1,X8,8,mixed,3,True,3,2,3,8,282.5,4.5,2.381,9,9,0,886.38,True,False,False
phase1_open,phase1,X9,9,mixed,3,True,3,2,4,9,342.5,4.5,2.384,9,9,0,881.38,True,False,False
phase1_open,phase1,X10,10,mixed,3,True,3,2,5,10,402.5,4.5,2.384,9,9,0,876.38,True,False,False
phase1_open,phase1,X11,11,mixed,3,True,3,2,6,11,462.5,4.5,2.384,9,9,0,871.38,True,False,False
phase1_open,phase1,X12,12,mixed,3,True,3,2,7,12,522.5,4.5,2.384,9,9,0,866.38,True,False,False
phase1_open,phase1,X13,13,mixed,3,True,3,2,8,13,582.5,4.5,2.384,9,9,0,861.38,True,False,False
phase1_open,phase1,X14,14,mixed,3,True,3,2,9,14,642.5,4.5,2.384,9,9,0,856.38,True,False,False
phase1_open,phase1,X15,15,mixed,3,True,3,2,10,15,702.5,4.5,2.384,9,9,0,851.38,True,False,False
phase1_open,phase1,X16,16,mixed,3,True,3,2,11,16,762.5,4.5,2.384,9,9,0,846.38,True,False,False
phase1_open,phase1,X6,6,mixed,2,False,3,3,0,6,142.5,4.5,2.357,8,9,2,-999999992.0,True,False,False
phase1_open,phase1,X7,7,mixed,3,True,3,3,1,7,202.5,4.5,2.382,9,9,0,892.38,True,False,False
phase1_open,phase1,X8,8,mixed,3,True,3,3,2,8,262.5,4.5,2.367,9,9,0,887.38,True,False,False
phase1_open,phase1,X9,9,mixed,3,True,3,3,3,9,322.5,4.5,2.375,9,9,0,882.38,True,False,False
phase1_open,phase1,X10,10,mixed,3,True,3,3,4,10,382.5,4.5,2.375,9,9,0,877.38,True,False,False
phase1_open,phase1,X11,11,mixed,3,True,3,3,5,11,442.5,4.5,2.375,9,9,0,872.38,True,False,False
phase1_open,phase1,X12,12,mixed,3,True,3,3,6,12,502.5,4.5,2.375,9,9,0,867.38,True,False,False
phase1_open,phase1,X13,13,mixed,3,True,3,3,7,13,562.5,4.5,2.375,9,9,0,862.38,True,False,False
phase1_open,phase1,X14,14,mixed,3,True,3,3,8,14,622.5,4.5,2.375,9,9,0,857.38,True,False,False
phase1_open,phase1,X15,15,mixed,3,True,3,3,9,15,682.5,4.5,2.375,9,9,0,852.38,True,False,False
phase1_open,phase1,X16,16,mixed,3,True,3,3,10,16,742.5,4.5,2.375,9,9,0,847.38,True,False,False
phase1_open,phase1,X7,7,mixed,2,False,3,4,0,7,182.5,4.5,2.374,9,9,1,893.38,True,False,False
phase1_open,phase1,X8,8,mixed,3,True,3,4,1,8,242.5,4.5,2.358,9,9,0,888.38,True,False,False
phase1_open,phase1,X9,9,mixed,3,True,3,4,2,9,302.5,4.5,2.373,9,9,0,883.38,True,False,False
phase1_open,phase1,X10,10,mixed,3,True,3,4,3,10,362.5,4.5,2.373,9,9,0,878.38,True,False,False
phase1_open,phase1,X11,11,mixed,3,True,3,4,4,11,422.5,4.5,2.373,9,9,0,873.38,True,False,False
phase1_open,phase1,X12,12,mixed,3,True,3,4,5,12,482.5,4.5,2.373,9,9,0,868.38,True,False,False
phase1_open,phase1,X13,13,mixed,3,True,3,4,6,13,542.5,4.5,2.373,9,9,0,863.38,True,False,False
phase1_open,phase1,X14,14,mixed,3,True,3,4,7,14,602.5,4.5,2.373,9,9,0,858.38,True,False,False
phase1_open,phase1,X15,15,mixed,3,True,3,4,8,15,662.5,4.5,2.373,9,9,0,853.38,True,False,False
phase1_open,phase1,X16,16,mixed,3,True,3,4,9,16,722.5,4.5,2.373,9,9,0,848.38,True,False,False
phase1_open,phase1,X8,8,mixed,2,False,3,5,0,8,222.5,4.5,2.351,9,9,0,889.38,True,False,False
phase1_open,phase1,X9,9,mixed,3,True,3,5,1,9,282.5,4.5,2.368,9,9,0,884.38,True,False,False
phase1_open,phase1,X10,10,mixed,3,True,3,5,2,10,342.5,4.5,2.372,9,9,0,879.38,True,False,False
phase1_open,phase1,X11,11,mixed,3,True,3,5,3,11,402.5,4.5,2.372,9,9,0,874.38,True,False,False
phase1_open,phase1,X12,12,mixed,3,True,3,5,4,12,462.5,4.5,2.372,9,9,0,869.38,True,False,False
phase1_open,phase1,X13,13,mixed,3,True,3,5,5,13,522.5,4.5,2.372,9,9,0,864.38,True,False,False
phase1_open,phase1,X14,14,mixed,3,True,3,5,6,14,582.5,4.5,2.372,9,9,0,859.38,True,False,False
phase1_open,phase1,X15,15,mixed,3,True,3,5,7,15,642.5,4.5,2.372,9,9,0,854.38,True,False,False
phase1_open,phase1,X16,16,mixed,3,True,3,5,8,16,702.5,4.5,2.372,9,9,0,849.38,True,False,False
phase1_open,phase1,X9,9,mixed,2,False,3,6,0,9,262.5,4.5,2.363,9,9,0,885.38,True,False,False
phase1_open,phase1,X10,10,mixed,3,True,3,6,1,10,322.5,4.5,2.371,9,9,0,880.38,True,False,False
phase1_open,phase1,X11,11,mixed,3,True,3,6,2,11,382.5,4.5,2.371,9,9,0,875.38,True,False,False
phase1_open,phase1,X12,12,mixed,3,True,3,6,3,12,442.5,4.5,2.371,9,9,0,870.38,True,False,False
phase1_open,phase1,X13,13,mixed,3,True,3,6,4,13,502.5,4.5,2.371,9,9,0,865.38,True,False,False
phase1_open,phase1,X14,14,mixed,3,True,3,6,5,14,562.5,4.5,2.371,9,9,0,860.38,True,False,False
phase1_open,phase1,X15,15,mixed,3,True,3,6,6,15,622.5,4.5,2.371,9,9,0,855.38,True,False,False
phase1_open,phase1,X16,16,mixed,3,True,3,6,7,16,682.5,4.5,2.371,9,9,0,850.38,True,False,False
phase1_open,phase1,X10,10,mixed,2,False,3,7,0,10,302.5,4.5,2.37,9,9,0,881.38,True,False,False
phase1_open,phase1,X11,11,mixed,3,True,3,7,1,11,362.5,4.5,2.37,9,9,0,876.38,True,False,False
phase1_open,phase1,X12,12,mixed,3,True,3,7,2,12,422.5,4.5,2.37,9,9,0,871.38,True,False,False
phase1_open,phase1,X13,13,mixed,3,True,3,7,3,13,482.5,4.5,2.37,9,9,0,866.38,True,False,False
phase1_open,phase1,X14,14,mixed,3,True,3,7,4,14,542.5,4.5,2.37,9,9,0,861.38,True,False,False
phase1_open,phase1,X15,15,mixed,3,True,3,7,5,15,602.5,4.5,2.37,9,9,0,856.38,True,False,False
phase1_open,phase1,X16,16,mixed,3,True,3,7,6,16,662.5,4.5,2.37,9,9,0,851.38,True,False,False
phase1_open,phase1,X11,11,mixed,2,False,3,8,0,11,342.5,4.5,2.37,9,9,0,877.38,True,False,False
phase1_open,phase1,X12,12,mixed,3,True,3,8,1,12,402.5,4.5,2.37,9,9,0,872.38,True,False,False
phase1_open,phase1,X13,13,mixed,3,True,3,8,2,13,462.5,4.5,2.37,9,9,0,867.38,True,False,False
phase1_open,phase1,X14,14,mixed,3,True,3,8,3,14,522.5,4.5,2.37,9,9,0,862.38,True,False,False
phase1_open,phase1,X15,15,mixed,3,True,3,8,4,15,582.5,4.5,2.37,9,9,0,857.38,True,False,False
phase1_open,phase1,X16,16,mixed,3,True,3,8,5,16,642.5,4.5,2.37,9,9,0,852.38,True,False,False
phase1_open,phase1,X12,12,mixed,2,False,3,9,0,12,382.5,4.5,2.37,9,9,0,873.38,True,False,False
phase1_open,phase1,X13,13,mixed,3,True,3,9,1,13,442.5,4.5,2.37,9,9,0,868.38,True,False,False
phase1_open,phase1,X14,14,mixed,3,True,3,9,2,14,502.5,4.5,2.37,9,9,0,863.38,True,False,False
phase1_open,phase1,X15,15,mixed,3,True,3,9,3,15,562.5,4.5,2.37,9,9,0,858.38,True,False,False
phase1_open,phase1,X16,16,mixed,3,True,3,9,4,16,622.5,4.5,2.37,9,9,0,853.38,True,False,False
phase1_open,phase1,X13,13,mixed,2,False,3,10,0,13,422.5,4.5,2.37,9,9,0,869.38,True,False,False
phase1_open,phase1,X14,14,mixed,3,True,3,10,1,14,482.5,4.5,2.37,9,9,0,864.38,True,False,False
phase1_open,phase1,X15,15,mixed,3,True,3,10,2,15,542.5,4.5,2.37,9,9,0,859.38,True,False,False
phase1_open,phase1,X16,16,mixed,3,True,3,10,3,16,602.5,4.5,2.37,9,9,0,854.38,True,False,False
phase1_open,phase1,X14,14,mixed,2,False,3,11,0,14,462.5,4.5,2.37,9,9,0,865.38,True,False,False
phase1_open,phase1,X15,15,mixed,3,True,3,11,1,15,522.5,4.5,2.37,9,9,0,860.38,True,False,False
phase1_open,phase1,X16,16,mixed,3,True,3,11,2,16,582.5,4.5,2.37,9,9,0,855.38,True,False,False
phase1_open,phase1,X15,15,mixed,2,False,3,12,0,15,502.5,4.5,2.37,9,9,0,861.38,True,False,False
phase1_open,phase1,X16,16,mixed,3,True,3,12,1,16,562.5,4.5,2.37,9,9,0,856.38,True,False,False
phase1_open,phase1,X16,16,mixed,2,False,3,13,0,16,542.5,4.5,2.37,9,9,0,857.38,True,False,False
phase1_open,phase1,X4,4,homogeneous_micro,1,False,4,0,0,4,30.0,2.248,2.084,5,9,2,-999999995.0,False,False,False
phase1_open,phase1,X5,5,mixed,2,False,4,0,1,5,90.0,4.626,2.436,6,9,2,-999999994.0,True,False,False
phase1_open,phase1,X6,6,mixed,2,False,4,0,2,6,150.0,4.633,2.481,9,9,1,894.34,True,False,False
phase1_open,phase1,X7,7,mixed,2,False,4,0,3,7,210.0,4.633,2.484,9,9,0,889.34,True,False,False
phase1_open,phase1,X8,8,mixed,2,False,4,0,4,8,270.0,4.633,2.485,9,9,0,884.34,True,False,False
phase1_open,phase1,X9,9,mixed,2,False,4,0,5,9,330.0,4.633,2.491,9,9,0,879.34,True,False,False
phase1_open,phase1,X10,10,mixed,2,False,4,0,6,10,390.0,4.633,2.491,9,9,0,874.34,True,False,False
phase1_open,phase1,X11,11,mixed,2,False,4,0,7,11,450.0,4.633,2.491,9,9,0,869.34,True,False,False
phase1_open,phase1,X12,12,mixed,2,False,4,0,8,12,510.0,4.633,2.491,9,9,0,864.34,True,False,False
phase1_open,phase1,X13,13,mixed,2,False,4,0,9,13,570.0,4.633,2.491,9,9,0,859.34,True,False,False
phase1_open,phase1,X14,14,mixed,2,False,4,0,10,14,630.0,4.633,2.491,9,9,0,854.34,True,False,False
phase1_open,phase1,X15,15,mixed,2,False,4,0,11,15,690.0,4.633,2.491,9,9,0,849.34,True,False,False
phase1_open,phase1,X16,16,mixed,2,False,4,0,12,16,750.0,4.633,2.491,9,9,0,844.34,True,False,False
phase1_open,phase1,X5,5,mixed,2,False,4,1,0,5,70.0,4.349,2.267,6,9,2,-999999994.0,True,False,False
phase1_open,phase1,X6,6,mixed,3,True,4,1,1,6,130.0,4.473,2.393,8,9,2,-999999992.0,True,False,False
phase1_open,phase1,X7,7,mixed,3,True,4,1,2,7,190.0,4.473,2.425,9,9,0,893.54,True,False,False
phase1_open,phase1,X8,8,mixed,3,True,4,1,3,8,250.0,4.473,2.409,9,9,0,888.54,True,False,False
phase1_open,phase1,X9,9,mixed,3,True,4,1,4,9,310.0,4.473,2.421,9,9,0,883.54,True,False,False
phase1_open,phase1,X10,10,mixed,3,True,4,1,5,10,370.0,4.473,2.421,9,9,0,878.54,True,False,False
phase1_open,phase1,X11,11,mixed,3,True,4,1,6,11,430.0,4.473,2.421,9,9,0,873.54,True,False,False
phase1_open,phase1,X12,12,mixed,3,True,4,1,7,12,490.0,4.473,2.421,9,9,0,868.54,True,False,False
phase1_open,phase1,X13,13,mixed,3,True,4,1,8,13,550.0,4.473,2.421,9,9,0,863.54,True,False,False
phase1_open,phase1,X14,14,mixed,3,True,4,1,9,14,610.0,4.473,2.421,9,9,0,858.54,True,False,False
phase1_open,phase1,X15,15,mixed,3,True,4,1,10,15,670.0,4.473,2.421,9,9,0,853.54,True,False,False
phase1_open,phase1,X16,16,mixed,3,True,4,1,11,16,730.0,4.473,2.421,9,9,0,848.54,True,False,False
phase1_open,phase1,X6,6,mixed,2,False,4,2,0,6,110.0,4.459,2.345,8,9,2,-999999992.0,True,False,False
phase1_open,phase1,X7,7,mixed,3,True,4,2,1,7,170.0,4.459,2.361,9,9,1,894.83,True,False,False
phase1_open,phase1,X8,8,mixed,3,True,4,2,2,8,230.0,4.459,2.346,9,9,0,889.83,True,False,True
phase1_open,phase1,X9,9,mixed,3,True,4,2,3,9,290.0,4.459,2.362,9,9,0,884.83,True,False,False
phase1_open,phase1,X10,10,mixed,3,True,4,2,4,10,350.0,4.459,2.365,9,9,0,879.83,True,False,False
phase1_open,phase1,X11,11,mixed,3,True,4,2,5,11,410.0,4.459,2.365,9,9,0,874.83,True,False,False
phase1_open,phase1,X12,12,mixed,3,True,4,2,6,12,470.0,4.459,2.365,9,9,0,869.83,True,False,False
phase1_open,phase1,X13,13,mixed,3,True,4,2,7,13,530.0,4.459,2.365,9,9,0,864.83,True,False,False
phase1_open,phase1,X14,14,mixed,3,True,4,2,8,14,590.0,4.459,2.365,9,9,0,859.83,True,False,False
phase1_open,phase1,X15,15,mixed,3,True,4,2,9,15,650.0,4.459,2.365,9,9,0,854.83,True,False,False
phase1_open,phase1,X16,16,mixed,3,True,4,2,10,16,710.0,4.459,2.365,9,9,0,849.83,True,False,False
phase1_open,phase1,X7,7,mixed,2,False,4,3,0,7,150.0,4.459,2.35,9,9,1,895.83,True,False,False
phase1_open,phase1,X8,8,mixed,3,True,4,3,1,8,210.0,4.459,2.354,9,9,0,890.83,True,False,False
phase1_open,phase1,X9,9,mixed,3,True,4,3,2,9,270.0,4.459,2.356,9,9,0,885.83,True,False,False
phase1_open,phase1,X10,10,mixed,3,True,4,3,3,10,330.0,4.459,2.362,9,9,0,880.83,True,False,False
phase1_open,phase1,X11,11,mixed,3,True,4,3,4,11,390.0,4.459,2.362,9,9,0,875.83,True,False,False
phase1_open,phase1,X12,12,mixed,3,True,4,3,5,12,450.0,4.459,2.362,9,9,0,870.83,True,False,False
phase1_open,phase1,X13,13,mixed,3,True,4,3,6,13,510.0,4.459,2.362,9,9,0,865.83,True,False,False
phase1_open,phase1,X14,14,mixed,3,True,4,3,7,14,570.0,4.459,2.362,9,9,0,860.83,True,False,False
phase1_open,phase1,X15,15,mixed,3,True,4,3,8,15,630.0,4.459,2.362,9,9,0,855.83,True,False,False
phase1_open,phase1,X16,16,mixed,3,True,4,3,9,16,690.0,4.459,2.362,9,9,0,850.83,True,False,False
phase1_open,phase1,X8,8,mixed,2,False,4,4,0,8,190.0,4.459,2.364,9,9,0,891.83,True,False,False
phase1_open,phase1,X9,9,mixed,3,True,4,4,1,9,250.0,4.459,2.348,9,9,0,886.83,True,False,False
phase1_open,phase1,X10,10,mixed,3,True,4,4,2,10,310.0,4.459,2.361,9,9,0,881.83,True,False,False
phase1_open,phase1,X11,11,mixed,3,True,4,4,3,11,370.0,4.459,2.361,9,9,0,876.83,True,False,False
phase1_open,phase1,X12,12,mixed,3,True,4,4,4,12,430.0,4.459,2.361,9,9,0,871.83,True,False,False
phase1_open,phase1,X13,13,mixed,3,True,4,4,5,13,490.0,4.459,2.361,9,9,0,866.83,True,False,False
phase1_open,phase1,X14,14,mixed,3,True,4,4,6,14,550.0,4.459,2.361,9,9,0,861.83,True,False,False
phase1_open,phase1,X15,15,mixed,3,True,4,4,7,15,610.0,4.459,2.361,9,9,0,856.83,True,False,False
phase1_open,phase1,X16,16,mixed,3,True,4,4,8,16,670.0,4.459,2.361,9,9,0,851.83,True,False,False
phase1_open,phase1,X9,9,mixed,2,False,4,5,0,9,230.0,4.459,2.34,9,9,0,887.83,True,False,False
phase1_open,phase1,X10,10,mixed,3,True,4,5,1,10,290.0,4.459,2.357,9,9,0,882.83,True,False,False
phase1_open,phase1,X11,11,mixed,3,True,4,5,2,11,350.0,4.459,2.359,9,9,0,877.83,True,False,False
phase1_open,phase1,X12,12,mixed,3,True,4,5,3,12,410.0,4.459,2.359,9,9,0,872.83,True,False,False
phase1_open,phase1,X13,13,mixed,3,True,4,5,4,13,470.0,4.459,2.359,9,9,0,867.83,True,False,False
phase1_open,phase1,X14,14,mixed,3,True,4,5,5,14,530.0,4.459,2.359,9,9,0,862.83,True,False,False
phase1_open,phase1,X15,15,mixed,3,True,4,5,6,15,590.0,4.459,2.359,9,9,0,857.83,True,False,False
phase1_open,phase1,X16,16,mixed,3,True,4,5,7,16,650.0,4.459,2.359,9,9,0,852.83,True,False,False
phase1_open,phase1,X10,10,mixed,2,False,4,6,0,10,270.0,4.459,2.352,9,9,0,883.83,True,False,False
phase1_open,phase1,X11,11,mixed,3,True,4,6,1,11,330.0,4.459,2.358,9,9,0,878.83,True,False,False
phase1_open,phase1,X12,12,mixed,3,True,4,6,2,12,390.0,4.459,2.358,9,9,0,873.83,True,False,False
phase1_open,phase1,X13,13,mixed,3,True,4,6,3,13,450.0,4.459,2.358,9,9,0,868.83,True,False,False
phase1_open,phase1,X14,14,mixed,3,True,4,6,4,14,510.0,4.459,2.358,9,9,0,863.83,True,False,False
phase1_open,phase1,X15,15,mixed,3,True,4,6,5,15,570.0,4.459,2.358,9,9,0,858.83,True,False,False
phase1_open,phase1,X16,16,mixed,3,True,4,6,6,16,630.0,4.459,2.358,9,9,0,853.83,True,False,False
phase1_open,phase1,X11,11,mixed,2,False,4,7,0,11,310.0,4.459,2.358,9,9,0,879.83,True,False,False
phase1_open,phase1,X12,12,mixed,3,True,4,7,1,12,370.0,4.459,2.358,9,9,0,874.83,True,False,False
phase1_open,phase1,X13,13,mixed,3,True,4,7,2,13,430.0,4.459,2.358,9,9,0,869.83,True,False,False
phase1_open,phase1,X14,14,mixed,3,True,4,7,3,14,490.0,4.459,2.358,9,9,0,864.83,True,False,False
phase1_open,phase1,X15,15,mixed,3,True,4,7,4,15,550.0,4.459,2.358,9,9,0,859.83,True,False,False
phase1_open,phase1,X16,16,mixed,3,True,4,7,5,16,610.0,4.459,2.358,9,9,0,854.83,True,False,False
phase1_open,phase1,X12,12,mixed,2,False,4,8,0,12,350.0,4.459,2.358,9,9,0,875.83,True,False,False
phase1_open,phase1,X13,13,mixed,3,True,4,8,1,13,410.0,4.459,2.358,9,9,0,870.83,True,False,False
phase1_open,phase1,X14,14,mixed,3,True,4,8,2,14,470.0,4.459,2.358,9,9,0,865.83,True,False,False
phase1_open,phase1,X15,15,mixed,3,True,4,8,3,15,530.0,4.459,2.358,9,9,0,860.83,True,False,False
phase1_open,phase1,X16,16,mixed,3,True,4,8,4,16,590.0,4.459,2.358,9,9,0,855.83,True,False,False
phase1_open,phase1,X13,13,mixed,2,False,4,9,0,13,390.0,4.459,2.358,9,9,0,871.83,True,False,False
phase1_open,phase1,X14,14,mixed,3,True,4,9,1,14,450.0,4.459,2.358,9,9,0,866.83,True,False,False
phase1_open,phase1,X15,15,mixed,3,True,4,9,2,15,510.0,4.459,2.358,9,9,0,861.83,True,False,False
phase1_open,phase1,X16,16,mixed,3,True,4,9,3,16,570.0,4.459,2.358,9,9,0,856.83,True,False,False
phase1_open,phase1,X14,14,mixed,2,False,4,10,0,14,430.0,4.459,2.358,9,9,0,867.83,True,False,False
phase1_open,phase1,X15,15,mixed,3,True,4,10,1,15,490.0,4.459,2.358,9,9,0,862.83,True,False,False
phase1_open,phase1,X16,16,mixed,3,True,4,10,2,16,550.0,4.459,2.358,9,9,0,857.83,True,False,False
phase1_open,phase1,X15,15,mixed,2,False,4,11,0,15,470.0,4.459,2.358,9,9,0,863.83,True,False,False
phase1_open,phase1,X16,16,mixed,3,True,4,11,1,16,530.0,4.459,2.358,9,9,0,858.83,True,False,False
phase1_open,phase1,X16,16,mixed,2,False,4,12,0,16,510.0,4.459,2.358,9,9,0,859.83,True,False,False
phase1_open,phase1,X5,5,homogeneous_micro,1,False,5,0,0,5,37.5,2.806,2.135,6,9,2,-999999994.0,False,False,False
phase1_open,phase1,X6,6,mixed,2,False,5,0,1,6,97.5,4.545,2.451,7,9,2,-999999993.0,True,False,False
phase1_open,phase1,X7,7,mixed,2,False,5,0,2,7,157.5,4.545,2.458,9,9,1,893.72,True,False,False
phase1_open,phase1,X8,8,mixed,2,False,5,0,3,8,217.5,4.545,2.441,9,9,0,888.72,True,False,False
phase1_open,phase1,X9,9,mixed,2,False,5,0,4,9,277.5,4.545,2.459,9,9,0,883.72,True,False,False
phase1_open,phase1,X10,10,mixed,2,False,5,0,5,10,337.5,4.545,2.464,9,9,0,878.72,True,False,False
phase1_open,phase1,X11,11,mixed,2,False,5,0,6,11,397.5,4.545,2.464,9,9,0,873.72,True,False,False
phase1_open,phase1,X12,12,mixed,2,False,5,0,7,12,457.5,4.545,2.464,9,9,0,868.72,True,False,False
phase1_open,phase1,X13,13,mixed,2,False,5,0,8,13,517.5,4.545,2.464,9,9,0,863.72,True,False,False
phase1_open,phase1,X14,14,mixed,2,False,5,0,9,14,577.5,4.545,2.464,9,9,0,858.72,True,False,False
phase1_open,phase1,X15,15,mixed,2,False,5,0,10,15,637.5,4.545,2.464,9,9,0,853.72,True,False,False
phase1_open,phase1,X16,16,mixed,2,False,5,0,11,16,697.5,4.545,2.464,9,9,0,848.72,True,False,False
phase1_open,phase1,X6,6,mixed,2,False,5,1,0,6,77.5,4.36,2.262,6,9,2,-999999994.0,True,False,False
phase1_open,phase1,X7,7,mixed,3,True,5,1,1,7,137.5,4.425,2.375,8,9,2,-999999992.0,True,False,False
phase1_open,phase1,X8,8,mixed,3,True,5,1,2,8,197.5,4.425,2.403,9,9,0,892.12,True,False,False
phase1_open,phase1,X9,9,mixed,3,True,5,1,3,9,257.5,4.425,2.387,9,9,0,887.12,True,False,False
phase1_open,phase1,X10,10,mixed,3,True,5,1,4,10,317.5,4.425,2.397,9,9,0,882.12,True,False,False
phase1_open,phase1,X11,11,mixed,3,True,5,1,5,11,377.5,4.425,2.397,9,9,0,877.12,True,False,False
phase1_open,phase1,X12,12,mixed,3,True,5,1,6,12,437.5,4.425,2.397,9,9,0,872.12,True,False,False
phase1_open,phase1,X13,13,mixed,3,True,5,1,7,13,497.5,4.425,2.397,9,9,0,867.12,True,False,False
phase1_open,phase1,X14,14,mixed,3,True,5,1,8,14,557.5,4.425,2.397,9,9,0,862.12,True,False,False
phase1_open,phase1,X15,15,mixed,3,True,5,1,9,15,617.5,4.425,2.397,9,9,0,857.12,True,False,False
phase1_open,phase1,X16,16,mixed,3,True,5,1,10,16,677.5,4.425,2.397,9,9,0,852.12,True,False,False
phase1_open,phase1,X7,7,mixed,2,False,5,2,0,7,117.5,4.418,2.325,8,9,2,-999999992.0,True,False,False
phase1_open,phase1,X8,8,mixed,3,True,5,2,1,8,177.5,4.418,2.351,9,9,1,893.27,True,False,False
phase1_open,phase1,X9,9,mixed,3,True,5,2,2,9,237.5,4.418,2.335,9,9,0,888.27,True,False,False
phase1_open,phase1,X10,10,mixed,3,True,5,2,3,10,297.5,4.418,2.351,9,9,0,883.27,True,False,False
phase1_open,phase1,X11,11,mixed,3,True,5,2,4,11,357.5,4.418,2.352,9,9,0,878.27,True,False,False
phase1_open,phase1,X12,12,mixed,3,True,5,2,5,12,417.5,4.418,2.352,9,9,0,873.27,True,False,False
phase1_open,phase1,X13,13,mixed,3,True,5,2,6,13,477.5,4.418,2.352,9,9,0,868.27,True,False,False
phase1_open,phase1,X14,14,mixed,3,True,5,2,7,14,537.5,4.418,2.352,9,9,0,863.27,True,False,False
phase1_open,phase1,X15,15,mixed,3,True,5,2,8,15,597.5,4.418,2.352,9,9,0,858.27,True,False,False
phase1_open,phase1,X16,16,mixed,3,True,5,2,9,16,657.5,4.418,2.352,9,9,0,853.27,True,False,False
phase1_open,phase1,X8,8,mixed,2,False,5,3,0,8,157.5,4.418,2.341,9,9,1,894.27,True,False,False
phase1_open,phase1,X9,9,mixed,3,True,5,3,1,9,217.5,4.418,2.326,9,9,0,889.27,True,False,False
phase1_open,phase1,X10,10,mixed,3,True,5,3,2,10,277.5,4.418,2.344,9,9,0,884.27,True,False,False
phase1_open,phase1,X11,11,mixed,3,True,5,3,3,11,337.5,4.418,2.349,9,9,0,879.27,True,False,False
phase1_open,phase1,X12,12,mixed,3,True,5,3,4,12,397.5,4.418,2.349,9,9,0,874.27,True,False,False
phase1_open,phase1,X13,13,mixed,3,True,5,3,5,13,457.5,4.418,2.349,9,9,0,869.27,True,False,False
phase1_open,phase1,X14,14,mixed,3,True,5,3,6,14,517.5,4.418,2.349,9,9,0,864.27,True,False,False
phase1_open,phase1,X15,15,mixed,3,True,5,3,7,15,577.5,4.418,2.349,9,9,0,859.27,True,False,False
phase1_open,phase1,X16,16,mixed,3,True,5,3,8,16,637.5,4.418,2.349,9,9,0,854.27,True,False,False
phase1_open,phase1,X9,9,mixed,2,False,5,4,0,9,197.5,4.418,2.354,9,9,0,890.27,True,False,False
phase1_open,phase1,X10,10,mixed,3,True,5,4,1,10,257.5,4.418,2.338,9,9,0,885.27,True,False,False
phase1_open,phase1,X11,11,mixed,3,True,5,4,2,11,317.5,4.418,2.348,9,9,0,880.27,True,False,False
phase1_open,phase1,X12,12,mixed,3,True,5,4,3,12,377.5,4.418,2.348,9,9,0,875.27,True,False,False
phase1_open,phase1,X13,13,mixed,3,True,5,4,4,13,437.5,4.418,2.348,9,9,0,870.27,True,False,False
phase1_open,phase1,X14,14,mixed,3,True,5,4,5,14,497.5,4.418,2.348,9,9,0,865.27,True,False,False
phase1_open,phase1,X15,15,mixed,3,True,5,4,6,15,557.5,4.418,2.348,9,9,0,860.27,True,False,False
phase1_open,phase1,X16,16,mixed,3,True,5,4,7,16,617.5,4.418,2.348,9,9,0,855.27,True,False,False
phase1_open,phase1,X10,10,mixed,2,False,5,5,0,10,237.5,4.418,2.331,9,9,0,886.27,True,False,False
phase1_open,phase1,X11,11,mixed,3,True,5,5,1,11,297.5,4.418,2.346,9,9,0,881.27,True,False,False
phase1_open,phase1,X12,12,mixed,3,True,5,5,2,12,357.5,4.418,2.347,9,9,0,876.27,True,False,False
phase1_open,phase1,X13,13,mixed,3,True,5,5,3,13,417.5,4.418,2.347,9,9,0,871.27,True,False,False
phase1_open,phase1,X14,14,mixed,3,True,5,5,4,14,477.5,4.418,2.347,9,9,0,866.27,True,False,False
phase1_open,phase1,X15,15,mixed,3,True,5,5,5,15,537.5,4.418,2.347,9,9,0,861.27,True,False,False
phase1_open,phase1,X16,16,mixed,3,True,5,5,6,16,597.5,4.418,2.347,9,9,0,856.27,True,False,False
phase1_open,phase1,X11,11,mixed,2,False,5,6,0,11,277.5,4.418,2.341,9,9,0,882.27,True,False,False
phase1_open,phase1,X12,12,mixed,3,True,5,6,1,12,337.5,4.418,2.346,9,9,0,877.27,True,False,False
phase1_open,phase1,X13,13,mixed,3,True,5,6,2,13,397.5,4.418,2.346,9,9,0,872.27,True,False,False
phase1_open,phase1,X14,14,mixed,3,True,5,6,3,14,457.5,4.418,2.346,9,9,0,867.27,True,False,False
phase1_open,phase1,X15,15,mixed,3,True,5,6,4,15,517.5,4.418,2.346,9,9,0,862.27,True,False,False
phase1_open,phase1,X16,16,mixed,3,True,5,6,5,16,577.5,4.418,2.346,9,9,0,857.27,True,False,False
phase1_open,phase1,X12,12,mixed,2,False,5,7,0,12,317.5,4.418,2.346,9,9,0,878.27,True,False,False
phase1_open,phase1,X13,13,mixed,3,True,5,7,1,13,377.5,4.418,2.346,9,9,0,873.27,True,False,False
phase1_open,phase1,X14,14,mixed,3,True,5,7,2,14,437.5,4.418,2.346,9,9,0,868.27,True,False,False
phase1_open,phase1,X15,15,mixed,3,True,5,7,3,15,497.5,4.418,2.346,9,9,0,863.27,True,False,False
phase1_open,phase1,X16,16,mixed,3,True,5,7,4,16,557.5,4.418,2.346,9,9,0,858.27,True,False,False
phase1_open,phase1,X13,13,mixed,2,False,5,8,0,13,357.5,4.418,2.346,9,9,0,874.27,True,False,False
phase1_open,phase1,X14,14,mixed,3,True,5,8,1,14,417.5,4.418,2.346,9,9,0,869.27,True,False,False
phase1_open,phase1,X15,15,mixed,3,True,5,8,2,15,477.5,4.418,2.346,9,9,0,864.27,True,False,False
phase1_open,phase1,X16,16,mixed,3,True,5,8,3,16,537.5,4.418,2.346,9,9,0,859.27,True,False,False
phase1_open,phase1,X14,14,mixed,2,False,5,9,0,14,397.5,4.418,2.346,9,9,0,870.27,True,False,False
phase1_open,phase1,X15,15,mixed,3,True,5,9,1,15,457.5,4.418,2.346,9,9,0,865.27,True,False,False
phase1_open,phase1,X16,16,mixed,3,True,5,9,2,16,517.5,4.418,2.346,9,9,0,860.27,True,False,False
phase1_open,phase1,X15,15,mixed,2,False,5,10,0,15,437.5,4.418,2.346,9,9,0,866.27,True,False,False
phase1_open,phase1,X16,16,mixed,3,True,5,10,1,16,497.5,4.418,2.346,9,9,0,861.27,True,False,False
phase1_open,phase1,X16,16,mixed,2,False,5,11,0,16,477.5,4.418,2.346,9,9,0,862.27,True,False,False
phase1_open,phase1,X6,6,homogeneous_micro,1,False,6,0,0,6,45.0,3.351,2.161,6,9,2,-999999994.0,False,False,False
phase1_open,phase1,X7,7,mixed,2,False,6,0,1,7,105.0,4.463,2.406,8,9,2,-999999992.0,True,False,False
phase1_open,phase1,X8,8,mixed,2,False,6,0,2,8,165.0,4.463,2.435,9,9,1,892.99,True,False,False
phase1_open,phase1,X9,9,mixed,2,False,6,0,3,9,225.0,4.463,2.418,9,9,0,887.99,True,False,False
phase1_open,phase1,X10,10,mixed,2,False,6,0,4,10,285.0,4.463,2.436,9,9,0,882.99,True,False,False
phase1_open,phase1,X11,11,mixed,2,False,6,0,5,11,345.0,4.463,2.439,9,9,0,877.99,True,False,False
phase1_open,phase1,X12,12,mixed,2,False,6,0,6,12,405.0,4.463,2.439,9,9,0,872.99,True,False,False
phase1_open,phase1,X13,13,mixed,2,False,6,0,7,13,465.0,4.463,2.439,9,9,0,867.99,True,False,False
phase1_open,phase1,X14,14,mixed,2,False,6,0,8,14,525.0,4.463,2.439,9,9,0,862.99,True,False,False
phase1_open,phase1,X15,15,mixed,2,False,6,0,9,15,585.0,4.463,2.439,9,9,0,857.99,True,False,False
phase1_open,phase1,X16,16,mixed,2,False,6,0,10,16,645.0,4.463,2.439,9,9,0,852.99,True,False,False
phase1_open,phase1,X7,7,mixed,2,False,6,1,0,7,85.0,4.362,2.269,6,9,2,-999999994.0,True,False,False
phase1_open,phase1,X8,8,mixed,3,True,6,1,1,8,145.0,4.382,2.358,8,9,2,-999999992.0,True,False,False
phase1_open,phase1,X9,9,mixed,3,True,6,1,2,9,205.0,4.382,2.364,9,9,0,890.61,True,False,False
phase1_open,phase1,X10,10,mixed,3,True,6,1,3,10,265.0,4.382,2.366,9,9,0,885.61,True,False,False
phase1_open,phase1,X11,11,mixed,3,True,6,1,4,11,325.0,4.382,2.373,9,9,0,880.61,True,False,False
phase1_open,phase1,X12,12,mixed,3,True,6,1,5,12,385.0,4.382,2.373,9,9,0,875.61,True,False,False
phase1_open,phase1,X13,13,mixed,3,True,6,1,6,13,445.0,4.382,2.373,9,9,0,870.61,True,False,False
phase1_open,phase1,X14,14,mixed,3,True,6,1,7,14,505.0,4.382,2.373,9,9,0,865.61,True,False,False
phase1_open,phase1,X15,15,mixed,3,True,6,1,8,15,565.0,4.382,2.373,9,9,0,860.61,True,False,False
phase1_open,phase1,X16,16,mixed,3,True,6,1,9,16,625.0,4.382,2.373,9,9,0,855.61,True,False,False
phase1_open,phase1,X8,8,mixed,2,False,6,2,0,8,125.0,4.38,2.304,8,9,2,-999999992.0,True,False,False
phase1_open,phase1,X9,9,mixed,3,True,6,2,1,9,185.0,4.38,2.341,9,9,0,891.66,True,False,False
phase1_open,phase1,X10,10,mixed,3,True,6,2,2,10,245.0,4.38,2.326,9,9,0,886.66,True,False,False
phase1_open,phase1,X11,11,mixed,3,True,6,2,3,11,305.0,4.38,2.34,9,9,0,881.66,True,False,False
phase1_open,phase1,X12,12,mixed,3,True,6,2,4,12,365.0,4.38,2.34,9,9,0,876.66,True,False,False
phase1_open,phase1,X13,13,mixed,3,True,6,2,5,13,425.0,4.38,2.34,9,9,0,871.66,True,False,False
phase1_open,phase1,X14,14,mixed,3,True,6,2,6,14,485.0,4.38,2.34,9,9,0,866.66,True,False,False
phase1_open,phase1,X15,15,mixed,3,True,6,2,7,15,545.0,4.38,2.34,9,9,0,861.66,True,False,False
phase1_open,phase1,X16,16,mixed,3,True,6,2,8,16,605.0,4.38,2.34,9,9,0,856.66,True,False,False
phase1_open,phase1,X9,9,mixed,2,False,6,3,0,9,165.0,4.38,2.331,9,9,1,892.66,True,False,False
phase1_open,phase1,X10,10,mixed,3,True,6,3,1,10,225.0,4.38,2.317,9,9,0,887.66,True,False,False
phase1_open,phase1,X11,11,mixed,3,True,6,3,2,11,285.0,4.38,2.334,9,9,0,882.66,True,False,False
phase1_open,phase1,X12,12,mixed,3,True,6,3,3,12,345.0,4.38,2.337,9,9,0,877.66,True,False,False
phase1_open,phase1,X13,13,mixed,3,True,6,3,4,13,405.0,4.38,2.337,9,9,0,872.66,True,False,False
phase1_open,phase1,X14,14,mixed,3,True,6,3,5,14,465.0,4.38,2.337,9,9,0,867.66,True,False,False
phase1_open,phase1,X15,15,mixed,3,True,6,3,6,15,525.0,4.38,2.337,9,9,0,862.66,True,False,False
phase1_open,phase1,X16,16,mixed,3,True,6,3,7,16,585.0,4.38,2.337,9,9,0,857.66,True,False,False
phase1_open,phase1,X10,10,mixed,2,False,6,4,0,10,205.0,4.38,2.326,9,9,0,888.66,True,False,False
phase1_open,phase1,X11,11,mixed,3,True,6,4,1,11,265.0,4.38,2.329,9,9,0,883.66,True,False,False
phase1_open,phase1,X12,12,mixed,3,True,6,4,2,12,325.0,4.38,2.336,9,9,0,878.66,True,False,False
phase1_open,phase1,X13,13,mixed,3,True,6,4,3,13,385.0,4.38,2.336,9,9,0,873.66,True,False,False
phase1_open,phase1,X14,14,mixed,3,True,6,4,4,14,445.0,4.38,2.336,9,9,0,868.66,True,False,False
phase1_open,phase1,X15,15,mixed,3,True,6,4,5,15,505.0,4.38,2.336,9,9,0,863.66,True,False,False
phase1_open,phase1,X16,16,mixed,3,True,6,4,6,16,565.0,4.38,2.336,9,9,0,858.66,True,False,False
phase1_open,phase1,X11,11,mixed,2,False,6,5,0,11,245.0,4.38,2.321,9,9,0,884.66,True,False,False
phase1_open,phase1,X12,12,mixed,3,True,6,5,1,12,305.0,4.38,2.335,9,9,0,879.66,True,False,False
phase1_open,phase1,X13,13,mixed,3,True,6,5,2,13,365.0,4.38,2.335,9,9,0,874.66,True,False,False
phase1_open,phase1,X14,14,mixed,3,True,6,5,3,14,425.0,4.38,2.335,9,9,0,869.66,True,False,False
phase1_open,phase1,X15,15,mixed,3,True,6,5,4,15,485.0,4.38,2.335,9,9,0,864.66,True,False,False
phase1_open,phase1,X16,16,mixed,3,True,6,5,5,16,545.0,4.38,2.335,9,9,0,859.66,True,False,False
phase1_open,phase1,X12,12,mixed,2,False,6,6,0,12,285.0,4.38,2.331,9,9,0,880.66,True,False,False
phase1_open,phase1,X13,13,mixed,3,True,6,6,1,13,345.0,4.38,2.334,9,9,0,875.66,True,False,False
phase1_open,phase1,X14,14,mixed,3,True,6,6,2,14,405.0,4.38,2.334,9,9,0,870.66,True,False,False
phase1_open,phase1,X15,15,mixed,3,True,6,6,3,15,465.0,4.38,2.334,9,9,0,865.66,True,False,False
phase1_open,phase1,X16,16,mixed,3,True,6,6,4,16,525.0,4.38,2.334,9,9,0,860.66,True,False,False
phase1_open,phase1,X13,13,mixed,2,False,6,7,0,13,325.0,4.38,2.334,9,9,0,876.66,True,False,False
phase1_open,phase1,X14,14,mixed,3,True,6,7,1,14,385.0,4.38,2.334,9,9,0,871.66,True,False,False
phase1_open,phase1,X15,15,mixed,3,True,6,7,2,15,445.0,4.38,2.334,9,9,0,866.66,True,False,False
phase1_open,phase1,X16,16,mixed,3,True,6,7,3,16,505.0,4.38,2.334,9,9,0,861.66,True,False,False
phase1_open,phase1,X14,14,mixed,2,False,6,8,0,14,365.0,4.38,2.334,9,9,0,872.66,True,False,False
phase1_open,phase1,X15,15,mixed,3,True,6,8,1,15,425.0,4.38,2.334,9,9,0,867.66,True,False,False
phase1_open,phase1,X16,16,mixed,3,True,6,8,2,16,485.0,4.38,2.334,9,9,0,862.66,True,False,False
phase1_open,phase1,X15,15,mixed,2,False,6,9,0,15,405.0,4.38,2.334,9,9,0,868.66,True,False,False
phase1_open,phase1,X16,16,mixed,3,True,6,9,1,16,465.0,4.38,2.334,9,9,0,863.66,True,False,False
phase1_open,phase1,X16,16,mixed,2,False,6,10,0,16,445.0,4.38,2.334,9,9,0,864.66,True,False,False
phase1_open,phase1,X7,7,homogeneous_micro,1,False,7,0,0,7,52.5,3.783,2.157,6,9,2,-999999994.0,False,False,False
phase1_open,phase1,X8,8,mixed,2,False,7,0,1,8,112.5,4.399,2.401,8,9,2,-999999992.0,True,False,False
phase1_open,phase1,X9,9,mixed,2,False,7,0,2,9,172.5,4.399,2.413,9,9,1,891.9,True,False,False
phase1_open,phase1,X10,10,mixed,2,False,7,0,3,10,232.5,4.399,2.397,9,9,0,886.9,True,False,False
phase1_open,phase1,X11,11,mixed,2,False,7,0,4,11,292.5,4.399,2.413,9,9,0,881.9,True,False,False
phase1_open,phase1,X12,12,mixed,2,False,7,0,5,12,352.5,4.399,2.415,9,9,0,876.9,True,False,False
phase1_open,phase1,X13,13,mixed,2,False,7,0,6,13,412.5,4.399,2.415,9,9,0,871.9,True,False,False
phase1_open,phase1,X14,14,mixed,2,False,7,0,7,14,472.5,4.399,2.415,9,9,0,866.9,True,False,False
phase1_open,phase1,X15,15,mixed,2,False,7,0,8,15,532.5,4.399,2.415,9,9,0,861.9,True,False,False
phase1_open,phase1,X16,16,mixed,2,False,7,0,9,16,592.5,4.399,2.415,9,9,0,856.9,True,False,False
phase1_open,phase1,X8,8,mixed,2,False,7,1,0,8,92.5,4.347,2.316,7,9,2,-999999993.0,True,False,False
phase1_open,phase1,X9,9,mixed,3,True,7,1,1,9,152.5,4.35,2.34,9,9,1,893.87,True,False,False
phase1_open,phase1,X10,10,mixed,3,True,7,1,2,10,212.5,4.35,2.326,9,9,0,888.87,True,False,False
phase1_open,phase1,X11,11,mixed,3,True,7,1,3,11,272.5,4.35,2.346,9,9,0,883.87,True,False,False
phase1_open,phase1,X12,12,mixed,3,True,7,1,4,12,332.5,4.35,2.351,9,9,0,878.87,True,False,False
phase1_open,phase1,X13,13,mixed,3,True,7,1,5,13,392.5,4.35,2.351,9,9,0,873.87,True,False,False
phase1_open,phase1,X14,14,mixed,3,True,7,1,6,14,452.5,4.35,2.351,9,9,0,868.87,True,False,False
phase1_open,phase1,X15,15,mixed,3,True,7,1,7,15,512.5,4.35,2.351,9,9,0,863.87,True,False,False
phase1_open,phase1,X16,16,mixed,3,True,7,1,8,16,572.5,4.35,2.351,9,9,0,858.87,True,False,False
phase1_open,phase1,X9,9,mixed,2,False,7,2,0,9,132.5,4.35,2.3,8,9,2,-999999992.0,True,False,False
phase1_open,phase1,X10,10,mixed,3,True,7,2,1,10,192.5,4.35,2.331,9,9,0,889.88,True,False,False
phase1_open,phase1,X11,11,mixed,3,True,7,2,2,11,252.5,4.35,2.316,9,9,0,884.88,True,False,False
phase1_open,phase1,X12,12,mixed,3,True,7,2,3,12,312.5,4.35,2.328,9,9,0,879.88,True,False,False
phase1_open,phase1,X13,13,mixed,3,True,7,2,4,13,372.5,4.35,2.328,9,9,0,874.88,True,False,False
phase1_open,phase1,X14,14,mixed,3,True,7,2,5,14,432.5,4.35,2.328,9,9,0,869.88,True,False,False
phase1_open,phase1,X15,15,mixed,3,True,7,2,6,15,492.5,4.35,2.328,9,9,0,864.88,True,False,False
phase1_open,phase1,X16,16,mixed,3,True,7,2,7,16,552.5,4.35,2.328,9,9,0,859.88,True,False,False
phase1_open,phase1,X10,10,mixed,2,False,7,3,0,10,172.5,4.35,2.322,9,9,1,890.88,True,False,False
phase1_open,phase1,X11,11,mixed,3,True,7,3,1,11,232.5,4.35,2.308,9,9,0,885.88,True,False,False
phase1_open,phase1,X12,12,mixed,3,True,7,3,2,12,292.5,4.35,2.324,9,9,0,880.88,True,False,False
phase1_open,phase1,X13,13,mixed,3,True,7,3,3,13,352.5,4.35,2.326,9,9,0,875.88,True,False,False
phase1_open,phase1,X14,14,mixed,3,True,7,3,4,14,412.5,4.35,2.326,9,9,0,870.88,True,False,False
phase1_open,phase1,X15,15,mixed,3,True,7,3,5,15,472.5,4.35,2.326,9,9,0,865.88,True,False,False
phase1_open,phase1,X16,16,mixed,3,True,7,3,6,16,532.5,4.35,2.326,9,9,0,860.88,True,False,False
phase1_open,phase1,X11,11,mixed,2,False,7,4,0,11,212.5,4.35,2.3,9,9,0,886.88,True,False,False
phase1_open,phase1,X12,12,mixed,3,True,7,4,1,12,272.5,4.35,2.319,9,9,0,881.88,True,False,False
phase1_open,phase1,X13,13,mixed,3,True,7,4,2,13,332.5,4.35,2.325,9,9,0,876.88,True,False,False
phase1_open,phase1,X14,14,mixed,3,True,7,4,3,14,392.5,4.35,2.325,9,9,0,871.88,True,False,False
phase1_open,phase1,X15,15,mixed,3,True,7,4,4,15,452.5,4.35,2.325,9,9,0,866.88,True,False,False
phase1_open,phase1,X16,16,mixed,3,True,7,4,5,16,512.5,4.35,2.325,9,9,0,861.88,True,False,False
phase1_open,phase1,X12,12,mixed,2,False,7,5,0,12,252.5,4.35,2.312,9,9,0,882.88,True,False,False
phase1_open,phase1,X13,13,mixed,3,True,7,5,1,13,312.5,4.35,2.324,9,9,0,877.88,True,False,False
phase1_open,phase1,X14,14,mixed,3,True,7,5,2,14,372.5,4.35,2.324,9,9,0,872.88,True,False,False
phase1_open,phase1,X15,15,mixed,3,True,7,5,3,15,432.5,4.35,2.324,9,9,0,867.88,True,False,False
phase1_open,phase1,X16,16,mixed,3,True,7,5,4,16,492.5,4.35,2.324,9,9,0,862.88,True,False,False
phase1_open,phase1,X13,13,mixed,2,False,7,6,0,13,292.5,4.35,2.321,9,9,0,878.88,True,False,False
phase1_open,phase1,X14,14,mixed,3,True,7,6,1,14,352.5,4.35,2.323,9,9,0,873.88,True,False,False
phase1_open,phase1,X15,15,mixed,3,True,7,6,2,15,412.5,4.35,2.323,9,9,0,868.88,True,False,False
phase1_open,phase1,X16,16,mixed,3,True,7,6,3,16,472.5,4.35,2.323,9,9,0,863.88,True,False,False
phase1_open,phase1,X14,14,mixed,2,False,7,7,0,14,332.5,4.35,2.323,9,9,0,874.88,True,False,False
phase1_open,phase1,X15,15,mixed,3,True,7,7,1,15,392.5,4.35,2.323,9,9,0,869.88,True,False,False
phase1_open,phase1,X16,16,mixed,3,True,7,7,2,16,452.5,4.35,2.323,9,9,0,864.88,True,False,False
phase1_open,phase1,X15,15,mixed,2,False,7,8,0,15,372.5,4.35,2.323,9,9,0,870.88,True,False,False
phase1_open,phase1,X16,16,mixed,3,True,7,8,1,16,432.5,4.35,2.323,9,9,0,865.88,True,False,False
phase1_open,phase1,X16,16,mixed,2,False,7,9,0,16,412.5,4.35,2.323,9,9,0,866.88,True,False,False
phase1_open,phase1,X8,8,homogeneous_micro,1,False,8,0,0,8,60.0,4.071,2.182,6,9,2,-999999994.0,False,False,False
phase1_open,phase1,X9,9,mixed,2,False,8,0,1,9,120.0,4.36,2.369,8,9,2,-999999992.0,True,False,False
phase1_open,phase1,X10,10,mixed,2,False,8,0,2,10,180.0,4.36,2.392,9,9,1,890.3,True,False,False
phase1_open,phase1,X11,11,mixed,2,False,8,0,3,11,240.0,4.36,2.376,9,9,0,885.3,True,False,False
phase1_open,phase1,X12,12,mixed,2,False,8,0,4,12,300.0,4.36,2.391,9,9,0,880.3,True,False,False
phase1_open,phase1,X13,13,mixed,2,False,8,0,5,13,360.0,4.36,2.391,9,9,0,875.3,True,False,False
phase1_open,phase1,X14,14,mixed,2,False,8,0,6,14,420.0,4.36,2.391,9,9,0,870.3,True,False,False
phase1_open,phase1,X15,15,mixed,2,False,8,0,7,15,480.0,4.36,2.391,9,9,0,865.3,True,False,False
phase1_open,phase1,X16,16,mixed,2,False,8,0,8,16,540.0,4.36,2.391,9,9,0,860.3,True,False,False
phase1_open,phase1,X9,9,mixed,2,False,8,1,0,9,100.0,4.332,2.289,8,9,2,-999999992.0,True,False,False
phase1_open,phase1,X10,10,mixed,3,True,8,1,1,10,160.0,4.332,2.322,9,9,1,891.86,True,False,False
phase1_open,phase1,X11,11,mixed,3,True,8,1,2,11,220.0,4.332,2.307,9,9,0,886.86,True,False,False
phase1_open,phase1,X12,12,mixed,3,True,8,1,3,12,280.0,4.332,2.325,9,9,0,881.86,True,False,False
phase1_open,phase1,X13,13,mixed,3,True,8,1,4,13,340.0,4.332,2.33,9,9,0,876.86,True,False,False
phase1_open,phase1,X14,14,mixed,3,True,8,1,5,14,400.0,4.332,2.33,9,9,0,871.86,True,False,False
phase1_open,phase1,X15,15,mixed,3,True,8,1,6,15,460.0,4.332,2.33,9,9,0,866.86,True,False,False
phase1_open,phase1,X16,16,mixed,3,True,8,1,7,16,520.0,4.332,2.33,9,9,0,861.86,True,False,False
phase1_open,phase1,X10,10,mixed,2,False,8,2,0,10,140.0,4.332,2.296,8,9,2,-999999992.0,True,False,False
phase1_open,phase1,X11,11,mixed,3,True,8,2,1,11,200.0,4.332,2.322,9,9,0,887.86,True,False,False
phase1_open,phase1,X12,12,mixed,3,True,8,2,2,12,260.0,4.332,2.308,9,9,0,882.86,True,False,False
phase1_open,phase1,X13,13,mixed,3,True,8,2,3,13,320.0,4.332,2.316,9,9,0,877.86,True,False,False
phase1_open,phase1,X14,14,mixed,3,True,8,2,4,14,380.0,4.332,2.316,9,9,0,872.86,True,False,False
phase1_open,phase1,X15,15,mixed,3,True,8,2,5,15,440.0,4.332,2.316,9,9,0,867.86,True,False,False
phase1_open,phase1,X16,16,mixed,3,True,8,2,6,16,500.0,4.332,2.316,9,9,0,862.86,True,False,False
phase1_open,phase1,X11,11,mixed,2,False,8,3,0,11,180.0,4.332,2.314,9,9,1,888.86,True,False,False
phase1_open,phase1,X12,12,mixed,3,True,8,3,1,12,240.0,4.332,2.299,9,9,0,883.86,True,False,False
phase1_open,phase1,X13,13,mixed,3,True,8,3,2,13,300.0,4.332,2.314,9,9,0,878.86,True,False,False
phase1_open,phase1,X14,14,mixed,3,True,8,3,3,14,360.0,4.332,2.315,9,9,0,873.86,True,False,False
phase1_open,phase1,X15,15,mixed,3,True,8,3,4,15,420.0,4.332,2.315,9,9,0,868.86,True,False,False
phase1_open,phase1,X16,16,mixed,3,True,8,3,5,16,480.0,4.332,2.315,9,9,0,863.86,True,False,False
phase1_open,phase1,X12,12,mixed,2,False,8,4,0,12,220.0,4.332,2.291,9,9,0,884.86,True,False,False
phase1_open,phase1,X13,13,mixed,3,True,8,4,1,13,280.0,4.332,2.31,9,9,0,879.86,True,False,False
phase1_open,phase1,X14,14,mixed,3,True,8,4,2,14,340.0,4.332,2.314,9,9,0,874.86,True,False,False
phase1_open,phase1,X15,15,mixed,3,True,8,4,3,15,400.0,4.332,2.314,9,9,0,869.86,True,False,False
phase1_open,phase1,X16,16,mixed,3,True,8,4,4,16,460.0,4.332,2.314,9,9,0,864.86,True,False,False
phase1_open,phase1,X13,13,mixed,2,False,8,5,0,13,260.0,4.332,2.304,9,9,0,880.86,True,False,False
phase1_open,phase1,X14,14,mixed,3,True,8,5,1,14,320.0,4.332,2.313,9,9,0,875.86,True,False,False
phase1_open,phase1,X15,15,mixed,3,True,8,5,2,15,380.0,4.332,2.313,9,9,0,870.86,True,False,False
phase1_open,phase1,X16,16,mixed,3,True,8,5,3,16,440.0,4.332,2.313,9,9,0,865.86,True,False,False
phase1_open,phase1,X14,14,mixed,2,False,8,6,0,14,300.0,4.332,2.311,9,9,0,876.86,True,False,False
phase1_open,phase1,X15,15,mixed,3,True,8,6,1,15,360.0,4.332,2.312,9,9,0,871.86,True,False,False
phase1_open,phase1,X16,16,mixed,3,True,8,6,2,16,420.0,4.332,2.312,9,9,0,866.86,True,False,False
phase1_open,phase1,X15,15,mixed,2,False,8,7,0,15,340.0,4.332,2.312,9,9,0,872.86,True,False,False
phase1_open,phase1,X16,16,mixed,3,True,8,7,1,16,400.0,4.332,2.312,9,9,0,867.86,True,False,False
phase1_open,phase1,X16,16,mixed,2,False,8,8,0,16,380.0,4.332,2.312,9,9,0,868.86,True,False,False
phase1_open,phase1,X9,9,homogeneous_micro,1,False,9,0,0,9,67.5,4.182,2.17,6,9,2,-999999994.0,False,False,False
phase1_open,phase1,X10,10,mixed,2,False,9,0,1,10,127.5,4.34,2.337,8,9,2,-999999992.0,True,False,False
phase1_open,phase1,X11,11,mixed,2,False,9,0,2,11,187.5,4.34,2.371,9,9,0,888.32,True,False,False
phase1_open,phase1,X12,12,mixed,2,False,9,0,3,12,247.5,4.34,2.355,9,9,0,883.32,True,False,False
phase1_open,phase1,X13,13,mixed,2,False,9,0,4,13,307.5,4.34,2.368,9,9,0,878.32,True,False,False
phase1_open,phase1,X14,14,mixed,2,False,9,0,5,14,367.5,4.34,2.368,9,9,0,873.32,True,False,False
phase1_open,phase1,X15,15,mixed,2,False,9,0,6,15,427.5,4.34,2.368,9,9,0,868.32,True,False,False
phase1_open,phase1,X16,16,mixed,2,False,9,0,7,16,487.5,4.34,2.368,9,9,0,863.32,True,False,False
phase1_open,phase1,X10,10,mixed,2,False,9,1,0,10,107.5,4.323,2.283,8,9,2,-999999992.0,True,False,False
phase1_open,phase1,X11,11,mixed,3,True,9,1,1,11,167.5,4.323,2.303,9,9,1,889.67,True,False,False
phase1_open,phase1,X12,12,mixed,3,True,9,1,2,12,227.5,4.323,2.289,9,9,0,884.67,True,False,False
phase1_open,phase1,X13,13,mixed,3,True,9,1,3,13,287.5,4.323,2.306,9,9,0,879.67,True,False,False
phase1_open,phase1,X14,14,mixed,3,True,9,1,4,14,347.5,4.323,2.309,9,9,0,874.67,True,False,False
phase1_open,phase1,X15,15,mixed,3,True,9,1,5,15,407.5,4.323,2.309,9,9,0,869.67,True,False,False
phase1_open,phase1,X16,16,mixed,3,True,9,1,6,16,467.5,4.323,2.309,9,9,0,864.67,True,False,False
phase1_open,phase1,X11,11,mixed,2,False,9,2,0,11,147.5,4.323,2.291,9,9,1,890.67,True,False,False
phase1_open,phase1,X12,12,mixed,3,True,9,2,1,12,207.5,4.323,2.296,9,9,0,885.67,True,False,False
phase1_open,phase1,X13,13,mixed,3,True,9,2,2,13,267.5,4.323,2.299,9,9,0,880.67,True,False,False
phase1_open,phase1,X14,14,mixed,3,True,9,2,3,14,327.5,4.323,2.305,9,9,0,875.67,True,False,False
phase1_open,phase1,X15,15,mixed,3,True,9,2,4,15,387.5,4.323,2.305,9,9,0,870.67,True,False,False
phase1_open,phase1,X16,16,mixed,3,True,9,2,5,16,447.5,4.323,2.305,9,9,0,865.67,True,False,False
phase1_open,phase1,X12,12,mixed,2,False,9,3,0,12,187.5,4.323,2.305,9,9,0,886.67,True,False,False
phase1_open,phase1,X13,13,mixed,3,True,9,3,1,13,247.5,4.323,2.291,9,9,0,881.67,True,False,False
phase1_open,phase1,X14,14,mixed,3,True,9,3,2,14,307.5,4.323,2.304,9,9,0,876.67,True,False,False
phase1_open,phase1,X15,15,mixed,3,True,9,3,3,15,367.5,4.323,2.304,9,9,0,871.67,True,False,False
phase1_open,phase1,X16,16,mixed,3,True,9,3,4,16,427.5,4.323,2.304,9,9,0,866.67,True,False,False
phase1_open,phase1,X13,13,mixed,2,False,9,4,0,13,227.5,4.323,2.283,9,9,0,882.67,True,False,False
phase1_open,phase1,X14,14,mixed,3,True,9,4,1,14,287.5,4.323,2.3,9,9,0,877.67,True,False,False
phase1_open,phase1,X15,15,mixed,3,True,9,4,2,15,347.5,4.323,2.303,9,9,0,872.67,True,False,False
phase1_open,phase1,X16,16,mixed,3,True,9,4,3,16,407.5,4.323,2.303,9,9,0,867.67,True,False,False
phase1_open,phase1,X14,14,mixed,2,False,9,5,0,14,267.5,4.323,2.295,9,9,0,878.67,True,False,False
phase1_open,phase1,X15,15,mixed,3,True,9,5,1,15,327.5,4.323,2.302,9,9,0,873.67,True,False,False
phase1_open,phase1,X16,16,mixed,3,True,9,5,2,16,387.5,4.323,2.302,9,9,0,868.67,True,False,False
phase1_open,phase1,X15,15,mixed,2,False,9,6,0,15,307.5,4.323,2.301,9,9,0,874.67,True,False,False
phase1_open,phase1,X16,16,mixed,3,True,9,6,1,16,367.5,4.323,2.301,9,9,0,869.67,True,False,False
phase1_open,phase1,X16,16,mixed,2,False,9,7,0,16,347.5,4.323,2.301,9,9,0,870.67,True,False,False
phase1_open,phase1,X10,10,homogeneous_micro,1,False,10,0,0,10,75.0,4.238,2.179,6,9,2,-999999994.0,False,False,False
phase1_open,phase1,X11,11,mixed,2,False,10,0,1,11,135.0,4.326,2.321,8,9,2,-999999992.0,True,False,False
phase1_open,phase1,X12,12,mixed,2,False,10,0,2,12,195.0,4.326,2.351,9,9,0,886.23,True,False,False
phase1_open,phase1,X13,13,mixed,2,False,10,0,3,13,255.0,4.326,2.335,9,9,0,881.23,True,False,False
phase1_open,phase1,X14,14,mixed,2,False,10,0,4,14,315.0,4.326,2.346,9,9,0,876.23,True,False,False
phase1_open,phase1,X15,15,mixed,2,False,10,0,5,15,375.0,4.326,2.346,9,9,0,871.23,True,False,False
phase1_open,phase1,X16,16,mixed,2,False,10,0,6,16,435.0,4.326,2.346,9,9,0,866.23,True,False,False
phase1_open,phase1,X11,11,mixed,2,False,10,1,0,11,115.0,4.316,2.283,8,9,2,-999999992.0,True,False,False
phase1_open,phase1,X12,12,mixed,3,True,10,1,1,12,175.0,4.316,2.294,9,9,1,887.43,True,False,False
phase1_open,phase1,X13,13,mixed,3,True,10,1,2,13,235.0,4.316,2.28,9,9,0,882.43,True,False,False
phase1_open,phase1,X14,14,mixed,3,True,10,1,3,14,295.0,4.316,2.296,9,9,0,877.43,True,False,False
phase1_open,phase1,X15,15,mixed,3,True,10,1,4,15,355.0,4.316,2.297,9,9,0,872.43,True,False,False
phase1_open,phase1,X16,16,mixed,3,True,10,1,5,16,415.0,4.316,2.297,9,9,0,867.43,True,False,False
phase1_open,phase1,X12,12,mixed,2,False,10,2,0,12,155.0,4.316,2.284,9,9,1,888.43,True,False,False
phase1_open,phase1,X13,13,mixed,3,True,10,2,1,13,215.0,4.316,2.27,9,9,0,883.43,True,False,False
phase1_open,phase1,X14,14,mixed,3,True,10,2,2,14,275.0,4.316,2.289,9,9,0,878.43,True,False,False
phase1_open,phase1,X15,15,mixed,3,True,10,2,3,15,335.0,4.316,2.294,9,9,0,873.43,True,False,False
phase1_open,phase1,X16,16,mixed,3,True,10,2,4,16,395.0,4.316,2.294,9,9,0,868.43,True,False,False
phase1_open,phase1,X13,13,mixed,2,False,10,3,0,13,195.0,4.316,2.297,9,9,0,884.43,True,False,False
phase1_open,phase1,X14,14,mixed,3,True,10,3,1,14,255.0,4.316,2.283,9,9,0,879.43,True,False,False
phase1_open,phase1,X15,15,mixed,3,True,10,3,2,15,315.0,4.316,2.293,9,9,0,874.43,True,False,False
phase1_open,phase1,X16,16,mixed,3,True,10,3,3,16,375.0,4.316,2.293,9,9,0,869.43,True,False,False
phase1_open,phase1,X14,14,mixed,2,False,10,4,0,14,235.0,4.316,2.275,9,9,0,880.43,True,False,False
phase1_open,phase1,X15,15,mixed,3,True,10,4,1,15,295.0,4.316,2.291,9,9,0,875.43,True,False,False
phase1_open,phase1,X16,16,mixed,3,True,10,4,2,16,355.0,4.316,2.292,9,9,0,870.43,True,False,False
phase1_open,phase1,X15,15,mixed,2,False,10,5,0,15,275.0,4.316,2.286,9,9,0,876.43,True,False,False
phase1_open,phase1,X16,16,mixed,3,True,10,5,1,16,335.0,4.316,2.291,9,9,0,871.43,True,False,False
phase1_open,phase1,X16,16,mixed,2,False,10,6,0,16,315.0,4.316,2.291,9,9,0,872.43,True,False,False
phase1_open,phase1,X11,11,homogeneous_micro,1,False,11,0,0,11,82.5,4.281,2.18,6,9,2,-999999994.0,False,False,False
phase1_open,phase1,X12,12,mixed,2,False,11,0,1,12,142.5,4.315,2.306,8,9,2,-999999992.0,True,False,False
phase1_open,phase1,X13,13,mixed,2,False,11,0,2,13,202.5,4.315,2.331,9,9,0,884.08,True,False,False
phase1_open,phase1,X14,14,mixed,2,False,11,0,3,14,262.5,4.315,2.316,9,9,0,879.08,True,False,False
phase1_open,phase1,X15,15,mixed,2,False,11,0,4,15,322.5,4.315,2.324,9,9,0,874.08,True,False,False
phase1_open,phase1,X16,16,mixed,2,False,11,0,5,16,382.5,4.315,2.324,9,9,0,869.08,True,False,False
phase1_open,phase1,X12,12,mixed,2,False,11,1,0,12,122.5,4.311,2.247,8,9,2,-999999992.0,True,False,False
phase1_open,phase1,X13,13,mixed,3,True,11,1,1,13,182.5,4.311,2.286,9,9,1,885.15,True,False,False
phase1_open,phase1,X14,14,mixed,3,True,11,1,2,14,242.5,4.311,2.272,9,9,0,880.15,True,False,False
phase1_open,phase1,X15,15,mixed,3,True,11,1,3,15,302.5,4.311,2.286,9,9,0,875.15,True,False,False
phase1_open,phase1,X16,16,mixed,3,True,11,1,4,16,362.5,4.311,2.286,9,9,0,870.15,True,False,False
phase1_open,phase1,X13,13,mixed,2,False,11,2,0,13,162.5,4.311,2.276,9,9,1,886.15,True,False,False
phase1_open,phase1,X14,14,mixed,3,True,11,2,1,14,222.5,4.311,2.263,9,9,0,881.15,True,False,False
phase1_open,phase1,X15,15,mixed,3,True,11,2,2,15,282.5,4.311,2.28,9,9,0,876.15,True,False,False
phase1_open,phase1,X16,16,mixed,3,True,11,2,3,16,342.5,4.311,2.284,9,9,0,871.15,True,False,False
phase1_open,phase1,X14,14,mixed,2,False,11,3,0,14,202.5,4.311,2.289,9,9,0,882.15,True,False,False
phase1_open,phase1,X15,15,mixed,3,True,11,3,1,15,262.5,4.311,2.275,9,9,0,877.15,True,False,False
phase1_open,phase1,X16,16,mixed,3,True,11,3,2,16,322.5,4.311,2.283,9,9,0,872.15,True,False,False
phase1_open,phase1,X15,15,mixed,2,False,11,4,0,15,242.5,4.311,2.267,9,9,0,878.15,True,False,False
phase1_open,phase1,X16,16,mixed,3,True,11,4,1,16,302.5,4.311,2.282,9,9,0,873.15,True,False,False
phase1_open,phase1,X16,16,mixed,2,False,11,5,0,16,282.5,4.311,2.277,9,9,0,874.15,True,False,False
phase1_open,phase1,X12,12,homogeneous_micro,1,False,12,0,0,12,90.0,4.302,2.212,6,9,2,-999999994.0,False,False,False
phase1_open,phase1,X13,13,mixed,2,False,12,0,1,13,150.0,4.309,2.29,9,9,1,886.82,True,False,False
phase1_open,phase1,X14,14,mixed,2,False,12,0,2,14,210.0,4.309,2.294,9,9,0,881.82,True,False,False
phase1_open,phase1,X15,15,mixed,2,False,12,0,3,15,270.0,4.309,2.297,9,9,0,876.82,True,False,False
phase1_open,phase1,X16,16,mixed,2,False,12,0,4,16,330.0,4.309,2.303,9,9,0,871.82,True,False,False
phase1_open,phase1,X13,13,mixed,2,False,12,1,0,13,130.0,4.308,2.245,8,9,2,-999999992.0,True,False,False
phase1_open,phase1,X14,14,mixed,3,True,12,1,1,14,190.0,4.308,2.278,9,9,0,882.83,True,False,False
phase1_open,phase1,X15,15,mixed,3,True,12,1,2,15,250.0,4.308,2.264,9,9,0,877.83,True,False,False
phase1_open,phase1,X16,16,mixed,3,True,12,1,3,16,310.0,4.308,2.276,9,9,0,872.83,True,False,False
phase1_open,phase1,X14,14,mixed,2,False,12,2,0,14,170.0,4.308,2.269,9,9,1,883.83,True,False,False
phase1_open,phase1,X15,15,mixed,3,True,12,2,1,15,230.0,4.308,2.255,9,9,0,878.83,True,False,False
phase1_open,phase1,X16,16,mixed,3,True,12,2,2,16,290.0,4.308,2.271,9,9,0,873.83,True,False,False
phase1_open,phase1,X15,15,mixed,2,False,12,3,0,15,210.0,4.308,2.264,9,9,0,879.83,True,False,False
phase1_open,phase1,X16,16,mixed,3,True,12,3,1,16,270.0,4.308,2.267,9,9,0,874.83,True,False,False
phase1_open,phase1,X16,16,mixed,2,False,12,4,0,16,250.0,4.308,2.26,9,9,0,875.83,True,False,False
phase1_open,phase1,X13,13,homogeneous_micro,1,False,13,0,0,13,97.5,4.308,2.245,7,9,2,-999999993.0,False,False,False
phase1_open,phase1,X14,14,mixed,2,False,13,0,1,14,157.5,4.308,2.273,9,9,1,884.47,True,False,False
phase1_open,phase1,X15,15,mixed,2,False,13,0,2,15,217.5,4.308,2.259,9,9,0,879.47,True,False,False
phase1_open,phase1,X16,16,mixed,2,False,13,0,3,16,277.5,4.308,2.278,9,9,0,874.47,True,False,False
phase1_open,phase1,X14,14,mixed,2,False,13,1,0,14,137.5,4.308,2.242,8,9,2,-999999992.0,True,False,False
phase1_open,phase1,X15,15,mixed,3,True,13,1,1,15,197.5,4.308,2.27,9,9,0,880.47,True,False,False
phase1_open,phase1,X16,16,mixed,3,True,13,1,2,16,257.5,4.308,2.256,9,9,0,875.47,True,False,False
phase1_open,phase1,X15,15,mixed,2,False,13,2,0,15,177.5,4.308,2.262,9,9,1,881.47,True,False,False
phase1_open,phase1,X16,16,mixed,3,True,13,2,1,16,237.5,4.308,2.248,9,9,0,876.47,True,False,False
phase1_open,phase1,X16,16,mixed,2,False,13,3,0,16,217.5,4.308,2.24,9,9,0,877.47,True,False,False
phase1_open,phase1,X14,14,homogeneous_micro,1,False,14,0,0,14,105.0,4.308,2.221,8,9,2,-999999992.0,False,False,False
phase1_open,phase1,X15,15,mixed,2,False,14,0,1,15,165.0,4.308,2.256,9,9,1,882.09,True,False,False
phase1_open,phase1,X16,16,mixed,2,False,14,0,2,16,225.0,4.308,2.243,9,9,0,877.09,True,False,False
phase1_open,phase1,X15,15,mixed,2,False,14,1,0,15,145.0,4.308,2.239,8,9,2,-999999992.0,True,False,False
phase1_open,phase1,X16,16,mixed,3,True,14,1,1,16,205.0,4.308,2.246,9,9,0,878.09,True,False,False
phase1_open,phase1,X16,16,mixed,2,False,14,2,0,16,185.0,4.308,2.255,9,9,0,879.09,True,False,False
phase1_open,phase1,X15,15,homogeneous_micro,1,False,15,0,0,15,112.5,4.308,2.236,8,9,2,-999999992.0,False,False,False
phase1_open,phase1,X16,16,mixed,2,False,15,0,1,16,172.5,4.308,2.251,9,9,1,879.72,True,False,False
phase1_open,phase1,X16,16,mixed,2,False,15,1,0,16,152.5,4.308,2.24,9,9,1,880.72,True,False,False
phase1_open,phase1,X16,16,homogeneous_micro,1,False,16,0,0,16,120.0,4.308,2.228,8,9,2,-999999992.0,False,False,False
storyboard_ring,storyboard,X4,4,homogeneous_large,1,False,0,0,4,4,480.0,4.988,2.598,7,9,0,-999999993.0,False,False,False
storyboard_ring,storyboard,X4,4,mixed,2,False,0,1,3,4,438.0,4.63,2.458,7,9,0,-999999993.0,True,False,False
storyboard_ring,storyboard,X4,4,mixed,2,False,0,2,2,4,396.0,4.623,2.411,7,9,0,-999999993.0,True,False,False
storyboard_ring,storyboard,X4,4,mixed,2,False,0,3,1,4,354.0,4.623,2.409,7,9,0,-999999993.0,True,False,False
storyboard_ring,storyboard,X4,4,homogeneous_medium,1,False,0,4,0,4,312.0,4.623,2.408,7,9,0,-999999993.0,True,False,False
storyboard_ring,storyboard,X4,4,mixed,2,False,1,0,3,4,380.0,4.751,2.526,9,9,0,884.47,False,False,False
storyboard_ring,storyboard,X4,4,mixed,3,True,1,1,2,4,338.0,4.513,2.395,9,9,0,891.33,True,False,False
storyboard_ring,storyboard,X4,4,mixed,3,True,1,2,1,4,296.0,4.513,2.376,9,9,0,893.43,True,False,False
storyboard_ring,storyboard,X4,4,mixed,2,False,1,3,0,4,254.0,4.513,2.365,9,9,0,895.53,True,False,False
storyboard_ring,storyboard,X4,4,mixed,2,False,2,0,2,4,280.0,4.516,2.451,9,9,0,894.18,False,False,False
storyboard_ring,storyboard,X4,4,mixed,3,True,2,1,1,4,238.0,4.404,2.332,9,9,0,898.51,True,False,False
storyboard_ring,storyboard,X4,4,mixed,2,False,2,2,0,4,196.0,4.404,2.349,9,9,0,900.61,True,False,False
storyboard_ring,storyboard,X4,4,mixed,2,False,3,0,1,4,180.0,4.36,2.392,9,9,1,902.3,False,False,False
storyboard_ring,storyboard,X4,4,mixed,2,False,3,1,0,4,138.0,4.332,2.294,8,9,2,-999999992.0,True,False,False
storyboard_ring,storyboard,X4,4,homogeneous_micro,1,False,4,0,0,4,80.0,4.269,2.197,6,9,2,-999999994.0,False,False,False
storyboard_ring,storyboard,X6,6,homogeneous_large,1,False,0,0,6,6,720.0,4.988,2.598,7,9,0,-999999993.0,False,False,False
storyboard_ring,storyboard,X6,6,mixed,2,False,0,1,5,6,678.0,4.63,2.458,7,9,0,-999999993.0,True,False,False
storyboard_ring,storyboard,X6,6,mixed,2,False,0,2,4,6,636.0,4.623,2.411,7,9,0,-999999993.0,True,False,False
storyboard_ring,storyboard,X6,6,mixed,2,False,0,3,3,6,594.0,4.623,2.409,7,9,0,-999999993.0,True,False,False
storyboard_ring,storyboard,X6,6,mixed,2,False,0,4,2,6,552.0,4.623,2.408,7,9,0,-999999993.0,True,False,False
storyboard_ring,storyboard,X6,6,mixed,2,False,0,5,1,6,510.0,4.623,2.408,7,9,0,-999999993.0,True,False,False
storyboard_ring,storyboard,X6,6,homogeneous_medium,1,False,0,6,0,6,468.0,4.623,2.408,7,9,0,-999999993.0,True,False,False
storyboard_ring,storyboard,X6,6,mixed,2,False,1,0,5,6,620.0,4.751,2.526,9,9,0,868.47,False,False,False
storyboard_ring,storyboard,X6,6,mixed,3,True,1,1,4,6,578.0,4.513,2.395,9,9,0,875.33,True,False,False
storyboard_ring,storyboard,X6,6,mixed,3,True,1,2,3,6,536.0,4.513,2.377,9,9,0,877.43,True,False,False
storyboard_ring,storyboard,X6,6,mixed,3,True,1,3,2,6,494.0,4.513,2.375,9,9,0,879.53,True,False,False
storyboard_ring,storyboard,X6,6,mixed,3,True,1,4,1,6,452.0,4.513,2.375,9,9,0,881.63,True,False,False
storyboard_ring,storyboard,X6,6,mixed,2,False,1,5,0,6,410.0,4.513,2.375,9,9,0,883.73,True,False,False
storyboard_ring,storyboard,X6,6,mixed,2,False,2,0,4,6,520.0,4.516,2.456,9,9,0,878.18,False,False,False
storyboard_ring,storyboard,X6,6,mixed,3,True,2,1,3,6,478.0,4.404,2.348,9,9,0,882.51,True,False,False
storyboard_ring,storyboard,X6,6,mixed,3,True,2,2,2,6,436.0,4.404,2.344,9,9,0,884.61,True,False,False
storyboard_ring,storyboard,X6,6,mixed,3,True,2,3,1,6,394.0,4.404,2.342,9,9,0,886.71,True,False,False
storyboard_ring,storyboard,X6,6,mixed,2,False,2,4,0,6,352.0,4.404,2.342,9,9,0,888.81,True,False,False
storyboard_ring,storyboard,X6,6,mixed,2,False,3,0,3,6,420.0,4.36,2.391,9,9,0,886.3,False,False,False
storyboard_ring,storyboard,X6,6,mixed,3,True,3,1,2,6,378.0,4.332,2.316,9,9,0,888.96,True,False,False
storyboard_ring,storyboard,X6,6,mixed,3,True,3,2,1,6,336.0,4.332,2.314,9,9,0,891.06,True,False,False
storyboard_ring,storyboard,X6,6,mixed,2,False,3,3,0,6,294.0,4.332,2.31,9,9,0,893.16,True,False,False
storyboard_ring,storyboard,X6,6,mixed,2,False,4,0,2,6,320.0,4.318,2.331,9,9,0,892.14,False,False,False
storyboard_ring,storyboard,X6,6,mixed,3,True,4,1,1,6,278.0,4.313,2.283,9,9,0,894.35,True,False,False
storyboard_ring,storyboard,X6,6,mixed,2,False,4,2,0,6,236.0,4.313,2.268,9,9,0,896.45,True,False,False
storyboard_ring,storyboard,X6,6,mixed,2,False,5,0,1,6,220.0,4.308,2.254,9,9,0,897.34,False,False,False
storyboard_ring,storyboard,X6,6,mixed,2,False,5,1,0,6,178.0,4.308,2.259,9,9,1,899.44,True,False,False
storyboard_ring,storyboard,X6,6,homogeneous_micro,1,False,6,0,0,6,120.0,4.308,2.228,8,9,2,-999999992.0,False,False,False
storyboard_ring,storyboard,X8,8,homogeneous_large,1,False,0,0,8,8,960.0,4.988,2.598,7,9,0,-999999993.0,False,False,False
storyboard_ring,storyboard,X8,8,mixed,2,False,0,1,7,8,918.0,4.63,2.458,7,9,0,-999999993.0,True,False,False
storyboard_ring,storyboard,X8,8,mixed,2,False,0,2,6,8,876.0,4.623,2.411,7,9,0,-999999993.0,True,False,False
storyboard_ring,storyboard,X8,8,mixed,2,False,0,3,5,8,834.0,4.623,2.409,7,9,0,-999999993.0,True,False,False
storyboard_ring,storyboard,X8,8,mixed,2,False,0,4,4,8,792.0,4.623,2.408,7,9,0,-999999993.0,True,False,False
storyboard_ring,storyboard,X8,8,mixed,2,False,0,5,3,8,750.0,4.623,2.408,7,9,0,-999999993.0,True,False,False
storyboard_ring,storyboard,X8,8,mixed,2,False,0,6,2,8,708.0,4.623,2.408,7,9,0,-999999993.0,True,False,False
storyboard_ring,storyboard,X8,8,mixed,2,False,0,7,1,8,666.0,4.623,2.408,7,9,0,-999999993.0,True,False,False
storyboard_ring,storyboard,X8,8,homogeneous_medium,1,False,0,8,0,8,624.0,4.623,2.408,7,9,0,-999999993.0,True,False,False
storyboard_ring,storyboard,X8,8,mixed,2,False,1,0,7,8,860.0,4.751,2.526,9,9,0,852.47,False,False,False
storyboard_ring,storyboard,X8,8,mixed,3,True,1,1,6,8,818.0,4.513,2.395,9,9,0,859.33,True,False,False
storyboard_ring,storyboard,X8,8,mixed,3,True,1,2,5,8,776.0,4.513,2.377,9,9,0,861.43,True,False,False
storyboard_ring,storyboard,X8,8,mixed,3,True,1,3,4,8,734.0,4.513,2.375,9,9,0,863.53,True,False,False
storyboard_ring,storyboard,X8,8,mixed,3,True,1,4,3,8,692.0,4.513,2.375,9,9,0,865.63,True,False,False
storyboard_ring,storyboard,X8,8,mixed,3,True,1,5,2,8,650.0,4.513,2.375,9,9,0,867.73,True,False,False
storyboard_ring,storyboard,X8,8,mixed,3,True,1,6,1,8,608.0,4.513,2.375,9,9,0,869.83,True,False,False
storyboard_ring,storyboard,X8,8,mixed,2,False,1,7,0,8,566.0,4.513,2.375,9,9,0,871.93,True,False,False
storyboard_ring,storyboard,X8,8,mixed,2,False,2,0,6,8,760.0,4.516,2.456,9,9,0,862.18,False,False,False
storyboard_ring,storyboard,X8,8,mixed,3,True,2,1,5,8,718.0,4.404,2.348,9,9,0,866.51,True,False,False
storyboard_ring,storyboard,X8,8,mixed,3,True,2,2,4,8,676.0,4.404,2.344,9,9,0,868.61,True,False,False
storyboard_ring,storyboard,X8,8,mixed,3,True,2,3,3,8,634.0,4.404,2.342,9,9,0,870.71,True,False,False
storyboard_ring,storyboard,X8,8,mixed,3,True,2,4,2,8,592.0,4.404,2.342,9,9,0,872.81,True,False,False
storyboard_ring,storyboard,X8,8,mixed,3,True,2,5,1,8,550.0,4.404,2.342,9,9,0,874.91,True,False,False
storyboard_ring,storyboard,X8,8,mixed,2,False,2,6,0,8,508.0,4.404,2.342,9,9,0,877.01,True,False,False
storyboard_ring,storyboard,X8,8,mixed,2,False,3,0,5,8,660.0,4.36,2.391,9,9,0,870.3,False,False,False
storyboard_ring,storyboard,X8,8,mixed,3,True,3,1,4,8,618.0,4.332,2.316,9,9,0,872.96,True,False,False
storyboard_ring,storyboard,X8,8,mixed,3,True,3,2,3,8,576.0,4.332,2.314,9,9,0,875.06,True,False,False
storyboard_ring,storyboard,X8,8,mixed,3,True,3,3,2,8,534.0,4.332,2.312,9,9,0,877.16,True,False,False
storyboard_ring,storyboard,X8,8,mixed,3,True,3,4,1,8,492.0,4.332,2.312,9,9,0,879.26,True,False,False
storyboard_ring,storyboard,X8,8,mixed,2,False,3,5,0,8,450.0,4.332,2.312,9,9,0,881.36,True,False,False
storyboard_ring,storyboard,X8,8,mixed,2,False,4,0,4,8,560.0,4.318,2.331,9,9,0,876.14,False,False,False
storyboard_ring,storyboard,X8,8,mixed,3,True,4,1,3,8,518.0,4.313,2.288,9,9,0,878.35,True,False,False
storyboard_ring,storyboard,X8,8,mixed,3,True,4,2,2,8,476.0,4.313,2.285,9,9,0,880.45,True,False,False
storyboard_ring,storyboard,X8,8,mixed,3,True,4,3,1,8,434.0,4.313,2.284,9,9,0,882.55,True,False,False
storyboard_ring,storyboard,X8,8,mixed,2,False,4,4,0,8,392.0,4.313,2.284,9,9,0,884.65,True,False,False
storyboard_ring,storyboard,X8,8,mixed,2,False,5,0,3,8,460.0,4.308,2.276,9,9,0,881.34,False,False,False
storyboard_ring,storyboard,X8,8,mixed,3,True,5,1,2,8,418.0,4.308,2.261,9,9,0,883.44,True,False,False
storyboard_ring,storyboard,X8,8,mixed,3,True,5,2,1,8,376.0,4.308,2.259,9,9,0,885.54,True,False,False
storyboard_ring,storyboard,X8,8,mixed,2,False,5,3,0,8,334.0,4.308,2.259,9,9,0,887.64,True,False,False
storyboard_ring,storyboard,X8,8,mixed,2,False,6,0,2,8,360.0,4.308,2.254,9,9,0,886.34,False,False,False
storyboard_ring,storyboard,X8,8,mixed,3,True,6,1,1,8,318.0,4.308,2.251,9,9,0,888.44,True,False,False
storyboard_ring,storyboard,X8,8,mixed,2,False,6,2,0,8,276.0,4.308,2.244,9,9,0,890.54,True,False,False
storyboard_ring,storyboard,X8,8,mixed,2,False,7,0,1,8,260.0,4.308,2.243,9,9,0,891.34,False,False,False
storyboard_ring,storyboard,X8,8,mixed,2,False,7,1,0,8,218.0,4.308,2.226,9,9,0,893.44,True,False,False
storyboard_ring,storyboard,X8,8,homogeneous_micro,1,False,8,0,0,8,160.0,4.308,2.24,9,9,1,896.34,False,False,False
storyboard_ring,storyboard,X10,10,homogeneous_large,1,False,0,0,10,10,1200.0,4.988,2.598,7,9,0,-999999993.0,False,False,False
storyboard_ring,storyboard,X10,10,mixed,2,False,0,1,9,10,1158.0,4.63,2.458,7,9,0,-999999993.0,True,False,False
storyboard_ring,storyboard,X10,10,mixed,2,False,0,2,8,10,1116.0,4.623,2.411,7,9,0,-999999993.0,True,False,False
storyboard_ring,storyboard,X10,10,mixed,2,False,0,3,7,10,1074.0,4.623,2.409,7,9,0,-999999993.0,True,False,False
storyboard_ring,storyboard,X10,10,mixed,2,False,0,4,6,10,1032.0,4.623,2.408,7,9,0,-999999993.0,True,False,False
storyboard_ring,storyboard,X10,10,mixed,2,False,0,5,5,10,990.0,4.623,2.408,7,9,0,-999999993.0,True,False,False
storyboard_ring,storyboard,X10,10,mixed,2,False,0,6,4,10,948.0,4.623,2.408,7,9,0,-999999993.0,True,False,False
storyboard_ring,storyboard,X10,10,mixed,2,False,0,7,3,10,906.0,4.623,2.408,7,9,0,-999999993.0,True,False,False
storyboard_ring,storyboard,X10,10,mixed,2,False,0,8,2,10,864.0,4.623,2.408,7,9,0,-999999993.0,True,False,False
storyboard_ring,storyboard,X10,10,mixed,2,False,0,9,1,10,822.0,4.623,2.408,7,9,0,-999999993.0,True,False,False
storyboard_ring,storyboard,X10,10,homogeneous_medium,1,False,0,10,0,10,780.0,4.623,2.408,7,9,0,-999999993.0,True,False,False
storyboard_ring,storyboard,X10,10,mixed,2,False,1,0,9,10,1100.0,4.751,2.526,9,9,0,836.47,False,False,False
storyboard_ring,storyboard,X10,10,mixed,3,True,1,1,8,10,1058.0,4.513,2.395,9,9,0,843.33,True,False,False
storyboard_ring,storyboard,X10,10,mixed,3,True,1,2,7,10,1016.0,4.513,2.377,9,9,0,845.43,True,False,False
storyboard_ring,storyboard,X10,10,mixed,3,True,1,3,6,10,974.0,4.513,2.375,9,9,0,847.53,True,False,False
storyboard_ring,storyboard,X10,10,mixed,3,True,1,4,5,10,932.0,4.513,2.375,9,9,0,849.63,True,False,False
storyboard_ring,storyboard,X10,10,mixed,3,True,1,5,4,10,890.0,4.513,2.375,9,9,0,851.73,True,False,False
storyboard_ring,storyboard,X10,10,mixed,3,True,1,6,3,10,848.0,4.513,2.375,9,9,0,853.83,True,False,False
storyboard_ring,storyboard,X10,10,mixed,3,True,1,7,2,10,806.0,4.513,2.375,9,9,0,855.93,True,False,False
storyboard_ring,storyboard,X10,10,mixed,3,True,1,8,1,10,764.0,4.513,2.375,9,9,0,858.03,True,False,False
storyboard_ring,storyboard,X10,10,mixed,2,False,1,9,0,10,722.0,4.513,2.375,9,9,0,860.13,True,False,False
storyboard_ring,storyboard,X10,10,mixed,2,False,2,0,8,10,1000.0,4.516,2.456,9,9,0,846.18,False,False,False
storyboard_ring,storyboard,X10,10,mixed,3,True,2,1,7,10,958.0,4.404,2.348,9,9,0,850.51,True,False,False
storyboard_ring,storyboard,X10,10,mixed,3,True,2,2,6,10,916.0,4.404,2.344,9,9,0,852.61,True,False,False
storyboard_ring,storyboard,X10,10,mixed,3,True,2,3,5,10,874.0,4.404,2.342,9,9,0,854.71,True,False,False
storyboard_ring,storyboard,X10,10,mixed,3,True,2,4,4,10,832.0,4.404,2.342,9,9,0,856.81,True,False,False
storyboard_ring,storyboard,X10,10,mixed,3,True,2,5,3,10,790.0,4.404,2.342,9,9,0,858.91,True,False,False
storyboard_ring,storyboard,X10,10,mixed,3,True,2,6,2,10,748.0,4.404,2.342,9,9,0,861.01,True,False,False
storyboard_ring,storyboard,X10,10,mixed,3,True,2,7,1,10,706.0,4.404,2.342,9,9,0,863.11,True,False,False
storyboard_ring,storyboard,X10,10,mixed,2,False,2,8,0,10,664.0,4.404,2.342,9,9,0,865.21,True,False,False
storyboard_ring,storyboard,X10,10,mixed,2,False,3,0,7,10,900.0,4.36,2.391,9,9,0,854.3,False,False,False
storyboard_ring,storyboard,X10,10,mixed,3,True,3,1,6,10,858.0,4.332,2.316,9,9,0,856.96,True,False,False
storyboard_ring,storyboard,X10,10,mixed,3,True,3,2,5,10,816.0,4.332,2.314,9,9,0,859.06,True,False,False
storyboard_ring,storyboard,X10,10,mixed,3,True,3,3,4,10,774.0,4.332,2.312,9,9,0,861.16,True,False,False
storyboard_ring,storyboard,X10,10,mixed,3,True,3,4,3,10,732.0,4.332,2.312,9,9,0,863.26,True,False,False
storyboard_ring,storyboard,X10,10,mixed,3,True,3,5,2,10,690.0,4.332,2.312,9,9,0,865.36,True,False,False
storyboard_ring,storyboard,X10,10,mixed,3,True,3,6,1,10,648.0,4.332,2.312,9,9,0,867.46,True,False,False
storyboard_ring,storyboard,X10,10,mixed,2,False,3,7,0,10,606.0,4.332,2.312,9,9,0,869.56,True,False,False
storyboard_ring,storyboard,X10,10,mixed,2,False,4,0,6,10,800.0,4.318,2.331,9,9,0,860.14,False,False,False
storyboard_ring,storyboard,X10,10,mixed,3,True,4,1,5,10,758.0,4.313,2.288,9,9,0,862.35,True,False,False
storyboard_ring,storyboard,X10,10,mixed,3,True,4,2,4,10,716.0,4.313,2.285,9,9,0,864.45,True,False,False
storyboard_ring,storyboard,X10,10,mixed,3,True,4,3,3,10,674.0,4.313,2.284,9,9,0,866.55,True,False,False
storyboard_ring,storyboard,X10,10,mixed,3,True,4,4,2,10,632.0,4.313,2.284,9,9,0,868.65,True,False,False
storyboard_ring,storyboard,X10,10,mixed,3,True,4,5,1,10,590.0,4.313,2.284,9,9,0,870.75,True,False,False
storyboard_ring,storyboard,X10,10,mixed,2,False,4,6,0,10,548.0,4.313,2.284,9,9,0,872.85,True,False,False
storyboard_ring,storyboard,X10,10,mixed,2,False,5,0,5,10,700.0,4.308,2.276,9,9,0,865.34,False,False,False
storyboard_ring,storyboard,X10,10,mixed,3,True,5,1,4,10,658.0,4.308,2.261,9,9,0,867.44,True,False,False
storyboard_ring,storyboard,X10,10,mixed,3,True,5,2,3,10,616.0,4.308,2.259,9,9,0,869.54,True,False,False
storyboard_ring,storyboard,X10,10,mixed,3,True,5,3,2,10,574.0,4.308,2.259,9,9,0,871.64,True,False,False
storyboard_ring,storyboard,X10,10,mixed,3,True,5,4,1,10,532.0,4.308,2.259,9,9,0,873.74,True,False,False
storyboard_ring,storyboard,X10,10,mixed,2,False,5,5,0,10,490.0,4.308,2.259,9,9,0,875.84,True,False,False
storyboard_ring,storyboard,X10,10,mixed,2,False,6,0,4,10,600.0,4.308,2.254,9,9,0,870.34,False,False,False
storyboard_ring,storyboard,X10,10,mixed,3,True,6,1,3,10,558.0,4.308,2.251,9,9,0,872.44,True,False,False
storyboard_ring,storyboard,X10,10,mixed,3,True,6,2,2,10,516.0,4.308,2.249,9,9,0,874.54,True,False,False
storyboard_ring,storyboard,X10,10,mixed,3,True,6,3,1,10,474.0,4.308,2.249,9,9,0,876.64,True,False,False
storyboard_ring,storyboard,X10,10,mixed,2,False,6,4,0,10,432.0,4.308,2.249,9,9,0,878.74,True,False,False
storyboard_ring,storyboard,X10,10,mixed,2,False,7,0,3,10,500.0,4.308,2.251,9,9,0,875.34,False,False,False
storyboard_ring,storyboard,X10,10,mixed,3,True,7,1,2,10,458.0,4.308,2.249,9,9,0,877.44,True,False,False
storyboard_ring,storyboard,X10,10,mixed,3,True,7,2,1,10,416.0,4.308,2.247,9,9,0,879.54,True,False,False
storyboard_ring,storyboard,X10,10,mixed,2,False,7,3,0,10,374.0,4.308,2.247,9,9,0,881.64,True,False,False
storyboard_ring,storyboard,X10,10,mixed,2,False,8,0,2,10,400.0,4.308,2.25,9,9,0,880.34,False,False,False
storyboard_ring,storyboard,X10,10,mixed,3,True,8,1,1,10,358.0,4.308,2.248,9,9,0,882.44,True,False,False
storyboard_ring,storyboard,X10,10,mixed,2,False,8,2,0,10,316.0,4.308,2.246,9,9,0,884.54,True,False,False
storyboard_ring,storyboard,X10,10,mixed,2,False,9,0,1,10,300.0,4.308,2.248,9,9,0,885.34,False,False,False
storyboard_ring,storyboard,X10,10,mixed,2,False,9,1,0,10,258.0,4.308,2.237,9,9,0,887.44,True,False,False
storyboard_ring,storyboard,X10,10,homogeneous_micro,1,False,10,0,0,10,200.0,4.308,2.252,9,9,0,890.34,False,False,False
storyboard_ring,storyboard,X12,12,homogeneous_large,1,False,0,0,12,12,1440.0,4.988,2.598,7,9,0,-999999993.0,False,False,False
storyboard_ring,storyboard,X12,12,mixed,2,False,0,1,11,12,1398.0,4.63,2.458,7,9,0,-999999993.0,True,False,False
storyboard_ring,storyboard,X12,12,mixed,2,False,0,2,10,12,1356.0,4.623,2.411,7,9,0,-999999993.0,True,False,False
storyboard_ring,storyboard,X12,12,mixed,2,False,0,3,9,12,1314.0,4.623,2.409,7,9,0,-999999993.0,True,False,False
storyboard_ring,storyboard,X12,12,mixed,2,False,0,4,8,12,1272.0,4.623,2.408,7,9,0,-999999993.0,True,False,False
storyboard_ring,storyboard,X12,12,mixed,2,False,0,5,7,12,1230.0,4.623,2.408,7,9,0,-999999993.0,True,False,False
storyboard_ring,storyboard,X12,12,mixed,2,False,0,6,6,12,1188.0,4.623,2.408,7,9,0,-999999993.0,True,False,False
storyboard_ring,storyboard,X12,12,mixed,2,False,0,7,5,12,1146.0,4.623,2.408,7,9,0,-999999993.0,True,False,False
storyboard_ring,storyboard,X12,12,mixed,2,False,0,8,4,12,1104.0,4.623,2.408,7,9,0,-999999993.0,True,False,False
storyboard_ring,storyboard,X12,12,mixed,2,False,0,9,3,12,1062.0,4.623,2.408,7,9,0,-999999993.0,True,False,False
storyboard_ring,storyboard,X12,12,mixed,2,False,0,10,2,12,1020.0,4.623,2.408,7,9,0,-999999993.0,True,False,False
storyboard_ring,storyboard,X12,12,mixed,2,False,0,11,1,12,978.0,4.623,2.408,7,9,0,-999999993.0,True,False,False
storyboard_ring,storyboard,X12,12,homogeneous_medium,1,False,0,12,0,12,936.0,4.623,2.408,7,9,0,-999999993.0,True,True,False
storyboard_ring,storyboard,X12,12,mixed,2,False,1,0,11,12,1340.0,4.751,2.526,9,9,0,820.47,False,False,False
storyboard_ring,storyboard,X12,12,mixed,3,True,1,1,10,12,1298.0,4.513,2.395,9,9,0,827.33,True,False,False
storyboard_ring,storyboard,X12,12,mixed,3,True,1,2,9,12,1256.0,4.513,2.377,9,9,0,829.43,True,False,False
storyboard_ring,storyboard,X12,12,mixed,3,True,1,3,8,12,1214.0,4.513,2.375,9,9,0,831.53,True,False,False
storyboard_ring,storyboard,X12,12,mixed,3,True,1,4,7,12,1172.0,4.513,2.375,9,9,0,833.63,True,False,False
storyboard_ring,storyboard,X12,12,mixed,3,True,1,5,6,12,1130.0,4.513,2.375,9,9,0,835.73,True,False,False
storyboard_ring,storyboard,X12,12,mixed,3,True,1,6,5,12,1088.0,4.513,2.375,9,9,0,837.83,True,False,False
storyboard_ring,storyboard,X12,12,mixed,3,True,1,7,4,12,1046.0,4.513,2.375,9,9,0,839.93,True,False,False
storyboard_ring,storyboard,X12,12,mixed,3,True,1,8,3,12,1004.0,4.513,2.375,9,9,0,842.03,True,False,False
storyboard_ring,storyboard,X12,12,mixed,3,True,1,9,2,12,962.0,4.513,2.375,9,9,0,844.13,True,False,False
storyboard_ring,storyboard,X12,12,mixed,3,True,1,10,1,12,920.0,4.513,2.375,9,9,0,846.23,True,False,False
storyboard_ring,storyboard,X12,12,mixed,2,False,1,11,0,12,878.0,4.513,2.375,9,9,0,848.33,True,False,False
storyboard_ring,storyboard,X12,12,mixed,2,False,2,0,10,12,1240.0,4.516,2.456,9,9,0,830.18,False,False,False
storyboard_ring,storyboard,X12,12,mixed,3,True,2,1,9,12,1198.0,4.404,2.348,9,9,0,834.51,True,False,False
storyboard_ring,storyboard,X12,12,mixed,3,True,2,2,8,12,1156.0,4.404,2.344,9,9,0,836.61,True,False,False
storyboard_ring,storyboard,X12,12,mixed,3,True,2,3,7,12,1114.0,4.404,2.342,9,9,0,838.71,True,False,False
storyboard_ring,storyboard,X12,12,mixed,3,True,2,4,6,12,1072.0,4.404,2.342,9,9,0,840.81,True,False,False
storyboard_ring,storyboard,X12,12,mixed,3,True,2,5,5,12,1030.0,4.404,2.342,9,9,0,842.91,True,False,False
storyboard_ring,storyboard,X12,12,mixed,3,True,2,6,4,12,988.0,4.404,2.342,9,9,0,845.01,True,False,False
storyboard_ring,storyboard,X12,12,mixed,3,True,2,7,3,12,946.0,4.404,2.342,9,9,0,847.11,True,False,False
storyboard_ring,storyboard,X12,12,mixed,3,True,2,8,2,12,904.0,4.404,2.342,9,9,0,849.21,True,False,False
storyboard_ring,storyboard,X12,12,mixed,3,True,2,9,1,12,862.0,4.404,2.342,9,9,0,851.31,True,False,False
storyboard_ring,storyboard,X12,12,mixed,2,False,2,10,0,12,820.0,4.404,2.342,9,9,0,853.41,True,False,False
storyboard_ring,storyboard,X12,12,mixed,2,False,3,0,9,12,1140.0,4.36,2.391,9,9,0,838.3,False,False,False
storyboard_ring,storyboard,X12,12,mixed,3,True,3,1,8,12,1098.0,4.332,2.316,9,9,0,840.96,True,False,False
storyboard_ring,storyboard,X12,12,mixed,3,True,3,2,7,12,1056.0,4.332,2.314,9,9,0,843.06,True,False,False
storyboard_ring,storyboard,X12,12,mixed,3,True,3,3,6,12,1014.0,4.332,2.312,9,9,0,845.16,True,False,False
storyboard_ring,storyboard,X12,12,mixed,3,True,3,4,5,12,972.0,4.332,2.312,9,9,0,847.26,True,False,False
storyboard_ring,storyboard,X12,12,mixed,3,True,3,5,4,12,930.0,4.332,2.312,9,9,0,849.36,True,False,False
storyboard_ring,storyboard,X12,12,mixed,3,True,3,6,3,12,888.0,4.332,2.312,9,9,0,851.46,True,False,False
storyboard_ring,storyboard,X12,12,mixed,3,True,3,7,2,12,846.0,4.332,2.312,9,9,0,853.56,True,False,False
storyboard_ring,storyboard,X12,12,mixed,3,True,3,8,1,12,804.0,4.332,2.312,9,9,0,855.66,True,False,False
storyboard_ring,storyboard,X12,12,mixed,2,False,3,9,0,12,762.0,4.332,2.312,9,9,0,857.76,True,False,False
storyboard_ring,storyboard,X12,12,mixed,2,False,4,0,8,12,1040.0,4.318,2.331,9,9,0,844.14,False,False,False
storyboard_ring,storyboard,X12,12,mixed,3,True,4,1,7,12,998.0,4.313,2.288,9,9,0,846.35,True,False,False
storyboard_ring,storyboard,X12,12,mixed,3,True,4,2,6,12,956.0,4.313,2.285,9,9,0,848.45,True,False,False
storyboard_ring,storyboard,X12,12,mixed,3,True,4,3,5,12,914.0,4.313,2.284,9,9,0,850.55,True,False,False
storyboard_ring,storyboard,X12,12,mixed,3,True,4,4,4,12,872.0,4.313,2.284,9,9,0,852.65,True,False,False
storyboard_ring,storyboard,X12,12,mixed,3,True,4,5,3,12,830.0,4.313,2.284,9,9,0,854.75,True,False,False
storyboard_ring,storyboard,X12,12,mixed,3,True,4,6,2,12,788.0,4.313,2.284,9,9,0,856.85,True,False,False
storyboard_ring,storyboard,X12,12,mixed,3,True,4,7,1,12,746.0,4.313,2.284,9,9,0,858.95,True,False,False
storyboard_ring,storyboard,X12,12,mixed,2,False,4,8,0,12,704.0,4.313,2.284,9,9,0,861.05,True,False,False
storyboard_ring,storyboard,X12,12,mixed,2,False,5,0,7,12,940.0,4.308,2.276,9,9,0,849.34,False,False,False
storyboard_ring,storyboard,X12,12,mixed,3,True,5,1,6,12,898.0,4.308,2.261,9,9,0,851.44,True,False,False
storyboard_ring,storyboard,X12,12,mixed,3,True,5,2,5,12,856.0,4.308,2.259,9,9,0,853.54,True,False,False
storyboard_ring,storyboard,X12,12,mixed,3,True,5,3,4,12,814.0,4.308,2.259,9,9,0,855.64,True,False,False
storyboard_ring,storyboard,X12,12,mixed,3,True,5,4,3,12,772.0,4.308,2.259,9,9,0,857.74,True,False,False
storyboard_ring,storyboard,X12,12,mixed,3,True,5,5,2,12,730.0,4.308,2.259,9,9,0,859.84,True,False,False
storyboard_ring,storyboard,X12,12,mixed,3,True,5,6,1,12,688.0,4.308,2.259,9,9,0,861.94,True,False,False
storyboard_ring,storyboard,X12,12,mixed,2,False,5,7,0,12,646.0,4.308,2.259,9,9,0,864.04,True,False,False
storyboard_ring,storyboard,X12,12,mixed,2,False,6,0,6,12,840.0,4.308,2.254,9,9,0,854.34,False,False,False
storyboard_ring,storyboard,X12,12,mixed,3,True,6,1,5,12,798.0,4.308,2.251,9,9,0,856.44,True,False,False
storyboard_ring,storyboard,X12,12,mixed,3,True,6,2,4,12,756.0,4.308,2.249,9,9,0,858.54,True,False,False
storyboard_ring,storyboard,X12,12,mixed,3,True,6,3,3,12,714.0,4.308,2.249,9,9,0,860.64,True,False,False
storyboard_ring,storyboard,X12,12,mixed,3,True,6,4,2,12,672.0,4.308,2.249,9,9,0,862.74,True,False,False
storyboard_ring,storyboard,X12,12,mixed,3,True,6,5,1,12,630.0,4.308,2.249,9,9,0,864.84,True,False,False
storyboard_ring,storyboard,X12,12,mixed,2,False,6,6,0,12,588.0,4.308,2.249,9,9,0,866.94,True,False,False
storyboard_ring,storyboard,X12,12,mixed,2,False,7,0,5,12,740.0,4.308,2.251,9,9,0,859.34,False,False,False
storyboard_ring,storyboard,X12,12,mixed,3,True,7,1,4,12,698.0,4.308,2.249,9,9,0,861.44,True,False,False
storyboard_ring,storyboard,X12,12,mixed,3,True,7,2,3,12,656.0,4.308,2.247,9,9,0,863.54,True,False,False
storyboard_ring,storyboard,X12,12,mixed,3,True,7,3,2,12,614.0,4.308,2.247,9,9,0,865.64,True,False,False
storyboard_ring,storyboard,X12,12,mixed,3,True,7,4,1,12,572.0,4.308,2.247,9,9,0,867.74,True,False,False
storyboard_ring,storyboard,X12,12,mixed,2,False,7,5,0,12,530.0,4.308,2.247,9,9,0,869.84,True,False,False
storyboard_ring,storyboard,X12,12,mixed,2,False,8,0,4,12,640.0,4.308,2.25,9,9,0,864.34,False,False,False
storyboard_ring,storyboard,X12,12,mixed,3,True,8,1,3,12,598.0,4.308,2.248,9,9,0,866.44,True,False,False
storyboard_ring,storyboard,X12,12,mixed,3,True,8,2,2,12,556.0,4.308,2.246,9,9,0,868.54,True,False,False
storyboard_ring,storyboard,X12,12,mixed,3,True,8,3,1,12,514.0,4.308,2.246,9,9,0,870.64,True,False,False
storyboard_ring,storyboard,X12,12,mixed,2,False,8,4,0,12,472.0,4.308,2.246,9,9,0,872.74,True,False,False
storyboard_ring,storyboard,X12,12,mixed,2,False,9,0,3,12,540.0,4.308,2.249,9,9,0,869.34,False,False,False
storyboard_ring,storyboard,X12,12,mixed,3,True,9,1,2,12,498.0,4.308,2.247,9,9,0,871.44,True,False,False
storyboard_ring,storyboard,X12,12,mixed,3,True,9,2,1,12,456.0,4.308,2.246,9,9,0,873.54,True,False,False
storyboard_ring,storyboard,X12,12,mixed,2,False,9,3,0,12,414.0,4.308,2.246,9,9,0,875.64,True,False,False
storyboard_ring,storyboard,X12,12,mixed,2,False,10,0,2,12,440.0,4.308,2.248,9,9,0,874.34,False,False,False
storyboard_ring,storyboard,X12,12,mixed,3,True,10,1,1,12,398.0,4.308,2.246,9,9,0,876.44,True,False,False
storyboard_ring,storyboard,X12,12,mixed,2,False,10,2,0,12,356.0,4.308,2.245,9,9,0,878.54,True,False,False
storyboard_ring,storyboard,X12,12,mixed,2,False,11,0,1,12,340.0,4.308,2.247,9,9,0,879.34,False,False,False
storyboard_ring,storyboard,X12,12,mixed,2,False,11,1,0,12,298.0,4.308,2.244,9,9,0,881.44,True,False,False
storyboard_ring,storyboard,X12,12,homogeneous_micro,1,False,12,0,0,12,240.0,4.308,2.23,9,9,0,884.34,False,False,False
storyboard_ring,storyboard,X14,14,homogeneous_large,1,False,0,0,14,14,1680.0,4.988,2.598,7,9,0,-999999993.0,False,False,False
storyboard_ring,storyboard,X14,14,mixed,2,False,0,1,13,14,1638.0,4.63,2.458,7,9,0,-999999993.0,True,False,False
storyboard_ring,storyboard,X14,14,mixed,2,False,0,2,12,14,1596.0,4.623,2.411,7,9,0,-999999993.0,True,False,False
storyboard_ring,storyboard,X14,14,mixed,2,False,0,3,11,14,1554.0,4.623,2.409,7,9,0,-999999993.0,True,False,False
storyboard_ring,storyboard,X14,14,mixed,2,False,0,4,10,14,1512.0,4.623,2.408,7,9,0,-999999993.0,True,False,False
storyboard_ring,storyboard,X14,14,mixed,2,False,0,5,9,14,1470.0,4.623,2.408,7,9,0,-999999993.0,True,False,False
storyboard_ring,storyboard,X14,14,mixed,2,False,0,6,8,14,1428.0,4.623,2.408,7,9,0,-999999993.0,True,False,False
storyboard_ring,storyboard,X14,14,mixed,2,False,0,7,7,14,1386.0,4.623,2.408,7,9,0,-999999993.0,True,False,False
storyboard_ring,storyboard,X14,14,mixed,2,False,0,8,6,14,1344.0,4.623,2.408,7,9,0,-999999993.0,True,False,False
storyboard_ring,storyboard,X14,14,mixed,2,False,0,9,5,14,1302.0,4.623,2.408,7,9,0,-999999993.0,True,False,False
storyboard_ring,storyboard,X14,14,mixed,2,False,0,10,4,14,1260.0,4.623,2.408,7,9,0,-999999993.0,True,False,False
storyboard_ring,storyboard,X14,14,mixed,2,False,0,11,3,14,1218.0,4.623,2.408,7,9,0,-999999993.0,True,False,False
storyboard_ring,storyboard,X14,14,mixed,2,False,0,12,2,14,1176.0,4.623,2.408,7,9,0,-999999993.0,True,False,False
storyboard_ring,storyboard,X14,14,mixed,2,False,0,13,1,14,1134.0,4.623,2.408,7,9,0,-999999993.0,True,False,False
storyboard_ring,storyboard,X14,14,homogeneous_medium,1,False,0,14,0,14,1092.0,4.623,2.408,7,9,0,-999999993.0,True,False,False
storyboard_ring,storyboard,X14,14,mixed,2,False,1,0,13,14,1580.0,4.751,2.526,9,9,0,804.47,False,False,False
storyboard_ring,storyboard,X14,14,mixed,3,True,1,1,12,14,1538.0,4.513,2.395,9,9,0,811.33,True,False,False
storyboard_ring,storyboard,X14,14,mixed,3,True,1,2,11,14,1496.0,4.513,2.377,9,9,0,813.43,True,False,False
storyboard_ring,storyboard,X14,14,mixed,3,True,1,3,10,14,1454.0,4.513,2.375,9,9,0,815.53,True,False,False
storyboard_ring,storyboard,X14,14,mixed,3,True,1,4,9,14,1412.0,4.513,2.375,9,9,0,817.63,True,False,False
storyboard_ring,storyboard,X14,14,mixed,3,True,1,5,8,14,1370.0,4.513,2.375,9,9,0,819.73,True,False,False
storyboard_ring,storyboard,X14,14,mixed,3,True,1,6,7,14,1328.0,4.513,2.375,9,9,0,821.83,True,False,False
storyboard_ring,storyboard,X14,14,mixed,3,True,1,7,6,14,1286.0,4.513,2.375,9,9,0,823.93,True,False,False
storyboard_ring,storyboard,X14,14,mixed,3,True,1,8,5,14,1244.0,4.513,2.375,9,9,0,826.03,True,False,False
storyboard_ring,storyboard,X14,14,mixed,3,True,1,9,4,14,1202.0,4.513,2.375,9,9,0,828.13,True,False,False
storyboard_ring,storyboard,X14,14,mixed,3,True,1,10,3,14,1160.0,4.513,2.375,9,9,0,830.23,True,False,False
storyboard_ring,storyboard,X14,14,mixed,3,True,1,11,2,14,1118.0,4.513,2.375,9,9,0,832.33,True,False,False
storyboard_ring,storyboard,X14,14,mixed,3,True,1,12,1,14,1076.0,4.513,2.375,9,9,0,834.43,True,False,False
storyboard_ring,storyboard,X14,14,mixed,2,False,1,13,0,14,1034.0,4.513,2.375,9,9,0,836.53,True,False,False
storyboard_ring,storyboard,X14,14,mixed,2,False,2,0,12,14,1480.0,4.516,2.456,9,9,0,814.18,False,False,False
storyboard_ring,storyboard,X14,14,mixed,3,True,2,1,11,14,1438.0,4.404,2.348,9,9,0,818.51,True,False,False
storyboard_ring,storyboard,X14,14,mixed,3,True,2,2,10,14,1396.0,4.404,2.344,9,9,0,820.61,True,False,False
storyboard_ring,storyboard,X14,14,mixed,3,True,2,3,9,14,1354.0,4.404,2.342,9,9,0,822.71,True,False,False
storyboard_ring,storyboard,X14,14,mixed,3,True,2,4,8,14,1312.0,4.404,2.342,9,9,0,824.81,True,False,False
storyboard_ring,storyboard,X14,14,mixed,3,True,2,5,7,14,1270.0,4.404,2.342,9,9,0,826.91,True,False,False
storyboard_ring,storyboard,X14,14,mixed,3,True,2,6,6,14,1228.0,4.404,2.342,9,9,0,829.01,True,False,False
storyboard_ring,storyboard,X14,14,mixed,3,True,2,7,5,14,1186.0,4.404,2.342,9,9,0,831.11,True,False,False
storyboard_ring,storyboard,X14,14,mixed,3,True,2,8,4,14,1144.0,4.404,2.342,9,9,0,833.21,True,False,False
storyboard_ring,storyboard,X14,14,mixed,3,True,2,9,3,14,1102.0,4.404,2.342,9,9,0,835.31,True,False,False
storyboard_ring,storyboard,X14,14,mixed,3,True,2,10,2,14,1060.0,4.404,2.342,9,9,0,837.41,True,False,False
storyboard_ring,storyboard,X14,14,mixed,3,True,2,11,1,14,1018.0,4.404,2.342,9,9,0,839.51,True,False,False
storyboard_ring,storyboard,X14,14,mixed,2,False,2,12,0,14,976.0,4.404,2.342,9,9,0,841.61,True,False,False
storyboard_ring,storyboard,X14,14,mixed,2,False,3,0,11,14,1380.0,4.36,2.391,9,9,0,822.3,False,False,False
storyboard_ring,storyboard,X14,14,mixed,3,True,3,1,10,14,1338.0,4.332,2.316,9,9,0,824.96,True,False,False
storyboard_ring,storyboard,X14,14,mixed,3,True,3,2,9,14,1296.0,4.332,2.314,9,9,0,827.06,True,False,False
storyboard_ring,storyboard,X14,14,mixed,3,True,3,3,8,14,1254.0,4.332,2.312,9,9,0,829.16,True,False,False
storyboard_ring,storyboard,X14,14,mixed,3,True,3,4,7,14,1212.0,4.332,2.312,9,9,0,831.26,True,False,False
storyboard_ring,storyboard,X14,14,mixed,3,True,3,5,6,14,1170.0,4.332,2.312,9,9,0,833.36,True,False,False
storyboard_ring,storyboard,X14,14,mixed,3,True,3,6,5,14,1128.0,4.332,2.312,9,9,0,835.46,True,False,False
storyboard_ring,storyboard,X14,14,mixed,3,True,3,7,4,14,1086.0,4.332,2.312,9,9,0,837.56,True,False,False
storyboard_ring,storyboard,X14,14,mixed,3,True,3,8,3,14,1044.0,4.332,2.312,9,9,0,839.66,True,False,False
storyboard_ring,storyboard,X14,14,mixed,3,True,3,9,2,14,1002.0,4.332,2.312,9,9,0,841.76,True,False,False
storyboard_ring,storyboard,X14,14,mixed,3,True,3,10,1,14,960.0,4.332,2.312,9,9,0,843.86,True,False,False
storyboard_ring,storyboard,X14,14,mixed,2,False,3,11,0,14,918.0,4.332,2.312,9,9,0,845.96,True,False,False
storyboard_ring,storyboard,X14,14,mixed,2,False,4,0,10,14,1280.0,4.318,2.331,9,9,0,828.14,False,False,False
storyboard_ring,storyboard,X14,14,mixed,3,True,4,1,9,14,1238.0,4.313,2.288,9,9,0,830.35,True,False,False
storyboard_ring,storyboard,X14,14,mixed,3,True,4,2,8,14,1196.0,4.313,2.285,9,9,0,832.45,True,False,False
storyboard_ring,storyboard,X14,14,mixed,3,True,4,3,7,14,1154.0,4.313,2.284,9,9,0,834.55,True,False,False
storyboard_ring,storyboard,X14,14,mixed,3,True,4,4,6,14,1112.0,4.313,2.284,9,9,0,836.65,True,False,False
storyboard_ring,storyboard,X14,14,mixed,3,True,4,5,5,14,1070.0,4.313,2.284,9,9,0,838.75,True,False,False
storyboard_ring,storyboard,X14,14,mixed,3,True,4,6,4,14,1028.0,4.313,2.284,9,9,0,840.85,True,False,False
storyboard_ring,storyboard,X14,14,mixed,3,True,4,7,3,14,986.0,4.313,2.284,9,9,0,842.95,True,False,False
storyboard_ring,storyboard,X14,14,mixed,3,True,4,8,2,14,944.0,4.313,2.284,9,9,0,845.05,True,False,False
storyboard_ring,storyboard,X14,14,mixed,3,True,4,9,1,14,902.0,4.313,2.284,9,9,0,847.15,True,False,False
storyboard_ring,storyboard,X14,14,mixed,2,False,4,10,0,14,860.0,4.313,2.284,9,9,0,849.25,True,False,False
storyboard_ring,storyboard,X14,14,mixed,2,False,5,0,9,14,1180.0,4.308,2.276,9,9,0,833.34,False,False,False
storyboard_ring,storyboard,X14,14,mixed,3,True,5,1,8,14,1138.0,4.308,2.261,9,9,0,835.44,True,False,False
storyboard_ring,storyboard,X14,14,mixed,3,True,5,2,7,14,1096.0,4.308,2.259,9,9,0,837.54,True,False,False
storyboard_ring,storyboard,X14,14,mixed,3,True,5,3,6,14,1054.0,4.308,2.259,9,9,0,839.64,True,False,False
storyboard_ring,storyboard,X14,14,mixed,3,True,5,4,5,14,1012.0,4.308,2.259,9,9,0,841.74,True,False,False
storyboard_ring,storyboard,X14,14,mixed,3,True,5,5,4,14,970.0,4.308,2.259,9,9,0,843.84,True,False,False
storyboard_ring,storyboard,X14,14,mixed,3,True,5,6,3,14,928.0,4.308,2.259,9,9,0,845.94,True,False,False
storyboard_ring,storyboard,X14,14,mixed,3,True,5,7,2,14,886.0,4.308,2.259,9,9,0,848.04,True,False,False
storyboard_ring,storyboard,X14,14,mixed,3,True,5,8,1,14,844.0,4.308,2.259,9,9,0,850.14,True,False,False
storyboard_ring,storyboard,X14,14,mixed,2,False,5,9,0,14,802.0,4.308,2.259,9,9,0,852.24,True,False,False
storyboard_ring,storyboard,X14,14,mixed,2,False,6,0,8,14,1080.0,4.308,2.254,9,9,0,838.34,False,False,False
storyboard_ring,storyboard,X14,14,mixed,3,True,6,1,7,14,1038.0,4.308,2.251,9,9,0,840.44,True,False,False
storyboard_ring,storyboard,X14,14,mixed,3,True,6,2,6,14,996.0,4.308,2.249,9,9,0,842.54,True,False,False
storyboard_ring,storyboard,X14,14,mixed,3,True,6,3,5,14,954.0,4.308,2.249,9,9,0,844.64,True,False,False
storyboard_ring,storyboard,X14,14,mixed,3,True,6,4,4,14,912.0,4.308,2.249,9,9,0,846.74,True,False,False
storyboard_ring,storyboard,X14,14,mixed,3,True,6,5,3,14,870.0,4.308,2.249,9,9,0,848.84,True,False,False
storyboard_ring,storyboard,X14,14,mixed,3,True,6,6,2,14,828.0,4.308,2.249,9,9,0,850.94,True,False,False
storyboard_ring,storyboard,X14,14,mixed,3,True,6,7,1,14,786.0,4.308,2.249,9,9,0,853.04,True,False,False
storyboard_ring,storyboard,X14,14,mixed,2,False,6,8,0,14,744.0,4.308,2.249,9,9,0,855.14,True,False,False
storyboard_ring,storyboard,X14,14,mixed,2,False,7,0,7,14,980.0,4.308,2.251,9,9,0,843.34,False,False,False
storyboard_ring,storyboard,X14,14,mixed,3,True,7,1,6,14,938.0,4.308,2.249,9,9,0,845.44,True,False,False
storyboard_ring,storyboard,X14,14,mixed,3,True,7,2,5,14,896.0,4.308,2.247,9,9,0,847.54,True,False,False
storyboard_ring,storyboard,X14,14,mixed,3,True,7,3,4,14,854.0,4.308,2.247,9,9,0,849.64,True,False,False
storyboard_ring,storyboard,X14,14,mixed,3,True,7,4,3,14,812.0,4.308,2.247,9,9,0,851.74,True,False,False
storyboard_ring,storyboard,X14,14,mixed,3,True,7,5,2,14,770.0,4.308,2.247,9,9,0,853.84,True,False,False
storyboard_ring,storyboard,X14,14,mixed,3,True,7,6,1,14,728.0,4.308,2.247,9,9,0,855.94,True,False,False
storyboard_ring,storyboard,X14,14,mixed,2,False,7,7,0,14,686.0,4.308,2.247,9,9,0,858.04,True,False,False
storyboard_ring,storyboard,X14,14,mixed,2,False,8,0,6,14,880.0,4.308,2.25,9,9,0,848.34,False,False,False
storyboard_ring,storyboard,X14,14,mixed,3,True,8,1,5,14,838.0,4.308,2.248,9,9,0,850.44,True,False,False
storyboard_ring,storyboard,X14,14,mixed,3,True,8,2,4,14,796.0,4.308,2.246,9,9,0,852.54,True,False,False
storyboard_ring,storyboard,X14,14,mixed,3,True,8,3,3,14,754.0,4.308,2.246,9,9,0,854.64,True,False,False
storyboard_ring,storyboard,X14,14,mixed,3,True,8,4,2,14,712.0,4.308,2.246,9,9,0,856.74,True,False,False
storyboard_ring,storyboard,X14,14,mixed,3,True,8,5,1,14,670.0,4.308,2.246,9,9,0,858.84,True,False,False
storyboard_ring,storyboard,X14,14,mixed,2,False,8,6,0,14,628.0,4.308,2.246,9,9,0,860.94,True,False,False
storyboard_ring,storyboard,X14,14,mixed,2,False,9,0,5,14,780.0,4.308,2.249,9,9,0,853.34,False,False,False
storyboard_ring,storyboard,X14,14,mixed,3,True,9,1,4,14,738.0,4.308,2.247,9,9,0,855.44,True,False,False
storyboard_ring,storyboard,X14,14,mixed,3,True,9,2,3,14,696.0,4.308,2.246,9,9,0,857.54,True,False,False
storyboard_ring,storyboard,X14,14,mixed,3,True,9,3,2,14,654.0,4.308,2.246,9,9,0,859.64,True,False,False
storyboard_ring,storyboard,X14,14,mixed,3,True,9,4,1,14,612.0,4.308,2.246,9,9,0,861.74,True,False,False
storyboard_ring,storyboard,X14,14,mixed,2,False,9,5,0,14,570.0,4.308,2.246,9,9,0,863.84,True,False,False
storyboard_ring,storyboard,X14,14,mixed,2,False,10,0,4,14,680.0,4.308,2.248,9,9,0,858.34,False,False,False
storyboard_ring,storyboard,X14,14,mixed,3,True,10,1,3,14,638.0,4.308,2.246,9,9,0,860.44,True,False,False
storyboard_ring,storyboard,X14,14,mixed,3,True,10,2,2,14,596.0,4.308,2.245,9,9,0,862.54,True,False,False
storyboard_ring,storyboard,X14,14,mixed,3,True,10,3,1,14,554.0,4.308,2.245,9,9,0,864.64,True,False,False
storyboard_ring,storyboard,X14,14,mixed,2,False,10,4,0,14,512.0,4.308,2.245,9,9,0,866.74,True,False,False
storyboard_ring,storyboard,X14,14,mixed,2,False,11,0,3,14,580.0,4.308,2.247,9,9,0,863.34,False,False,False
storyboard_ring,storyboard,X14,14,mixed,3,True,11,1,2,14,538.0,4.308,2.245,9,9,0,865.44,True,False,False
storyboard_ring,storyboard,X14,14,mixed,3,True,11,2,1,14,496.0,4.308,2.245,9,9,0,867.54,True,False,False
storyboard_ring,storyboard,X14,14,mixed,2,False,11,3,0,14,454.0,4.308,2.245,9,9,0,869.64,True,False,False
storyboard_ring,storyboard,X14,14,mixed,2,False,12,0,2,14,480.0,4.308,2.246,9,9,0,868.34,False,False,False
storyboard_ring,storyboard,X14,14,mixed,3,True,12,1,1,14,438.0,4.308,2.245,9,9,0,870.44,True,False,False
storyboard_ring,storyboard,X14,14,mixed,2,False,12,2,0,14,396.0,4.308,2.245,9,9,0,872.54,True,False,False
storyboard_ring,storyboard,X14,14,mixed,2,False,13,0,1,14,380.0,4.308,2.245,9,9,0,873.34,False,False,False
storyboard_ring,storyboard,X14,14,mixed,2,False,13,1,0,14,338.0,4.308,2.244,9,9,0,875.44,True,False,False
storyboard_ring,storyboard,X14,14,homogeneous_micro,1,False,14,0,0,14,280.0,4.308,2.24,9,9,0,878.34,False,False,False
storyboard_ring,storyboard,X16,16,homogeneous_large,1,False,0,0,16,16,1920.0,4.988,2.598,7,9,0,-999999993.0,False,False,False
storyboard_ring,storyboard,X16,16,mixed,2,False,0,1,15,16,1878.0,4.63,2.458,7,9,0,-999999993.0,True,False,False
storyboard_ring,storyboard,X16,16,mixed,2,False,0,2,14,16,1836.0,4.623,2.411,7,9,0,-999999993.0,True,False,False
storyboard_ring,storyboard,X16,16,mixed,2,False,0,3,13,16,1794.0,4.623,2.409,7,9,0,-999999993.0,True,False,False
storyboard_ring,storyboard,X16,16,mixed,2,False,0,4,12,16,1752.0,4.623,2.408,7,9,0,-999999993.0,True,False,False
storyboard_ring,storyboard,X16,16,mixed,2,False,0,5,11,16,1710.0,4.623,2.408,7,9,0,-999999993.0,True,False,False
storyboard_ring,storyboard,X16,16,mixed,2,False,0,6,10,16,1668.0,4.623,2.408,7,9,0,-999999993.0,True,False,False
storyboard_ring,storyboard,X16,16,mixed,2,False,0,7,9,16,1626.0,4.623,2.408,7,9,0,-999999993.0,True,False,False
storyboard_ring,storyboard,X16,16,mixed,2,False,0,8,8,16,1584.0,4.623,2.408,7,9,0,-999999993.0,True,False,False
storyboard_ring,storyboard,X16,16,mixed,2,False,0,9,7,16,1542.0,4.623,2.408,7,9,0,-999999993.0,True,False,False
storyboard_ring,storyboard,X16,16,mixed,2,False,0,10,6,16,1500.0,4.623,2.408,7,9,0,-999999993.0,True,False,False
storyboard_ring,storyboard,X16,16,mixed,2,False,0,11,5,16,1458.0,4.623,2.408,7,9,0,-999999993.0,True,False,False
storyboard_ring,storyboard,X16,16,mixed,2,False,0,12,4,16,1416.0,4.623,2.408,7,9,0,-999999993.0,True,False,False
storyboard_ring,storyboard,X16,16,mixed,2,False,0,13,3,16,1374.0,4.623,2.408,7,9,0,-999999993.0,True,False,False
storyboard_ring,storyboard,X16,16,mixed,2,False,0,14,2,16,1332.0,4.623,2.408,7,9,0,-999999993.0,True,False,False
storyboard_ring,storyboard,X16,16,mixed,2,False,0,15,1,16,1290.0,4.623,2.408,7,9,0,-999999993.0,True,False,False
storyboard_ring,storyboard,X16,16,homogeneous_medium,1,False,0,16,0,16,1248.0,4.623,2.408,7,9,0,-999999993.0,True,False,False
storyboard_ring,storyboard,X16,16,mixed,2,False,1,0,15,16,1820.0,4.751,2.526,9,9,0,788.47,False,False,False
storyboard_ring,storyboard,X16,16,mixed,3,True,1,1,14,16,1778.0,4.513,2.395,9,9,0,795.33,True,False,False
storyboard_ring,storyboard,X16,16,mixed,3,True,1,2,13,16,1736.0,4.513,2.377,9,9,0,797.43,True,False,False
storyboard_ring,storyboard,X16,16,mixed,3,True,1,3,12,16,1694.0,4.513,2.375,9,9,0,799.53,True,False,False
storyboard_ring,storyboard,X16,16,mixed,3,True,1,4,11,16,1652.0,4.513,2.375,9,9,0,801.63,True,False,False
storyboard_ring,storyboard,X16,16,mixed,3,True,1,5,10,16,1610.0,4.513,2.375,9,9,0,803.73,True,False,False
storyboard_ring,storyboard,X16,16,mixed,3,True,1,6,9,16,1568.0,4.513,2.375,9,9,0,805.83,True,False,False
storyboard_ring,storyboard,X16,16,mixed,3,True,1,7,8,16,1526.0,4.513,2.375,9,9,0,807.93,True,False,False
storyboard_ring,storyboard,X16,16,mixed,3,True,1,8,7,16,1484.0,4.513,2.375,9,9,0,810.03,True,False,False
storyboard_ring,storyboard,X16,16,mixed,3,True,1,9,6,16,1442.0,4.513,2.375,9,9,0,812.13,True,False,False
storyboard_ring,storyboard,X16,16,mixed,3,True,1,10,5,16,1400.0,4.513,2.375,9,9,0,814.23,True,False,False
storyboard_ring,storyboard,X16,16,mixed,3,True,1,11,4,16,1358.0,4.513,2.375,9,9,0,816.33,True,False,False
storyboard_ring,storyboard,X16,16,mixed,3,True,1,12,3,16,1316.0,4.513,2.375,9,9,0,818.43,True,False,False
storyboard_ring,storyboard,X16,16,mixed,3,True,1,13,2,16,1274.0,4.513,2.375,9,9,0,820.53,True,False,False
storyboard_ring,storyboard,X16,16,mixed,3,True,1,14,1,16,1232.0,4.513,2.375,9,9,0,822.63,True,False,False
storyboard_ring,storyboard,X16,16,mixed,2,False,1,15,0,16,1190.0,4.513,2.375,9,9,0,824.73,True,False,False
storyboard_ring,storyboard,X16,16,mixed,2,False,2,0,14,16,1720.0,4.516,2.456,9,9,0,798.18,False,False,False
storyboard_ring,storyboard,X16,16,mixed,3,True,2,1,13,16,1678.0,4.404,2.348,9,9,0,802.51,True,False,False
storyboard_ring,storyboard,X16,16,mixed,3,True,2,2,12,16,1636.0,4.404,2.344,9,9,0,804.61,True,False,False
storyboard_ring,storyboard,X16,16,mixed,3,True,2,3,11,16,1594.0,4.404,2.342,9,9,0,806.71,True,False,False
storyboard_ring,storyboard,X16,16,mixed,3,True,2,4,10,16,1552.0,4.404,2.342,9,9,0,808.81,True,False,False
storyboard_ring,storyboard,X16,16,mixed,3,True,2,5,9,16,1510.0,4.404,2.342,9,9,0,810.91,True,False,False
storyboard_ring,storyboard,X16,16,mixed,3,True,2,6,8,16,1468.0,4.404,2.342,9,9,0,813.01,True,False,False
storyboard_ring,storyboard,X16,16,mixed,3,True,2,7,7,16,1426.0,4.404,2.342,9,9,0,815.11,True,False,False
storyboard_ring,storyboard,X16,16,mixed,3,True,2,8,6,16,1384.0,4.404,2.342,9,9,0,817.21,True,False,False
storyboard_ring,storyboard,X16,16,mixed,3,True,2,9,5,16,1342.0,4.404,2.342,9,9,0,819.31,True,False,False
storyboard_ring,storyboard,X16,16,mixed,3,True,2,10,4,16,1300.0,4.404,2.342,9,9,0,821.41,True,False,False
storyboard_ring,storyboard,X16,16,mixed,3,True,2,11,3,16,1258.0,4.404,2.342,9,9,0,823.51,True,False,False
storyboard_ring,storyboard,X16,16,mixed,3,True,2,12,2,16,1216.0,4.404,2.342,9,9,0,825.61,True,False,False
storyboard_ring,storyboard,X16,16,mixed,3,True,2,13,1,16,1174.0,4.404,2.342,9,9,0,827.71,True,False,False
storyboard_ring,storyboard,X16,16,mixed,2,False,2,14,0,16,1132.0,4.404,2.342,9,9,0,829.81,True,False,False
storyboard_ring,storyboard,X16,16,mixed,2,False,3,0,13,16,1620.0,4.36,2.391,9,9,0,806.3,False,False,False
storyboard_ring,storyboard,X16,16,mixed,3,True,3,1,12,16,1578.0,4.332,2.316,9,9,0,808.96,True,False,False
storyboard_ring,storyboard,X16,16,mixed,3,True,3,2,11,16,1536.0,4.332,2.314,9,9,0,811.06,True,False,False
storyboard_ring,storyboard,X16,16,mixed,3,True,3,3,10,16,1494.0,4.332,2.312,9,9,0,813.16,True,False,False
storyboard_ring,storyboard,X16,16,mixed,3,True,3,4,9,16,1452.0,4.332,2.312,9,9,0,815.26,True,False,False
storyboard_ring,storyboard,X16,16,mixed,3,True,3,5,8,16,1410.0,4.332,2.312,9,9,0,817.36,True,False,False
storyboard_ring,storyboard,X16,16,mixed,3,True,3,6,7,16,1368.0,4.332,2.312,9,9,0,819.46,True,False,False
storyboard_ring,storyboard,X16,16,mixed,3,True,3,7,6,16,1326.0,4.332,2.312,9,9,0,821.56,True,False,False
storyboard_ring,storyboard,X16,16,mixed,3,True,3,8,5,16,1284.0,4.332,2.312,9,9,0,823.66,True,False,False
storyboard_ring,storyboard,X16,16,mixed,3,True,3,9,4,16,1242.0,4.332,2.312,9,9,0,825.76,True,False,False
storyboard_ring,storyboard,X16,16,mixed,3,True,3,10,3,16,1200.0,4.332,2.312,9,9,0,827.86,True,False,False
storyboard_ring,storyboard,X16,16,mixed,3,True,3,11,2,16,1158.0,4.332,2.312,9,9,0,829.96,True,False,False
storyboard_ring,storyboard,X16,16,mixed,3,True,3,12,1,16,1116.0,4.332,2.312,9,9,0,832.06,True,False,False
storyboard_ring,storyboard,X16,16,mixed,2,False,3,13,0,16,1074.0,4.332,2.312,9,9,0,834.16,True,False,False
storyboard_ring,storyboard,X16,16,mixed,2,False,4,0,12,16,1520.0,4.318,2.331,9,9,0,812.14,False,False,False
storyboard_ring,storyboard,X16,16,mixed,3,True,4,1,11,16,1478.0,4.313,2.288,9,9,0,814.35,True,False,False
storyboard_ring,storyboard,X16,16,mixed,3,True,4,2,10,16,1436.0,4.313,2.285,9,9,0,816.45,True,False,False
storyboard_ring,storyboard,X16,16,mixed,3,True,4,3,9,16,1394.0,4.313,2.284,9,9,0,818.55,True,False,False
storyboard_ring,storyboard,X16,16,mixed,3,True,4,4,8,16,1352.0,4.313,2.284,9,9,0,820.65,True,False,False
storyboard_ring,storyboard,X16,16,mixed,3,True,4,5,7,16,1310.0,4.313,2.284,9,9,0,822.75,True,False,False
storyboard_ring,storyboard,X16,16,mixed,3,True,4,6,6,16,1268.0,4.313,2.284,9,9,0,824.85,True,False,False
storyboard_ring,storyboard,X16,16,mixed,3,True,4,7,5,16,1226.0,4.313,2.284,9,9,0,826.95,True,False,False
storyboard_ring,storyboard,X16,16,mixed,3,True,4,8,4,16,1184.0,4.313,2.284,9,9,0,829.05,True,False,False
storyboard_ring,storyboard,X16,16,mixed,3,True,4,9,3,16,1142.0,4.313,2.284,9,9,0,831.15,True,False,False
storyboard_ring,storyboard,X16,16,mixed,3,True,4,10,2,16,1100.0,4.313,2.284,9,9,0,833.25,True,False,False
storyboard_ring,storyboard,X16,16,mixed,3,True,4,11,1,16,1058.0,4.313,2.284,9,9,0,835.35,True,False,False
storyboard_ring,storyboard,X16,16,mixed,2,False,4,12,0,16,1016.0,4.313,2.284,9,9,0,837.45,True,False,False
storyboard_ring,storyboard,X16,16,mixed,2,False,5,0,11,16,1420.0,4.308,2.276,9,9,0,817.34,False,False,False
storyboard_ring,storyboard,X16,16,mixed,3,True,5,1,10,16,1378.0,4.308,2.261,9,9,0,819.44,True,False,False
storyboard_ring,storyboard,X16,16,mixed,3,True,5,2,9,16,1336.0,4.308,2.259,9,9,0,821.54,True,False,False
storyboard_ring,storyboard,X16,16,mixed,3,True,5,3,8,16,1294.0,4.308,2.259,9,9,0,823.64,True,False,False
storyboard_ring,storyboard,X16,16,mixed,3,True,5,4,7,16,1252.0,4.308,2.259,9,9,0,825.74,True,False,False
storyboard_ring,storyboard,X16,16,mixed,3,True,5,5,6,16,1210.0,4.308,2.259,9,9,0,827.84,True,False,False
storyboard_ring,storyboard,X16,16,mixed,3,True,5,6,5,16,1168.0,4.308,2.259,9,9,0,829.94,True,False,False
storyboard_ring,storyboard,X16,16,mixed,3,True,5,7,4,16,1126.0,4.308,2.259,9,9,0,832.04,True,False,False
storyboard_ring,storyboard,X16,16,mixed,3,True,5,8,3,16,1084.0,4.308,2.259,9,9,0,834.14,True,False,False
storyboard_ring,storyboard,X16,16,mixed,3,True,5,9,2,16,1042.0,4.308,2.259,9,9,0,836.24,True,False,False
storyboard_ring,storyboard,X16,16,mixed,3,True,5,10,1,16,1000.0,4.308,2.259,9,9,0,838.34,True,False,False
storyboard_ring,storyboard,X16,16,mixed,2,False,5,11,0,16,958.0,4.308,2.259,9,9,0,840.44,True,False,False
storyboard_ring,storyboard,X16,16,mixed,2,False,6,0,10,16,1320.0,4.308,2.254,9,9,0,822.34,False,False,False
storyboard_ring,storyboard,X16,16,mixed,3,True,6,1,9,16,1278.0,4.308,2.251,9,9,0,824.44,True,False,False
storyboard_ring,storyboard,X16,16,mixed,3,True,6,2,8,16,1236.0,4.308,2.249,9,9,0,826.54,True,False,False
storyboard_ring,storyboard,X16,16,mixed,3,True,6,3,7,16,1194.0,4.308,2.249,9,9,0,828.64,True,False,False
storyboard_ring,storyboard,X16,16,mixed,3,True,6,4,6,16,1152.0,4.308,2.249,9,9,0,830.74,True,False,False
storyboard_ring,storyboard,X16,16,mixed,3,True,6,5,5,16,1110.0,4.308,2.249,9,9,0,832.84,True,False,False
storyboard_ring,storyboard,X16,16,mixed,3,True,6,6,4,16,1068.0,4.308,2.249,9,9,0,834.94,True,False,False
storyboard_ring,storyboard,X16,16,mixed,3,True,6,7,3,16,1026.0,4.308,2.249,9,9,0,837.04,True,False,False
storyboard_ring,storyboard,X16,16,mixed,3,True,6,8,2,16,984.0,4.308,2.249,9,9,0,839.14,True,False,False
storyboard_ring,storyboard,X16,16,mixed,3,True,6,9,1,16,942.0,4.308,2.249,9,9,0,841.24,True,False,False
storyboard_ring,storyboard,X16,16,mixed,2,False,6,10,0,16,900.0,4.308,2.249,9,9,0,843.34,True,False,False
storyboard_ring,storyboard,X16,16,mixed,2,False,7,0,9,16,1220.0,4.308,2.251,9,9,0,827.34,False,False,False
storyboard_ring,storyboard,X16,16,mixed,3,True,7,1,8,16,1178.0,4.308,2.249,9,9,0,829.44,True,False,False
storyboard_ring,storyboard,X16,16,mixed,3,True,7,2,7,16,1136.0,4.308,2.247,9,9,0,831.54,True,False,False
storyboard_ring,storyboard,X16,16,mixed,3,True,7,3,6,16,1094.0,4.308,2.247,9,9,0,833.64,True,False,False
storyboard_ring,storyboard,X16,16,mixed,3,True,7,4,5,16,1052.0,4.308,2.247,9,9,0,835.74,True,False,False
storyboard_ring,storyboard,X16,16,mixed,3,True,7,5,4,16,1010.0,4.308,2.247,9,9,0,837.84,True,False,False
storyboard_ring,storyboard,X16,16,mixed,3,True,7,6,3,16,968.0,4.308,2.247,9,9,0,839.94,True,False,False
storyboard_ring,storyboard,X16,16,mixed,3,True,7,7,2,16,926.0,4.308,2.247,9,9,0,842.04,True,False,False
storyboard_ring,storyboard,X16,16,mixed,3,True,7,8,1,16,884.0,4.308,2.247,9,9,0,844.14,True,False,False
storyboard_ring,storyboard,X16,16,mixed,2,False,7,9,0,16,842.0,4.308,2.247,9,9,0,846.24,True,False,False
storyboard_ring,storyboard,X16,16,mixed,2,False,8,0,8,16,1120.0,4.308,2.25,9,9,0,832.34,False,False,False
storyboard_ring,storyboard,X16,16,mixed,3,True,8,1,7,16,1078.0,4.308,2.248,9,9,0,834.44,True,False,False
storyboard_ring,storyboard,X16,16,mixed,3,True,8,2,6,16,1036.0,4.308,2.246,9,9,0,836.54,True,False,False
storyboard_ring,storyboard,X16,16,mixed,3,True,8,3,5,16,994.0,4.308,2.246,9,9,0,838.64,True,False,False
storyboard_ring,storyboard,X16,16,mixed,3,True,8,4,4,16,952.0,4.308,2.246,9,9,0,840.74,True,False,False
storyboard_ring,storyboard,X16,16,mixed,3,True,8,5,3,16,910.0,4.308,2.246,9,9,0,842.84,True,False,False
storyboard_ring,storyboard,X16,16,mixed,3,True,8,6,2,16,868.0,4.308,2.246,9,9,0,844.94,True,False,False
storyboard_ring,storyboard,X16,16,mixed,3,True,8,7,1,16,826.0,4.308,2.246,9,9,0,847.04,True,False,False
storyboard_ring,storyboard,X16,16,mixed,2,False,8,8,0,16,784.0,4.308,2.246,9,9,0,849.14,True,False,False
storyboard_ring,storyboard,X16,16,mixed,2,False,9,0,7,16,1020.0,4.308,2.249,9,9,0,837.34,False,False,False
storyboard_ring,storyboard,X16,16,mixed,3,True,9,1,6,16,978.0,4.308,2.247,9,9,0,839.44,True,False,False
storyboard_ring,storyboard,X16,16,mixed,3,True,9,2,5,16,936.0,4.308,2.246,9,9,0,841.54,True,False,False
storyboard_ring,storyboard,X16,16,mixed,3,True,9,3,4,16,894.0,4.308,2.246,9,9,0,843.64,True,False,False
storyboard_ring,storyboard,X16,16,mixed,3,True,9,4,3,16,852.0,4.308,2.246,9,9,0,845.74,True,False,False
storyboard_ring,storyboard,X16,16,mixed,3,True,9,5,2,16,810.0,4.308,2.246,9,9,0,847.84,True,False,False
storyboard_ring,storyboard,X16,16,mixed,3,True,9,6,1,16,768.0,4.308,2.246,9,9,0,849.94,True,False,False
storyboard_ring,storyboard,X16,16,mixed,2,False,9,7,0,16,726.0,4.308,2.246,9,9,0,852.04,True,False,False
storyboard_ring,storyboard,X16,16,mixed,2,False,10,0,6,16,920.0,4.308,2.248,9,9,0,842.34,False,False,False
storyboard_ring,storyboard,X16,16,mixed,3,True,10,1,5,16,878.0,4.308,2.246,9,9,0,844.44,True,False,False
storyboard_ring,storyboard,X16,16,mixed,3,True,10,2,4,16,836.0,4.308,2.245,9,9,0,846.54,True,False,False
storyboard_ring,storyboard,X16,16,mixed,3,True,10,3,3,16,794.0,4.308,2.245,9,9,0,848.64,True,False,False
storyboard_ring,storyboard,X16,16,mixed,3,True,10,4,2,16,752.0,4.308,2.245,9,9,0,850.74,True,False,False
storyboard_ring,storyboard,X16,16,mixed,3,True,10,5,1,16,710.0,4.308,2.245,9,9,0,852.84,True,False,False
storyboard_ring,storyboard,X16,16,mixed,2,False,10,6,0,16,668.0,4.308,2.245,9,9,0,854.94,True,False,False
storyboard_ring,storyboard,X16,16,mixed,2,False,11,0,5,16,820.0,4.308,2.247,9,9,0,847.34,False,False,False
storyboard_ring,storyboard,X16,16,mixed,3,True,11,1,4,16,778.0,4.308,2.245,9,9,0,849.44,True,False,False
storyboard_ring,storyboard,X16,16,mixed,3,True,11,2,3,16,736.0,4.308,2.245,9,9,0,851.54,True,False,False
storyboard_ring,storyboard,X16,16,mixed,3,True,11,3,2,16,694.0,4.308,2.245,9,9,0,853.64,True,False,False
storyboard_ring,storyboard,X16,16,mixed,3,True,11,4,1,16,652.0,4.308,2.245,9,9,0,855.74,True,False,False
storyboard_ring,storyboard,X16,16,mixed,2,False,11,5,0,16,610.0,4.308,2.245,9,9,0,857.84,True,False,False
storyboard_ring,storyboard,X16,16,mixed,2,False,12,0,4,16,720.0,4.308,2.246,9,9,0,852.34,False,False,False
storyboard_ring,storyboard,X16,16,mixed,3,True,12,1,3,16,678.0,4.308,2.245,9,9,0,854.44,True,False,False
storyboard_ring,storyboard,X16,16,mixed,3,True,12,2,2,16,636.0,4.308,2.245,9,9,0,856.54,True,False,False
storyboard_ring,storyboard,X16,16,mixed,3,True,12,3,1,16,594.0,4.308,2.245,9,9,0,858.64,True,False,False
storyboard_ring,storyboard,X16,16,mixed,2,False,12,4,0,16,552.0,4.308,2.245,9,9,0,860.74,True,False,False
storyboard_ring,storyboard,X16,16,mixed,2,False,13,0,3,16,620.0,4.308,2.245,9,9,0,857.34,False,False,False
storyboard_ring,storyboard,X16,16,mixed,3,True,13,1,2,16,578.0,4.308,2.244,9,9,0,859.44,True,False,False
storyboard_ring,storyboard,X16,16,mixed,3,True,13,2,1,16,536.0,4.308,2.244,9,9,0,861.54,True,False,False
storyboard_ring,storyboard,X16,16,mixed,2,False,13,3,0,16,494.0,4.308,2.244,9,9,0,863.64,True,False,False
storyboard_ring,storyboard,X16,16,mixed,2,False,14,0,2,16,520.0,4.308,2.244,9,9,0,862.34,False,False,False
storyboard_ring,storyboard,X16,16,mixed,3,True,14,1,1,16,478.0,4.308,2.244,9,9,0,864.44,True,False,False
storyboard_ring,storyboard,X16,16,mixed,2,False,14,2,0,16,436.0,4.308,2.244,9,9,0,866.54,True,False,False
storyboard_ring,storyboard,X16,16,mixed,2,False,15,0,1,16,420.0,4.308,2.244,9,9,0,867.34,False,False,False
storyboard_ring,storyboard,X16,16,mixed,2,False,15,1,0,16,378.0,4.308,2.244,9,9,0,869.44,True,False,False
storyboard_ring,storyboard,X16,16,homogeneous_micro,1,False,16,0,0,16,320.0,4.308,2.243,9,9,0,872.34,False,False,False
phase1_ring,phase1,X4,4,homogeneous_large,1,False,0,0,4,4,240.0,4.988,2.582,7,9,0,-999999993.0,False,False,False
phase1_ring,phase1,X4,4,mixed,2,False,0,1,3,4,220.0,4.735,2.499,7,9,0,-999999993.0,True,False,False
phase1_ring,phase1,X4,4,mixed,2,False,0,2,2,4,200.0,4.629,2.463,7,9,0,-999999993.0,True,False,False
phase1_ring,phase1,X4,4,mixed,2,False,0,3,1,4,180.0,4.623,2.414,7,9,1,-999999993.0,True,False,False
phase1_ring,phase1,X4,4,homogeneous_medium,1,False,0,4,0,4,160.0,4.623,2.404,7,9,1,-999999993.0,False,False,False
phase1_ring,phase1,X4,4,mixed,2,False,1,0,3,4,187.5,4.899,2.577,9,9,0,891.14,True,False,False
phase1_ring,phase1,X4,4,mixed,3,True,1,1,2,4,167.5,4.652,2.493,9,9,1,897.08,True,False,False
phase1_ring,phase1,X4,4,mixed,3,True,1,2,1,4,147.5,4.583,2.418,9,9,1,899.46,True,False,False
phase1_ring,phase1,X4,4,mixed,2,False,1,3,0,4,127.5,4.582,2.369,8,9,2,-999999992.0,True,False,False
phase1_ring,phase1,X4,4,mixed,2,False,2,0,2,4,135.0,4.811,2.523,8,9,2,-999999992.0,True,False,False
phase1_ring,phase1,X4,4,mixed,3,True,2,1,1,4,115.0,4.581,2.462,8,9,2,-999999992.0,True,False,False
phase1_ring,phase1,X4,4,mixed,2,False,2,2,0,4,95.0,4.54,2.394,7,9,2,-999999993.0,True,False,False
phase1_ring,phase1,X4,4,mixed,2,False,3,0,1,4,82.5,4.691,2.424,6,9,2,-999999994.0,True,False,False
phase1_ring,phase1,X4,4,mixed,2,False,3,1,0,4,62.5,4.299,2.31,6,9,2,-999999994.0,True,False,False
phase1_ring,phase1,X4,4,homogeneous_micro,1,False,4,0,0,4,30.0,2.248,2.084,5,9,2,-999999995.0,False,False,False
phase1_ring,phase1,X6,6,homogeneous_large,1,False,0,0,6,6,360.0,4.988,2.598,7,9,0,-999999993.0,False,False,False
phase1_ring,phase1,X6,6,mixed,2,False,0,1,5,6,340.0,4.735,2.521,7,9,0,-999999993.0,True,False,False
phase1_ring,phase1,X6,6,mixed,2,False,0,2,4,6,320.0,4.629,2.455,7,9,0,-999999993.0,True,False,False
phase1_ring,phase1,X6,6,mixed,2,False,0,3,3,6,300.0,4.623,2.413,7,9,0,-999999993.0,True,False,False
phase1_ring,phase1,X6,6,mixed,2,False,0,4,2,6,280.0,4.623,2.407,7,9,0,-999999993.0,True,False,False
phase1_ring,phase1,X6,6,mixed,2,False,0,5,1,6,260.0,4.623,2.401,7,9,0,-999999993.0,True,False,False
phase1_ring,phase1,X6,6,homogeneous_medium,1,False,0,6,0,6,240.0,4.623,2.393,7,9,0,-999999993.0,False,False,False
phase1_ring,phase1,X6,6,mixed,2,False,1,0,5,6,307.5,4.899,2.571,9,9,0,881.14,True,False,False
phase1_ring,phase1,X6,6,mixed,3,True,1,1,4,6,287.5,4.652,2.493,9,9,0,887.08,True,False,False
phase1_ring,phase1,X6,6,mixed,3,True,1,2,3,6,267.5,4.583,2.424,9,9,0,889.46,True,False,False
phase1_ring,phase1,X6,6,mixed,3,True,1,3,2,6,247.5,4.582,2.387,9,9,0,890.49,True,False,False
phase1_ring,phase1,X6,6,mixed,3,True,1,4,1,6,227.5,4.582,2.379,9,9,0,891.49,True,False,False
phase1_ring,phase1,X6,6,mixed,2,False,1,5,0,6,207.5,4.582,2.389,9,9,0,892.49,True,False,False
phase1_ring,phase1,X6,6,mixed,2,False,2,0,4,6,255.0,4.811,2.534,9,9,0,885.54,True,False,False
phase1_ring,phase1,X6,6,mixed,3,True,2,1,3,6,235.0,4.581,2.453,9,9,0,891.13,True,False,False
phase1_ring,phase1,X6,6,mixed,3,True,2,2,2,6,215.0,4.541,2.383,9,9,0,892.93,True,False,False
phase1_ring,phase1,X6,6,mixed,3,True,2,3,1,6,195.0,4.541,2.393,9,9,0,893.94,True,False,False
phase1_ring,phase1,X6,6,mixed,2,False,2,4,0,6,175.0,4.541,2.384,9,9,1,894.94,True,False,False
phase1_ring,phase1,X6,6,mixed,2,False,3,0,3,6,202.5,4.722,2.527,9,9,0,889.94,True,False,False
phase1_ring,phase1,X6,6,mixed,3,True,3,1,2,6,182.5,4.524,2.448,9,9,1,894.9,True,False,False
phase1_ring,phase1,X6,6,mixed,3,True,3,2,1,6,162.5,4.5,2.378,9,9,1,896.38,True,False,False
phase1_ring,phase1,X6,6,mixed,2,False,3,3,0,6,142.5,4.5,2.357,8,9,2,-999999992.0,True,False,False
phase1_ring,phase1,X6,6,mixed,2,False,4,0,2,6,150.0,4.633,2.481,9,9,1,894.34,True,False,False
phase1_ring,phase1,X6,6,mixed,3,True,4,1,1,6,130.0,4.473,2.393,8,9,2,-999999992.0,True,False,False
phase1_ring,phase1,X6,6,mixed,2,False,4,2,0,6,110.0,4.459,2.345,8,9,2,-999999992.0,True,False,False
phase1_ring,phase1,X6,6,mixed,2,False,5,0,1,6,97.5,4.545,2.451,7,9,2,-999999993.0,True,False,False
phase1_ring,phase1,X6,6,mixed,2,False,5,1,0,6,77.5,4.36,2.262,6,9,2,-999999994.0,True,False,False
phase1_ring,phase1,X6,6,homogeneous_micro,1,False,6,0,0,6,45.0,3.351,2.161,6,9,2,-999999994.0,False,False,False
phase1_ring,phase1,X8,8,homogeneous_large,1,False,0,0,8,8,480.0,4.988,2.598,7,9,0,-999999993.0,False,False,False
phase1_ring,phase1,X8,8,mixed,2,False,0,1,7,8,460.0,4.735,2.521,7,9,0,-999999993.0,True,False,False
phase1_ring,phase1,X8,8,mixed,2,False,0,2,6,8,440.0,4.629,2.455,7,9,0,-999999993.0,True,False,False
phase1_ring,phase1,X8,8,mixed,2,False,0,3,5,8,420.0,4.623,2.414,7,9,0,-999999993.0,True,False,False
phase1_ring,phase1,X8,8,mixed,2,False,0,4,4,8,400.0,4.623,2.411,7,9,0,-999999993.0,True,False,False
phase1_ring,phase1,X8,8,mixed,2,False,0,5,3,8,380.0,4.623,2.41,7,9,0,-999999993.0,True,False,False
phase1_ring,phase1,X8,8,mixed,2,False,0,6,2,8,360.0,4.623,2.409,7,9,0,-999999993.0,True,False,False
phase1_ring,phase1,X8,8,mixed,2,False,0,7,1,8,340.0,4.623,2.408,7,9,0,-999999993.0,True,False,False
phase1_ring,phase1,X8,8,homogeneous_medium,1,False,0,8,0,8,320.0,4.623,2.408,7,9,0,-999999993.0,False,False,False
phase1_ring,phase1,X8,8,mixed,2,False,1,0,7,8,427.5,4.899,2.571,9,9,0,871.14,True,False,False
phase1_ring,phase1,X8,8,mixed,3,True,1,1,6,8,407.5,4.652,2.496,9,9,0,877.08,True,False,False
phase1_ring,phase1,X8,8,mixed,3,True,1,2,5,8,387.5,4.583,2.431,9,9,0,879.46,True,False,False
phase1_ring,phase1,X8,8,mixed,3,True,1,3,4,8,367.5,4.582,2.4,9,9,0,880.49,True,False,False
phase1_ring,phase1,X8,8,mixed,3,True,1,4,3,8,347.5,4.582,2.398,9,9,0,881.49,True,False,False
phase1_ring,phase1,X8,8,mixed,3,True,1,5,2,8,327.5,4.582,2.397,9,9,0,882.49,True,False,False
phase1_ring,phase1,X8,8,mixed,3,True,1,6,1,8,307.5,4.582,2.396,9,9,0,883.49,True,False,False
phase1_ring,phase1,X8,8,mixed,2,False,1,7,0,8,287.5,4.582,2.392,9,9,0,884.49,True,False,False
phase1_ring,phase1,X8,8,mixed,2,False,2,0,6,8,375.0,4.811,2.544,9,9,0,875.54,True,False,False
phase1_ring,phase1,X8,8,mixed,3,True,2,1,5,8,355.0,4.581,2.471,9,9,0,881.13,True,False,False
phase1_ring,phase1,X8,8,mixed,3,True,2,2,4,8,335.0,4.541,2.407,9,9,0,882.93,True,False,False
phase1_ring,phase1,X8,8,mixed,3,True,2,3,3,8,315.0,4.541,2.387,9,9,0,883.94,True,False,False
phase1_ring,phase1,X8,8,mixed,3,True,2,4,2,8,295.0,4.541,2.384,9,9,0,884.94,True,False,False
phase1_ring,phase1,X8,8,mixed,3,True,2,5,1,8,275.0,4.541,2.38,9,9,0,885.94,True,False,False
phase1_ring,phase1,X8,8,mixed,2,False,2,6,0,8,255.0,4.541,2.373,9,9,0,886.94,True,False,False
phase1_ring,phase1,X8,8,mixed,2,False,3,0,5,8,322.5,4.722,2.517,9,9,0,879.94,True,False,False
phase1_ring,phase1,X8,8,mixed,3,True,3,1,4,8,302.5,4.524,2.445,9,9,0,884.9,True,False,False
phase1_ring,phase1,X8,8,mixed,3,True,3,2,3,8,282.5,4.5,2.381,9,9,0,886.38,True,False,False
phase1_ring,phase1,X8,8,mixed,3,True,3,3,2,8,262.5,4.5,2.367,9,9,0,887.38,True,False,False
phase1_ring,phase1,X8,8,mixed,3,True,3,4,1,8,242.5,4.5,2.358,9,9,0,888.38,True,False,False
phase1_ring,phase1,X8,8,mixed,2,False,3,5,0,8,222.5,4.5,2.351,9,9,0,889.38,True,False,False
phase1_ring,phase1,X8,8,mixed,2,False,4,0,4,8,270.0,4.633,2.485,9,9,0,884.34,True,False,False
phase1_ring,phase1,X8,8,mixed,3,True,4,1,3,8,250.0,4.473,2.409,9,9,0,888.54,True,False,False
phase1_ring,phase1,X8,8,mixed,3,True,4,2,2,8,230.0,4.459,2.346,9,9,0,889.83,True,False,True
phase1_ring,phase1,X8,8,mixed,3,True,4,3,1,8,210.0,4.459,2.354,9,9,0,890.83,True,False,False
phase1_ring,phase1,X8,8,mixed,2,False,4,4,0,8,190.0,4.459,2.364,9,9,0,891.83,True,False,False
phase1_ring,phase1,X8,8,mixed,2,False,5,0,3,8,217.5,4.545,2.441,9,9,0,888.72,True,False,False
phase1_ring,phase1,X8,8,mixed,3,True,5,1,2,8,197.5,4.425,2.403,9,9,0,892.12,True,False,False
phase1_ring,phase1,X8,8,mixed,3,True,5,2,1,8,177.5,4.418,2.351,9,9,1,893.27,True,False,False
phase1_ring,phase1,X8,8,mixed,2,False,5,3,0,8,157.5,4.418,2.341,9,9,1,894.27,True,False,False
phase1_ring,phase1,X8,8,mixed,2,False,6,0,2,8,165.0,4.463,2.435,9,9,1,892.99,True,False,False
phase1_ring,phase1,X8,8,mixed,3,True,6,1,1,8,145.0,4.382,2.358,8,9,2,-999999992.0,True,False,False
phase1_ring,phase1,X8,8,mixed,2,False,6,2,0,8,125.0,4.38,2.304,8,9,2,-999999992.0,True,False,False
phase1_ring,phase1,X8,8,mixed,2,False,7,0,1,8,112.5,4.399,2.401,8,9,2,-999999992.0,True,False,False
phase1_ring,phase1,X8,8,mixed,2,False,7,1,0,8,92.5,4.347,2.316,7,9,2,-999999993.0,True,False,False
phase1_ring,phase1,X8,8,homogeneous_micro,1,False,8,0,0,8,60.0,4.071,2.182,6,9,2,-999999994.0,False,False,False
phase1_ring,phase1,X10,10,homogeneous_large,1,False,0,0,10,10,600.0,4.988,2.598,7,9,0,-999999993.0,False,False,False
phase1_ring,phase1,X10,10,mixed,2,False,0,1,9,10,580.0,4.735,2.521,7,9,0,-999999993.0,True,False,False
phase1_ring,phase1,X10,10,mixed,2,False,0,2,8,10,560.0,4.629,2.455,7,9,0,-999999993.0,True,False,False
phase1_ring,phase1,X10,10,mixed,2,False,0,3,7,10,540.0,4.623,2.414,7,9,0,-999999993.0,True,False,False
phase1_ring,phase1,X10,10,mixed,2,False,0,4,6,10,520.0,4.623,2.411,7,9,0,-999999993.0,True,False,False
phase1_ring,phase1,X10,10,mixed,2,False,0,5,5,10,500.0,4.623,2.41,7,9,0,-999999993.0,True,False,False
phase1_ring,phase1,X10,10,mixed,2,False,0,6,4,10,480.0,4.623,2.409,7,9,0,-999999993.0,True,False,False
phase1_ring,phase1,X10,10,mixed,2,False,0,7,3,10,460.0,4.623,2.408,7,9,0,-999999993.0,True,False,False
phase1_ring,phase1,X10,10,mixed,2,False,0,8,2,10,440.0,4.623,2.408,7,9,0,-999999993.0,True,False,False
phase1_ring,phase1,X10,10,mixed,2,False,0,9,1,10,420.0,4.623,2.408,7,9,0,-999999993.0,True,False,False
phase1_ring,phase1,X10,10,homogeneous_medium,1,False,0,10,0,10,400.0,4.623,2.408,7,9,0,-999999993.0,False,False,False
phase1_ring,phase1,X10,10,mixed,2,False,1,0,9,10,547.5,4.899,2.571,9,9,0,861.14,True,False,False
phase1_ring,phase1,X10,10,mixed,3,True,1,1,8,10,527.5,4.652,2.496,9,9,0,867.08,True,False,False
phase1_ring,phase1,X10,10,mixed,3,True,1,2,7,10,507.5,4.583,2.431,9,9,0,869.46,True,False,False
phase1_ring,phase1,X10,10,mixed,3,True,1,3,6,10,487.5,4.582,2.4,9,9,0,870.49,True,False,False
phase1_ring,phase1,X10,10,mixed,3,True,1,4,5,10,467.5,4.582,2.398,9,9,0,871.49,True,False,False
phase1_ring,phase1,X10,10,mixed,3,True,1,5,4,10,447.5,4.582,2.397,9,9,0,872.49,True,False,False
phase1_ring,phase1,X10,10,mixed,3,True,1,6,3,10,427.5,4.582,2.396,9,9,0,873.49,True,False,False
phase1_ring,phase1,X10,10,mixed,3,True,1,7,2,10,407.5,4.582,2.395,9,9,0,874.49,True,False,False
phase1_ring,phase1,X10,10,mixed,3,True,1,8,1,10,387.5,4.582,2.395,9,9,0,875.49,True,False,False
phase1_ring,phase1,X10,10,mixed,2,False,1,9,0,10,367.5,4.582,2.395,9,9,0,876.49,True,False,False
phase1_ring,phase1,X10,10,mixed,2,False,2,0,8,10,495.0,4.811,2.544,9,9,0,865.54,True,False,False
phase1_ring,phase1,X10,10,mixed,3,True,2,1,7,10,475.0,4.581,2.471,9,9,0,871.13,True,False,False
phase1_ring,phase1,X10,10,mixed,3,True,2,2,6,10,455.0,4.541,2.407,9,9,0,872.93,True,False,False
phase1_ring,phase1,X10,10,mixed,3,True,2,3,5,10,435.0,4.541,2.387,9,9,0,873.94,True,False,False
phase1_ring,phase1,X10,10,mixed,3,True,2,4,4,10,415.0,4.541,2.386,9,9,0,874.94,True,False,False
phase1_ring,phase1,X10,10,mixed,3,True,2,5,3,10,395.0,4.541,2.385,9,9,0,875.94,True,False,False
phase1_ring,phase1,X10,10,mixed,3,True,2,6,2,10,375.0,4.541,2.384,9,9,0,876.94,True,False,False
phase1_ring,phase1,X10,10,mixed,3,True,2,7,1,10,355.0,4.541,2.383,9,9,0,877.94,True,False,False
phase1_ring,phase1,X10,10,mixed,2,False,2,8,0,10,335.0,4.541,2.383,9,9,0,878.94,True,False,False
phase1_ring,phase1,X10,10,mixed,2,False,3,0,7,10,442.5,4.722,2.517,9,9,0,869.94,True,False,False
phase1_ring,phase1,X10,10,mixed,3,True,3,1,6,10,422.5,4.524,2.446,9,9,0,874.9,True,False,False
phase1_ring,phase1,X10,10,mixed,3,True,3,2,5,10,402.5,4.5,2.384,9,9,0,876.38,True,False,False
phase1_ring,phase1,X10,10,mixed,3,True,3,3,4,10,382.5,4.5,2.375,9,9,0,877.38,True,False,False
phase1_ring,phase1,X10,10,mixed,3,True,3,4,3,10,362.5,4.5,2.373,9,9,0,878.38,True,False,False
phase1_ring,phase1,X10,10,mixed,3,True,3,5,2,10,342.5,4.5,2.372,9,9,0,879.38,True,False,False
phase1_ring,phase1,X10,10,mixed,3,True,3,6,1,10,322.5,4.5,2.371,9,9,0,880.38,True,False,False
phase1_ring,phase1,X10,10,mixed,2,False,3,7,0,10,302.5,4.5,2.37,9,9,0,881.38,True,False,False
phase1_ring,phase1,X10,10,mixed,2,False,4,0,6,10,390.0,4.633,2.491,9,9,0,874.34,True,False,False
phase1_ring,phase1,X10,10,mixed,3,True,4,1,5,10,370.0,4.473,2.421,9,9,0,878.54,True,False,False
phase1_ring,phase1,X10,10,mixed,3,True,4,2,4,10,350.0,4.459,2.365,9,9,0,879.83,True,False,False
phase1_ring,phase1,X10,10,mixed,3,True,4,3,3,10,330.0,4.459,2.362,9,9,0,880.83,True,False,False
phase1_ring,phase1,X10,10,mixed,3,True,4,4,2,10,310.0,4.459,2.361,9,9,0,881.83,True,False,False
phase1_ring,phase1,X10,10,mixed,3,True,4,5,1,10,290.0,4.459,2.357,9,9,0,882.83,True,False,False
phase1_ring,phase1,X10,10,mixed,2,False,4,6,0,10,270.0,4.459,2.352,9,9,0,883.83,True,False,False
phase1_ring,phase1,X10,10,mixed,2,False,5,0,5,10,337.5,4.545,2.464,9,9,0,878.72,True,False,False
phase1_ring,phase1,X10,10,mixed,3,True,5,1,4,10,317.5,4.425,2.397,9,9,0,882.12,True,False,False
phase1_ring,phase1,X10,10,mixed,3,True,5,2,3,10,297.5,4.418,2.351,9,9,0,883.27,True,False,False
phase1_ring,phase1,X10,10,mixed,3,True,5,3,2,10,277.5,4.418,2.344,9,9,0,884.27,True,False,False
phase1_ring,phase1,X10,10,mixed,3,True,5,4,1,10,257.5,4.418,2.338,9,9,0,885.27,True,False,False
phase1_ring,phase1,X10,10,mixed,2,False,5,5,0,10,237.5,4.418,2.331,9,9,0,886.27,True,False,False
phase1_ring,phase1,X10,10,mixed,2,False,6,0,4,10,285.0,4.463,2.436,9,9,0,882.99,True,False,False
phase1_ring,phase1,X10,10,mixed,3,True,6,1,3,10,265.0,4.382,2.366,9,9,0,885.61,True,False,False
phase1_ring,phase1,X10,10,mixed,3,True,6,2,2,10,245.0,4.38,2.326,9,9,0,886.66,True,False,False
phase1_ring,phase1,X10,10,mixed,3,True,6,3,1,10,225.0,4.38,2.317,9,9,0,887.66,True,False,False
phase1_ring,phase1,X10,10,mixed,2,False,6,4,0,10,205.0,4.38,2.326,9,9,0,888.66,True,False,False
phase1_ring,phase1,X10,10,mixed,2,False,7,0,3,10,232.5,4.399,2.397,9,9,0,886.9,True,False,False
phase1_ring,phase1,X10,10,mixed,3,True,7,1,2,10,212.5,4.35,2.326,9,9,0,888.87,True,False,False
phase1_ring,phase1,X10,10,mixed,3,True,7,2,1,10,192.5,4.35,2.331,9,9,0,889.88,True,False,False
phase1_ring,phase1,X10,10,mixed,2,False,7,3,0,10,172.5,4.35,2.322,9,9,1,890.88,True,False,False
phase1_ring,phase1,X10,10,mixed,2,False,8,0,2,10,180.0,4.36,2.392,9,9,1,890.3,True,False,False
phase1_ring,phase1,X10,10,mixed,3,True,8,1,1,10,160.0,4.332,2.322,9,9,1,891.86,True,False,False
phase1_ring,phase1,X10,10,mixed,2,False,8,2,0,10,140.0,4.332,2.296,8,9,2,-999999992.0,True,False,False
phase1_ring,phase1,X10,10,mixed,2,False,9,0,1,10,127.5,4.34,2.337,8,9,2,-999999992.0,True,False,False
phase1_ring,phase1,X10,10,mixed,2,False,9,1,0,10,107.5,4.323,2.283,8,9,2,-999999992.0,True,False,False
phase1_ring,phase1,X10,10,homogeneous_micro,1,False,10,0,0,10,75.0,4.238,2.179,6,9,2,-999999994.0,False,False,False
phase1_ring,phase1,X12,12,homogeneous_large,1,False,0,0,12,12,720.0,4.988,2.598,7,9,0,-999999993.0,False,False,False
phase1_ring,phase1,X12,12,mixed,2,False,0,1,11,12,700.0,4.735,2.521,7,9,0,-999999993.0,True,False,False
phase1_ring,phase1,X12,12,mixed,2,False,0,2,10,12,680.0,4.629,2.455,7,9,0,-999999993.0,True,False,False
phase1_ring,phase1,X12,12,mixed,2,False,0,3,9,12,660.0,4.623,2.414,7,9,0,-999999993.0,True,False,False
phase1_ring,phase1,X12,12,mixed,2,False,0,4,8,12,640.0,4.623,2.411,7,9,0,-999999993.0,True,False,False
phase1_ring,phase1,X12,12,mixed,2,False,0,5,7,12,620.0,4.623,2.41,7,9,0,-999999993.0,True,False,False
phase1_ring,phase1,X12,12,mixed,2,False,0,6,6,12,600.0,4.623,2.409,7,9,0,-999999993.0,True,False,False
phase1_ring,phase1,X12,12,mixed,2,False,0,7,5,12,580.0,4.623,2.408,7,9,0,-999999993.0,True,False,False
phase1_ring,phase1,X12,12,mixed,2,False,0,8,4,12,560.0,4.623,2.408,7,9,0,-999999993.0,True,False,False
phase1_ring,phase1,X12,12,mixed,2,False,0,9,3,12,540.0,4.623,2.408,7,9,0,-999999993.0,True,False,False
phase1_ring,phase1,X12,12,mixed,2,False,0,10,2,12,520.0,4.623,2.408,7,9,0,-999999993.0,True,False,False
phase1_ring,phase1,X12,12,mixed,2,False,0,11,1,12,500.0,4.623,2.408,7,9,0,-999999993.0,True,False,False
phase1_ring,phase1,X12,12,homogeneous_medium,1,False,0,12,0,12,480.0,4.623,2.408,7,9,0,-999999993.0,True,True,False
phase1_ring,phase1,X12,12,mixed,2,False,1,0,11,12,667.5,4.899,2.571,9,9,0,851.14,True,False,False
phase1_ring,phase1,X12,12,mixed,3,True,1,1,10,12,647.5,4.652,2.496,9,9,0,857.08,True,False,False
phase1_ring,phase1,X12,12,mixed,3,True,1,2,9,12,627.5,4.583,2.431,9,9,0,859.46,True,False,False
phase1_ring,phase1,X12,12,mixed,3,True,1,3,8,12,607.5,4.582,2.4,9,9,0,860.49,True,False,False
phase1_ring,phase1,X12,12,mixed,3,True,1,4,7,12,587.5,4.582,2.398,9,9,0,861.49,True,False,False
phase1_ring,phase1,X12,12,mixed,3,True,1,5,6,12,567.5,4.582,2.397,9,9,0,862.49,True,False,False
phase1_ring,phase1,X12,12,mixed,3,True,1,6,5,12,547.5,4.582,2.396,9,9,0,863.49,True,False,False
phase1_ring,phase1,X12,12,mixed,3,True,1,7,4,12,527.5,4.582,2.395,9,9,0,864.49,True,False,False
phase1_ring,phase1,X12,12,mixed,3,True,1,8,3,12,507.5,4.582,2.395,9,9,0,865.49,True,False,False
phase1_ring,phase1,X12,12,mixed,3,True,1,9,2,12,487.5,4.582,2.395,9,9,0,866.49,True,False,False
phase1_ring,phase1,X12,12,mixed,3,True,1,10,1,12,467.5,4.582,2.395,9,9,0,867.49,True,False,False
phase1_ring,phase1,X12,12,mixed,2,False,1,11,0,12,447.5,4.582,2.395,9,9,0,868.49,True,False,False
phase1_ring,phase1,X12,12,mixed,2,False,2,0,10,12,615.0,4.811,2.544,9,9,0,855.54,True,False,False
phase1_ring,phase1,X12,12,mixed,3,True,2,1,9,12,595.0,4.581,2.471,9,9,0,861.13,True,False,False
phase1_ring,phase1,X12,12,mixed,3,True,2,2,8,12,575.0,4.541,2.407,9,9,0,862.93,True,False,False
phase1_ring,phase1,X12,12,mixed,3,True,2,3,7,12,555.0,4.541,2.387,9,9,0,863.94,True,False,False
phase1_ring,phase1,X12,12,mixed,3,True,2,4,6,12,535.0,4.541,2.386,9,9,0,864.94,True,False,False
phase1_ring,phase1,X12,12,mixed,3,True,2,5,5,12,515.0,4.541,2.385,9,9,0,865.94,True,False,False
phase1_ring,phase1,X12,12,mixed,3,True,2,6,4,12,495.0,4.541,2.384,9,9,0,866.94,True,False,False
phase1_ring,phase1,X12,12,mixed,3,True,2,7,3,12,475.0,4.541,2.383,9,9,0,867.94,True,False,False
phase1_ring,phase1,X12,12,mixed,3,True,2,8,2,12,455.0,4.541,2.383,9,9,0,868.94,True,False,False
phase1_ring,phase1,X12,12,mixed,3,True,2,9,1,12,435.0,4.541,2.383,9,9,0,869.94,True,False,False
phase1_ring,phase1,X12,12,mixed,2,False,2,10,0,12,415.0,4.541,2.383,9,9,0,870.94,True,False,False
phase1_ring,phase1,X12,12,mixed,2,False,3,0,9,12,562.5,4.722,2.517,9,9,0,859.94,True,False,False
phase1_ring,phase1,X12,12,mixed,3,True,3,1,8,12,542.5,4.524,2.446,9,9,0,864.9,True,False,False
phase1_ring,phase1,X12,12,mixed,3,True,3,2,7,12,522.5,4.5,2.384,9,9,0,866.38,True,False,False
phase1_ring,phase1,X12,12,mixed,3,True,3,3,6,12,502.5,4.5,2.375,9,9,0,867.38,True,False,False
phase1_ring,phase1,X12,12,mixed,3,True,3,4,5,12,482.5,4.5,2.373,9,9,0,868.38,True,False,False
phase1_ring,phase1,X12,12,mixed,3,True,3,5,4,12,462.5,4.5,2.372,9,9,0,869.38,True,False,False
phase1_ring,phase1,X12,12,mixed,3,True,3,6,3,12,442.5,4.5,2.371,9,9,0,870.38,True,False,False
phase1_ring,phase1,X12,12,mixed,3,True,3,7,2,12,422.5,4.5,2.37,9,9,0,871.38,True,False,False
phase1_ring,phase1,X12,12,mixed,3,True,3,8,1,12,402.5,4.5,2.37,9,9,0,872.38,True,False,False
phase1_ring,phase1,X12,12,mixed,2,False,3,9,0,12,382.5,4.5,2.37,9,9,0,873.38,True,False,False
phase1_ring,phase1,X12,12,mixed,2,False,4,0,8,12,510.0,4.633,2.491,9,9,0,864.34,True,False,False
phase1_ring,phase1,X12,12,mixed,3,True,4,1,7,12,490.0,4.473,2.421,9,9,0,868.54,True,False,False
phase1_ring,phase1,X12,12,mixed,3,True,4,2,6,12,470.0,4.459,2.365,9,9,0,869.83,True,False,False
phase1_ring,phase1,X12,12,mixed,3,True,4,3,5,12,450.0,4.459,2.362,9,9,0,870.83,True,False,False
phase1_ring,phase1,X12,12,mixed,3,True,4,4,4,12,430.0,4.459,2.361,9,9,0,871.83,True,False,False
phase1_ring,phase1,X12,12,mixed,3,True,4,5,3,12,410.0,4.459,2.359,9,9,0,872.83,True,False,False
phase1_ring,phase1,X12,12,mixed,3,True,4,6,2,12,390.0,4.459,2.358,9,9,0,873.83,True,False,False
phase1_ring,phase1,X12,12,mixed,3,True,4,7,1,12,370.0,4.459,2.358,9,9,0,874.83,True,False,False
phase1_ring,phase1,X12,12,mixed,2,False,4,8,0,12,350.0,4.459,2.358,9,9,0,875.83,True,False,False
phase1_ring,phase1,X12,12,mixed,2,False,5,0,7,12,457.5,4.545,2.464,9,9,0,868.72,True,False,False
phase1_ring,phase1,X12,12,mixed,3,True,5,1,6,12,437.5,4.425,2.397,9,9,0,872.12,True,False,False
phase1_ring,phase1,X12,12,mixed,3,True,5,2,5,12,417.5,4.418,2.352,9,9,0,873.27,True,False,False
phase1_ring,phase1,X12,12,mixed,3,True,5,3,4,12,397.5,4.418,2.349,9,9,0,874.27,True,False,False
phase1_ring,phase1,X12,12,mixed,3,True,5,4,3,12,377.5,4.418,2.348,9,9,0,875.27,True,False,False
phase1_ring,phase1,X12,12,mixed,3,True,5,5,2,12,357.5,4.418,2.347,9,9,0,876.27,True,False,False
phase1_ring,phase1,X12,12,mixed,3,True,5,6,1,12,337.5,4.418,2.346,9,9,0,877.27,True,False,False
phase1_ring,phase1,X12,12,mixed,2,False,5,7,0,12,317.5,4.418,2.346,9,9,0,878.27,True,False,False
phase1_ring,phase1,X12,12,mixed,2,False,6,0,6,12,405.0,4.463,2.439,9,9,0,872.99,True,False,False
phase1_ring,phase1,X12,12,mixed,3,True,6,1,5,12,385.0,4.382,2.373,9,9,0,875.61,True,False,False
phase1_ring,phase1,X12,12,mixed,3,True,6,2,4,12,365.0,4.38,2.34,9,9,0,876.66,True,False,False
phase1_ring,phase1,X12,12,mixed,3,True,6,3,3,12,345.0,4.38,2.337,9,9,0,877.66,True,False,False
phase1_ring,phase1,X12,12,mixed,3,True,6,4,2,12,325.0,4.38,2.336,9,9,0,878.66,True,False,False
phase1_ring,phase1,X12,12,mixed,3,True,6,5,1,12,305.0,4.38,2.335,9,9,0,879.66,True,False,False
phase1_ring,phase1,X12,12,mixed,2,False,6,6,0,12,285.0,4.38,2.331,9,9,0,880.66,True,False,False
phase1_ring,phase1,X12,12,mixed,2,False,7,0,5,12,352.5,4.399,2.415,9,9,0,876.9,True,False,False
phase1_ring,phase1,X12,12,mixed,3,True,7,1,4,12,332.5,4.35,2.351,9,9,0,878.87,True,False,False
phase1_ring,phase1,X12,12,mixed,3,True,7,2,3,12,312.5,4.35,2.328,9,9,0,879.88,True,False,False
phase1_ring,phase1,X12,12,mixed,3,True,7,3,2,12,292.5,4.35,2.324,9,9,0,880.88,True,False,False
phase1_ring,phase1,X12,12,mixed,3,True,7,4,1,12,272.5,4.35,2.319,9,9,0,881.88,True,False,False
phase1_ring,phase1,X12,12,mixed,2,False,7,5,0,12,252.5,4.35,2.312,9,9,0,882.88,True,False,False
phase1_ring,phase1,X12,12,mixed,2,False,8,0,4,12,300.0,4.36,2.391,9,9,0,880.3,True,False,False
phase1_ring,phase1,X12,12,mixed,3,True,8,1,3,12,280.0,4.332,2.325,9,9,0,881.86,True,False,False
phase1_ring,phase1,X12,12,mixed,3,True,8,2,2,12,260.0,4.332,2.308,9,9,0,882.86,True,False,False
phase1_ring,phase1,X12,12,mixed,3,True,8,3,1,12,240.0,4.332,2.299,9,9,0,883.86,True,False,False
phase1_ring,phase1,X12,12,mixed,2,False,8,4,0,12,220.0,4.332,2.291,9,9,0,884.86,True,False,False
phase1_ring,phase1,X12,12,mixed,2,False,9,0,3,12,247.5,4.34,2.355,9,9,0,883.32,True,False,False
phase1_ring,phase1,X12,12,mixed,3,True,9,1,2,12,227.5,4.323,2.289,9,9,0,884.67,True,False,False
phase1_ring,phase1,X12,12,mixed,3,True,9,2,1,12,207.5,4.323,2.296,9,9,0,885.67,True,False,False
phase1_ring,phase1,X12,12,mixed,2,False,9,3,0,12,187.5,4.323,2.305,9,9,0,886.67,True,False,False
phase1_ring,phase1,X12,12,mixed,2,False,10,0,2,12,195.0,4.326,2.351,9,9,0,886.23,True,False,False
phase1_ring,phase1,X12,12,mixed,3,True,10,1,1,12,175.0,4.316,2.294,9,9,1,887.43,True,False,False
phase1_ring,phase1,X12,12,mixed,2,False,10,2,0,12,155.0,4.316,2.284,9,9,1,888.43,True,False,False
phase1_ring,phase1,X12,12,mixed,2,False,11,0,1,12,142.5,4.315,2.306,8,9,2,-999999992.0,True,False,False
phase1_ring,phase1,X12,12,mixed,2,False,11,1,0,12,122.5,4.311,2.247,8,9,2,-999999992.0,True,False,False
phase1_ring,phase1,X12,12,homogeneous_micro,1,False,12,0,0,12,90.0,4.302,2.212,6,9,2,-999999994.0,False,False,False
phase1_ring,phase1,X14,14,homogeneous_large,1,False,0,0,14,14,840.0,4.988,2.598,7,9,0,-999999993.0,False,False,False
phase1_ring,phase1,X14,14,mixed,2,False,0,1,13,14,820.0,4.735,2.521,7,9,0,-999999993.0,True,False,False
phase1_ring,phase1,X14,14,mixed,2,False,0,2,12,14,800.0,4.629,2.455,7,9,0,-999999993.0,True,False,False
phase1_ring,phase1,X14,14,mixed,2,False,0,3,11,14,780.0,4.623,2.414,7,9,0,-999999993.0,True,False,False
phase1_ring,phase1,X14,14,mixed,2,False,0,4,10,14,760.0,4.623,2.411,7,9,0,-999999993.0,True,False,False
phase1_ring,phase1,X14,14,mixed,2,False,0,5,9,14,740.0,4.623,2.41,7,9,0,-999999993.0,True,False,False
phase1_ring,phase1,X14,14,mixed,2,False,0,6,8,14,720.0,4.623,2.409,7,9,0,-999999993.0,True,False,False
phase1_ring,phase1,X14,14,mixed,2,False,0,7,7,14,700.0,4.623,2.408,7,9,0,-999999993.0,True,False,False
phase1_ring,phase1,X14,14,mixed,2,False,0,8,6,14,680.0,4.623,2.408,7,9,0,-999999993.0,True,False,False
phase1_ring,phase1,X14,14,mixed,2,False,0,9,5,14,660.0,4.623,2.408,7,9,0,-999999993.0,True,False,False
phase1_ring,phase1,X14,14,mixed,2,False,0,10,4,14,640.0,4.623,2.408,7,9,0,-999999993.0,True,False,False
phase1_ring,phase1,X14,14,mixed,2,False,0,11,3,14,620.0,4.623,2.408,7,9,0,-999999993.0,True,False,False
phase1_ring,phase1,X14,14,mixed,2,False,0,12,2,14,600.0,4.623,2.408,7,9,0,-999999993.0,True,False,False
phase1_ring,phase1,X14,14,mixed,2,False,0,13,1,14,580.0,4.623,2.408,7,9,0,-999999993.0,True,False,False
phase1_ring,phase1,X14,14,homogeneous_medium,1,False,0,14,0,14,560.0,4.623,2.408,7,9,0,-999999993.0,False,False,False
phase1_ring,phase1,X14,14,mixed,2,False,1,0,13,14,787.5,4.899,2.571,9,9,0,841.14,True,False,False
phase1_ring,phase1,X14,14,mixed,3,True,1,1,12,14,767.5,4.652,2.496,9,9,0,847.08,True,False,False
phase1_ring,phase1,X14,14,mixed,3,True,1,2,11,14,747.5,4.583,2.431,9,9,0,849.46,True,False,False
phase1_ring,phase1,X14,14,mixed,3,True,1,3,10,14,727.5,4.582,2.4,9,9,0,850.49,True,False,False
phase1_ring,phase1,X14,14,mixed,3,True,1,4,9,14,707.5,4.582,2.398,9,9,0,851.49,True,False,False
phase1_ring,phase1,X14,14,mixed,3,True,1,5,8,14,687.5,4.582,2.397,9,9,0,852.49,True,False,False
phase1_ring,phase1,X14,14,mixed,3,True,1,6,7,14,667.5,4.582,2.396,9,9,0,853.49,True,False,False
phase1_ring,phase1,X14,14,mixed,3,True,1,7,6,14,647.5,4.582,2.395,9,9,0,854.49,True,False,False
phase1_ring,phase1,X14,14,mixed,3,True,1,8,5,14,627.5,4.582,2.395,9,9,0,855.49,True,False,False
phase1_ring,phase1,X14,14,mixed,3,True,1,9,4,14,607.5,4.582,2.395,9,9,0,856.49,True,False,False
phase1_ring,phase1,X14,14,mixed,3,True,1,10,3,14,587.5,4.582,2.395,9,9,0,857.49,True,False,False
phase1_ring,phase1,X14,14,mixed,3,True,1,11,2,14,567.5,4.582,2.395,9,9,0,858.49,True,False,False
phase1_ring,phase1,X14,14,mixed,3,True,1,12,1,14,547.5,4.582,2.395,9,9,0,859.49,True,False,False
phase1_ring,phase1,X14,14,mixed,2,False,1,13,0,14,527.5,4.582,2.395,9,9,0,860.49,True,False,False
phase1_ring,phase1,X14,14,mixed,2,False,2,0,12,14,735.0,4.811,2.544,9,9,0,845.54,True,False,False
phase1_ring,phase1,X14,14,mixed,3,True,2,1,11,14,715.0,4.581,2.471,9,9,0,851.13,True,False,False
phase1_ring,phase1,X14,14,mixed,3,True,2,2,10,14,695.0,4.541,2.407,9,9,0,852.93,True,False,False
phase1_ring,phase1,X14,14,mixed,3,True,2,3,9,14,675.0,4.541,2.387,9,9,0,853.94,True,False,False
phase1_ring,phase1,X14,14,mixed,3,True,2,4,8,14,655.0,4.541,2.386,9,9,0,854.94,True,False,False
phase1_ring,phase1,X14,14,mixed,3,True,2,5,7,14,635.0,4.541,2.385,9,9,0,855.94,True,False,False
phase1_ring,phase1,X14,14,mixed,3,True,2,6,6,14,615.0,4.541,2.384,9,9,0,856.94,True,False,False
phase1_ring,phase1,X14,14,mixed,3,True,2,7,5,14,595.0,4.541,2.383,9,9,0,857.94,True,False,False
phase1_ring,phase1,X14,14,mixed,3,True,2,8,4,14,575.0,4.541,2.383,9,9,0,858.94,True,False,False
phase1_ring,phase1,X14,14,mixed,3,True,2,9,3,14,555.0,4.541,2.383,9,9,0,859.94,True,False,False
phase1_ring,phase1,X14,14,mixed,3,True,2,10,2,14,535.0,4.541,2.383,9,9,0,860.94,True,False,False
phase1_ring,phase1,X14,14,mixed,3,True,2,11,1,14,515.0,4.541,2.383,9,9,0,861.94,True,False,False
phase1_ring,phase1,X14,14,mixed,2,False,2,12,0,14,495.0,4.541,2.383,9,9,0,862.94,True,False,False
phase1_ring,phase1,X14,14,mixed,2,False,3,0,11,14,682.5,4.722,2.517,9,9,0,849.94,True,False,False
phase1_ring,phase1,X14,14,mixed,3,True,3,1,10,14,662.5,4.524,2.446,9,9,0,854.9,True,False,False
phase1_ring,phase1,X14,14,mixed,3,True,3,2,9,14,642.5,4.5,2.384,9,9,0,856.38,True,False,False
phase1_ring,phase1,X14,14,mixed,3,True,3,3,8,14,622.5,4.5,2.375,9,9,0,857.38,True,False,False
phase1_ring,phase1,X14,14,mixed,3,True,3,4,7,14,602.5,4.5,2.373,9,9,0,858.38,True,False,False
phase1_ring,phase1,X14,14,mixed,3,True,3,5,6,14,582.5,4.5,2.372,9,9,0,859.38,True,False,False
phase1_ring,phase1,X14,14,mixed,3,True,3,6,5,14,562.5,4.5,2.371,9,9,0,860.38,True,False,False
phase1_ring,phase1,X14,14,mixed,3,True,3,7,4,14,542.5,4.5,2.37,9,9,0,861.38,True,False,False
phase1_ring,phase1,X14,14,mixed,3,True,3,8,3,14,522.5,4.5,2.37,9,9,0,862.38,True,False,False
phase1_ring,phase1,X14,14,mixed,3,True,3,9,2,14,502.5,4.5,2.37,9,9,0,863.38,True,False,False
phase1_ring,phase1,X14,14,mixed,3,True,3,10,1,14,482.5,4.5,2.37,9,9,0,864.38,True,False,False
phase1_ring,phase1,X14,14,mixed,2,False,3,11,0,14,462.5,4.5,2.37,9,9,0,865.38,True,False,False
phase1_ring,phase1,X14,14,mixed,2,False,4,0,10,14,630.0,4.633,2.491,9,9,0,854.34,True,False,False
phase1_ring,phase1,X14,14,mixed,3,True,4,1,9,14,610.0,4.473,2.421,9,9,0,858.54,True,False,False
phase1_ring,phase1,X14,14,mixed,3,True,4,2,8,14,590.0,4.459,2.365,9,9,0,859.83,True,False,False
phase1_ring,phase1,X14,14,mixed,3,True,4,3,7,14,570.0,4.459,2.362,9,9,0,860.83,True,False,False
phase1_ring,phase1,X14,14,mixed,3,True,4,4,6,14,550.0,4.459,2.361,9,9,0,861.83,True,False,False
phase1_ring,phase1,X14,14,mixed,3,True,4,5,5,14,530.0,4.459,2.359,9,9,0,862.83,True,False,False
phase1_ring,phase1,X14,14,mixed,3,True,4,6,4,14,510.0,4.459,2.358,9,9,0,863.83,True,False,False
phase1_ring,phase1,X14,14,mixed,3,True,4,7,3,14,490.0,4.459,2.358,9,9,0,864.83,True,False,False
phase1_ring,phase1,X14,14,mixed,3,True,4,8,2,14,470.0,4.459,2.358,9,9,0,865.83,True,False,False
phase1_ring,phase1,X14,14,mixed,3,True,4,9,1,14,450.0,4.459,2.358,9,9,0,866.83,True,False,False
phase1_ring,phase1,X14,14,mixed,2,False,4,10,0,14,430.0,4.459,2.358,9,9,0,867.83,True,False,False
phase1_ring,phase1,X14,14,mixed,2,False,5,0,9,14,577.5,4.545,2.464,9,9,0,858.72,True,False,False
phase1_ring,phase1,X14,14,mixed,3,True,5,1,8,14,557.5,4.425,2.397,9,9,0,862.12,True,False,False
phase1_ring,phase1,X14,14,mixed,3,True,5,2,7,14,537.5,4.418,2.352,9,9,0,863.27,True,False,False
phase1_ring,phase1,X14,14,mixed,3,True,5,3,6,14,517.5,4.418,2.349,9,9,0,864.27,True,False,False
phase1_ring,phase1,X14,14,mixed,3,True,5,4,5,14,497.5,4.418,2.348,9,9,0,865.27,True,False,False
phase1_ring,phase1,X14,14,mixed,3,True,5,5,4,14,477.5,4.418,2.347,9,9,0,866.27,True,False,False
phase1_ring,phase1,X14,14,mixed,3,True,5,6,3,14,457.5,4.418,2.346,9,9,0,867.27,True,False,False
phase1_ring,phase1,X14,14,mixed,3,True,5,7,2,14,437.5,4.418,2.346,9,9,0,868.27,True,False,False
phase1_ring,phase1,X14,14,mixed,3,True,5,8,1,14,417.5,4.418,2.346,9,9,0,869.27,True,False,False
phase1_ring,phase1,X14,14,mixed,2,False,5,9,0,14,397.5,4.418,2.346,9,9,0,870.27,True,False,False
phase1_ring,phase1,X14,14,mixed,2,False,6,0,8,14,525.0,4.463,2.439,9,9,0,862.99,True,False,False
phase1_ring,phase1,X14,14,mixed,3,True,6,1,7,14,505.0,4.382,2.373,9,9,0,865.61,True,False,False
phase1_ring,phase1,X14,14,mixed,3,True,6,2,6,14,485.0,4.38,2.34,9,9,0,866.66,True,False,False
phase1_ring,phase1,X14,14,mixed,3,True,6,3,5,14,465.0,4.38,2.337,9,9,0,867.66,True,False,False
phase1_ring,phase1,X14,14,mixed,3,True,6,4,4,14,445.0,4.38,2.336,9,9,0,868.66,True,False,False
phase1_ring,phase1,X14,14,mixed,3,True,6,5,3,14,425.0,4.38,2.335,9,9,0,869.66,True,False,False
phase1_ring,phase1,X14,14,mixed,3,True,6,6,2,14,405.0,4.38,2.334,9,9,0,870.66,True,False,False
phase1_ring,phase1,X14,14,mixed,3,True,6,7,1,14,385.0,4.38,2.334,9,9,0,871.66,True,False,False
phase1_ring,phase1,X14,14,mixed,2,False,6,8,0,14,365.0,4.38,2.334,9,9,0,872.66,True,False,False
phase1_ring,phase1,X14,14,mixed,2,False,7,0,7,14,472.5,4.399,2.415,9,9,0,866.9,True,False,False
phase1_ring,phase1,X14,14,mixed,3,True,7,1,6,14,452.5,4.35,2.351,9,9,0,868.87,True,False,False
phase1_ring,phase1,X14,14,mixed,3,True,7,2,5,14,432.5,4.35,2.328,9,9,0,869.88,True,False,False
phase1_ring,phase1,X14,14,mixed,3,True,7,3,4,14,412.5,4.35,2.326,9,9,0,870.88,True,False,False
phase1_ring,phase1,X14,14,mixed,3,True,7,4,3,14,392.5,4.35,2.325,9,9,0,871.88,True,False,False
phase1_ring,phase1,X14,14,mixed,3,True,7,5,2,14,372.5,4.35,2.324,9,9,0,872.88,True,False,False
phase1_ring,phase1,X14,14,mixed,3,True,7,6,1,14,352.5,4.35,2.323,9,9,0,873.88,True,False,False
phase1_ring,phase1,X14,14,mixed,2,False,7,7,0,14,332.5,4.35,2.323,9,9,0,874.88,True,False,False
phase1_ring,phase1,X14,14,mixed,2,False,8,0,6,14,420.0,4.36,2.391,9,9,0,870.3,True,False,False
phase1_ring,phase1,X14,14,mixed,3,True,8,1,5,14,400.0,4.332,2.33,9,9,0,871.86,True,False,False
phase1_ring,phase1,X14,14,mixed,3,True,8,2,4,14,380.0,4.332,2.316,9,9,0,872.86,True,False,False
phase1_ring,phase1,X14,14,mixed,3,True,8,3,3,14,360.0,4.332,2.315,9,9,0,873.86,True,False,False
phase1_ring,phase1,X14,14,mixed,3,True,8,4,2,14,340.0,4.332,2.314,9,9,0,874.86,True,False,False
phase1_ring,phase1,X14,14,mixed,3,True,8,5,1,14,320.0,4.332,2.313,9,9,0,875.86,True,False,False
phase1_ring,phase1,X14,14,mixed,2,False,8,6,0,14,300.0,4.332,2.311,9,9,0,876.86,True,False,False
phase1_ring,phase1,X14,14,mixed,2,False,9,0,5,14,367.5,4.34,2.368,9,9,0,873.32,True,False,False
phase1_ring,phase1,X14,14,mixed,3,True,9,1,4,14,347.5,4.323,2.309,9,9,0,874.67,True,False,False
phase1_ring,phase1,X14,14,mixed,3,True,9,2,3,14,327.5,4.323,2.305,9,9,0,875.67,True,False,False
phase1_ring,phase1,X14,14,mixed,3,True,9,3,2,14,307.5,4.323,2.304,9,9,0,876.67,True,False,False
phase1_ring,phase1,X14,14,mixed,3,True,9,4,1,14,287.5,4.323,2.3,9,9,0,877.67,True,False,False
phase1_ring,phase1,X14,14,mixed,2,False,9,5,0,14,267.5,4.323,2.295,9,9,0,878.67,True,False,False
phase1_ring,phase1,X14,14,mixed,2,False,10,0,4,14,315.0,4.326,2.346,9,9,0,876.23,True,False,False
phase1_ring,phase1,X14,14,mixed,3,True,10,1,3,14,295.0,4.316,2.296,9,9,0,877.43,True,False,False
phase1_ring,phase1,X14,14,mixed,3,True,10,2,2,14,275.0,4.316,2.289,9,9,0,878.43,True,False,False
phase1_ring,phase1,X14,14,mixed,3,True,10,3,1,14,255.0,4.316,2.283,9,9,0,879.43,True,False,False
phase1_ring,phase1,X14,14,mixed,2,False,10,4,0,14,235.0,4.316,2.275,9,9,0,880.43,True,False,False
phase1_ring,phase1,X14,14,mixed,2,False,11,0,3,14,262.5,4.315,2.316,9,9,0,879.08,True,False,False
phase1_ring,phase1,X14,14,mixed,3,True,11,1,2,14,242.5,4.311,2.272,9,9,0,880.15,True,False,False
phase1_ring,phase1,X14,14,mixed,3,True,11,2,1,14,222.5,4.311,2.263,9,9,0,881.15,True,False,False
phase1_ring,phase1,X14,14,mixed,2,False,11,3,0,14,202.5,4.311,2.289,9,9,0,882.15,True,False,False
phase1_ring,phase1,X14,14,mixed,2,False,12,0,2,14,210.0,4.309,2.294,9,9,0,881.82,True,False,False
phase1_ring,phase1,X14,14,mixed,3,True,12,1,1,14,190.0,4.308,2.278,9,9,0,882.83,True,False,False
phase1_ring,phase1,X14,14,mixed,2,False,12,2,0,14,170.0,4.308,2.269,9,9,1,883.83,True,False,False
phase1_ring,phase1,X14,14,mixed,2,False,13,0,1,14,157.5,4.308,2.273,9,9,1,884.47,True,False,False
phase1_ring,phase1,X14,14,mixed,2,False,13,1,0,14,137.5,4.308,2.242,8,9,2,-999999992.0,True,False,False
phase1_ring,phase1,X14,14,homogeneous_micro,1,False,14,0,0,14,105.0,4.308,2.221,8,9,2,-999999992.0,False,False,False
phase1_ring,phase1,X16,16,homogeneous_large,1,False,0,0,16,16,960.0,4.988,2.598,7,9,0,-999999993.0,False,False,False
phase1_ring,phase1,X16,16,mixed,2,False,0,1,15,16,940.0,4.735,2.521,7,9,0,-999999993.0,True,False,False
phase1_ring,phase1,X16,16,mixed,2,False,0,2,14,16,920.0,4.629,2.455,7,9,0,-999999993.0,True,False,False
phase1_ring,phase1,X16,16,mixed,2,False,0,3,13,16,900.0,4.623,2.414,7,9,0,-999999993.0,True,False,False
phase1_ring,phase1,X16,16,mixed,2,False,0,4,12,16,880.0,4.623,2.411,7,9,0,-999999993.0,True,False,False
phase1_ring,phase1,X16,16,mixed,2,False,0,5,11,16,860.0,4.623,2.41,7,9,0,-999999993.0,True,False,False
phase1_ring,phase1,X16,16,mixed,2,False,0,6,10,16,840.0,4.623,2.409,7,9,0,-999999993.0,True,False,False
phase1_ring,phase1,X16,16,mixed,2,False,0,7,9,16,820.0,4.623,2.408,7,9,0,-999999993.0,True,False,False
phase1_ring,phase1,X16,16,mixed,2,False,0,8,8,16,800.0,4.623,2.408,7,9,0,-999999993.0,True,False,False
phase1_ring,phase1,X16,16,mixed,2,False,0,9,7,16,780.0,4.623,2.408,7,9,0,-999999993.0,True,False,False
phase1_ring,phase1,X16,16,mixed,2,False,0,10,6,16,760.0,4.623,2.408,7,9,0,-999999993.0,True,False,False
phase1_ring,phase1,X16,16,mixed,2,False,0,11,5,16,740.0,4.623,2.408,7,9,0,-999999993.0,True,False,False
phase1_ring,phase1,X16,16,mixed,2,False,0,12,4,16,720.0,4.623,2.408,7,9,0,-999999993.0,True,False,False
phase1_ring,phase1,X16,16,mixed,2,False,0,13,3,16,700.0,4.623,2.408,7,9,0,-999999993.0,True,False,False
phase1_ring,phase1,X16,16,mixed,2,False,0,14,2,16,680.0,4.623,2.408,7,9,0,-999999993.0,True,False,False
phase1_ring,phase1,X16,16,mixed,2,False,0,15,1,16,660.0,4.623,2.408,7,9,0,-999999993.0,True,False,False
phase1_ring,phase1,X16,16,homogeneous_medium,1,False,0,16,0,16,640.0,4.623,2.408,7,9,0,-999999993.0,False,False,False
phase1_ring,phase1,X16,16,mixed,2,False,1,0,15,16,907.5,4.899,2.571,9,9,0,831.14,True,False,False
phase1_ring,phase1,X16,16,mixed,3,True,1,1,14,16,887.5,4.652,2.496,9,9,0,837.08,True,False,False
phase1_ring,phase1,X16,16,mixed,3,True,1,2,13,16,867.5,4.583,2.431,9,9,0,839.46,True,False,False
phase1_ring,phase1,X16,16,mixed,3,True,1,3,12,16,847.5,4.582,2.4,9,9,0,840.49,True,False,False
phase1_ring,phase1,X16,16,mixed,3,True,1,4,11,16,827.5,4.582,2.398,9,9,0,841.49,True,False,False
phase1_ring,phase1,X16,16,mixed,3,True,1,5,10,16,807.5,4.582,2.397,9,9,0,842.49,True,False,False
phase1_ring,phase1,X16,16,mixed,3,True,1,6,9,16,787.5,4.582,2.396,9,9,0,843.49,True,False,False
phase1_ring,phase1,X16,16,mixed,3,True,1,7,8,16,767.5,4.582,2.395,9,9,0,844.49,True,False,False
phase1_ring,phase1,X16,16,mixed,3,True,1,8,7,16,747.5,4.582,2.395,9,9,0,845.49,True,False,False
phase1_ring,phase1,X16,16,mixed,3,True,1,9,6,16,727.5,4.582,2.395,9,9,0,846.49,True,False,False
phase1_ring,phase1,X16,16,mixed,3,True,1,10,5,16,707.5,4.582,2.395,9,9,0,847.49,True,False,False
phase1_ring,phase1,X16,16,mixed,3,True,1,11,4,16,687.5,4.582,2.395,9,9,0,848.49,True,False,False
phase1_ring,phase1,X16,16,mixed,3,True,1,12,3,16,667.5,4.582,2.395,9,9,0,849.49,True,False,False
phase1_ring,phase1,X16,16,mixed,3,True,1,13,2,16,647.5,4.582,2.395,9,9,0,850.49,True,False,False
phase1_ring,phase1,X16,16,mixed,3,True,1,14,1,16,627.5,4.582,2.395,9,9,0,851.49,True,False,False
phase1_ring,phase1,X16,16,mixed,2,False,1,15,0,16,607.5,4.582,2.395,9,9,0,852.49,True,False,False
phase1_ring,phase1,X16,16,mixed,2,False,2,0,14,16,855.0,4.811,2.544,9,9,0,835.54,True,False,False
phase1_ring,phase1,X16,16,mixed,3,True,2,1,13,16,835.0,4.581,2.471,9,9,0,841.13,True,False,False
phase1_ring,phase1,X16,16,mixed,3,True,2,2,12,16,815.0,4.541,2.407,9,9,0,842.93,True,False,False
phase1_ring,phase1,X16,16,mixed,3,True,2,3,11,16,795.0,4.541,2.387,9,9,0,843.94,True,False,False
phase1_ring,phase1,X16,16,mixed,3,True,2,4,10,16,775.0,4.541,2.386,9,9,0,844.94,True,False,False
phase1_ring,phase1,X16,16,mixed,3,True,2,5,9,16,755.0,4.541,2.385,9,9,0,845.94,True,False,False
phase1_ring,phase1,X16,16,mixed,3,True,2,6,8,16,735.0,4.541,2.384,9,9,0,846.94,True,False,False
phase1_ring,phase1,X16,16,mixed,3,True,2,7,7,16,715.0,4.541,2.383,9,9,0,847.94,True,False,False
phase1_ring,phase1,X16,16,mixed,3,True,2,8,6,16,695.0,4.541,2.383,9,9,0,848.94,True,False,False
phase1_ring,phase1,X16,16,mixed,3,True,2,9,5,16,675.0,4.541,2.383,9,9,0,849.94,True,False,False
phase1_ring,phase1,X16,16,mixed,3,True,2,10,4,16,655.0,4.541,2.383,9,9,0,850.94,True,False,False
phase1_ring,phase1,X16,16,mixed,3,True,2,11,3,16,635.0,4.541,2.383,9,9,0,851.94,True,False,False
phase1_ring,phase1,X16,16,mixed,3,True,2,12,2,16,615.0,4.541,2.383,9,9,0,852.94,True,False,False
phase1_ring,phase1,X16,16,mixed,3,True,2,13,1,16,595.0,4.541,2.383,9,9,0,853.94,True,False,False
phase1_ring,phase1,X16,16,mixed,2,False,2,14,0,16,575.0,4.541,2.383,9,9,0,854.94,True,False,False
phase1_ring,phase1,X16,16,mixed,2,False,3,0,13,16,802.5,4.722,2.517,9,9,0,839.94,True,False,False
phase1_ring,phase1,X16,16,mixed,3,True,3,1,12,16,782.5,4.524,2.446,9,9,0,844.9,True,False,False
phase1_ring,phase1,X16,16,mixed,3,True,3,2,11,16,762.5,4.5,2.384,9,9,0,846.38,True,False,False
phase1_ring,phase1,X16,16,mixed,3,True,3,3,10,16,742.5,4.5,2.375,9,9,0,847.38,True,False,False
phase1_ring,phase1,X16,16,mixed,3,True,3,4,9,16,722.5,4.5,2.373,9,9,0,848.38,True,False,False
phase1_ring,phase1,X16,16,mixed,3,True,3,5,8,16,702.5,4.5,2.372,9,9,0,849.38,True,False,False
phase1_ring,phase1,X16,16,mixed,3,True,3,6,7,16,682.5,4.5,2.371,9,9,0,850.38,True,False,False
phase1_ring,phase1,X16,16,mixed,3,True,3,7,6,16,662.5,4.5,2.37,9,9,0,851.38,True,False,False
phase1_ring,phase1,X16,16,mixed,3,True,3,8,5,16,642.5,4.5,2.37,9,9,0,852.38,True,False,False
phase1_ring,phase1,X16,16,mixed,3,True,3,9,4,16,622.5,4.5,2.37,9,9,0,853.38,True,False,False
phase1_ring,phase1,X16,16,mixed,3,True,3,10,3,16,602.5,4.5,2.37,9,9,0,854.38,True,False,False
phase1_ring,phase1,X16,16,mixed,3,True,3,11,2,16,582.5,4.5,2.37,9,9,0,855.38,True,False,False
phase1_ring,phase1,X16,16,mixed,3,True,3,12,1,16,562.5,4.5,2.37,9,9,0,856.38,True,False,False
phase1_ring,phase1,X16,16,mixed,2,False,3,13,0,16,542.5,4.5,2.37,9,9,0,857.38,True,False,False
phase1_ring,phase1,X16,16,mixed,2,False,4,0,12,16,750.0,4.633,2.491,9,9,0,844.34,True,False,False
phase1_ring,phase1,X16,16,mixed,3,True,4,1,11,16,730.0,4.473,2.421,9,9,0,848.54,True,False,False
phase1_ring,phase1,X16,16,mixed,3,True,4,2,10,16,710.0,4.459,2.365,9,9,0,849.83,True,False,False
phase1_ring,phase1,X16,16,mixed,3,True,4,3,9,16,690.0,4.459,2.362,9,9,0,850.83,True,False,False
phase1_ring,phase1,X16,16,mixed,3,True,4,4,8,16,670.0,4.459,2.361,9,9,0,851.83,True,False,False
phase1_ring,phase1,X16,16,mixed,3,True,4,5,7,16,650.0,4.459,2.359,9,9,0,852.83,True,False,False
phase1_ring,phase1,X16,16,mixed,3,True,4,6,6,16,630.0,4.459,2.358,9,9,0,853.83,True,False,False
phase1_ring,phase1,X16,16,mixed,3,True,4,7,5,16,610.0,4.459,2.358,9,9,0,854.83,True,False,False
phase1_ring,phase1,X16,16,mixed,3,True,4,8,4,16,590.0,4.459,2.358,9,9,0,855.83,True,False,False
phase1_ring,phase1,X16,16,mixed,3,True,4,9,3,16,570.0,4.459,2.358,9,9,0,856.83,True,False,False
phase1_ring,phase1,X16,16,mixed,3,True,4,10,2,16,550.0,4.459,2.358,9,9,0,857.83,True,False,False
phase1_ring,phase1,X16,16,mixed,3,True,4,11,1,16,530.0,4.459,2.358,9,9,0,858.83,True,False,False
phase1_ring,phase1,X16,16,mixed,2,False,4,12,0,16,510.0,4.459,2.358,9,9,0,859.83,True,False,False
phase1_ring,phase1,X16,16,mixed,2,False,5,0,11,16,697.5,4.545,2.464,9,9,0,848.72,True,False,False
phase1_ring,phase1,X16,16,mixed,3,True,5,1,10,16,677.5,4.425,2.397,9,9,0,852.12,True,False,False
phase1_ring,phase1,X16,16,mixed,3,True,5,2,9,16,657.5,4.418,2.352,9,9,0,853.27,True,False,False
phase1_ring,phase1,X16,16,mixed,3,True,5,3,8,16,637.5,4.418,2.349,9,9,0,854.27,True,False,False
phase1_ring,phase1,X16,16,mixed,3,True,5,4,7,16,617.5,4.418,2.348,9,9,0,855.27,True,False,False
phase1_ring,phase1,X16,16,mixed,3,True,5,5,6,16,597.5,4.418,2.347,9,9,0,856.27,True,False,False
phase1_ring,phase1,X16,16,mixed,3,True,5,6,5,16,577.5,4.418,2.346,9,9,0,857.27,True,False,False
phase1_ring,phase1,X16,16,mixed,3,True,5,7,4,16,557.5,4.418,2.346,9,9,0,858.27,True,False,False
phase1_ring,phase1,X16,16,mixed,3,True,5,8,3,16,537.5,4.418,2.346,9,9,0,859.27,True,False,False
phase1_ring,phase1,X16,16,mixed,3,True,5,9,2,16,517.5,4.418,2.346,9,9,0,860.27,True,False,False
phase1_ring,phase1,X16,16,mixed,3,True,5,10,1,16,497.5,4.418,2.346,9,9,0,861.27,True,False,False
phase1_ring,phase1,X16,16,mixed,2,False,5,11,0,16,477.5,4.418,2.346,9,9,0,862.27,True,False,False
phase1_ring,phase1,X16,16,mixed,2,False,6,0,10,16,645.0,4.463,2.439,9,9,0,852.99,True,False,False
phase1_ring,phase1,X16,16,mixed,3,True,6,1,9,16,625.0,4.382,2.373,9,9,0,855.61,True,False,False
phase1_ring,phase1,X16,16,mixed,3,True,6,2,8,16,605.0,4.38,2.34,9,9,0,856.66,True,False,False
phase1_ring,phase1,X16,16,mixed,3,True,6,3,7,16,585.0,4.38,2.337,9,9,0,857.66,True,False,False
phase1_ring,phase1,X16,16,mixed,3,True,6,4,6,16,565.0,4.38,2.336,9,9,0,858.66,True,False,False
phase1_ring,phase1,X16,16,mixed,3,True,6,5,5,16,545.0,4.38,2.335,9,9,0,859.66,True,False,False
phase1_ring,phase1,X16,16,mixed,3,True,6,6,4,16,525.0,4.38,2.334,9,9,0,860.66,True,False,False
phase1_ring,phase1,X16,16,mixed,3,True,6,7,3,16,505.0,4.38,2.334,9,9,0,861.66,True,False,False
phase1_ring,phase1,X16,16,mixed,3,True,6,8,2,16,485.0,4.38,2.334,9,9,0,862.66,True,False,False
phase1_ring,phase1,X16,16,mixed,3,True,6,9,1,16,465.0,4.38,2.334,9,9,0,863.66,True,False,False
phase1_ring,phase1,X16,16,mixed,2,False,6,10,0,16,445.0,4.38,2.334,9,9,0,864.66,True,False,False
phase1_ring,phase1,X16,16,mixed,2,False,7,0,9,16,592.5,4.399,2.415,9,9,0,856.9,True,False,False
phase1_ring,phase1,X16,16,mixed,3,True,7,1,8,16,572.5,4.35,2.351,9,9,0,858.87,True,False,False
phase1_ring,phase1,X16,16,mixed,3,True,7,2,7,16,552.5,4.35,2.328,9,9,0,859.88,True,False,False
phase1_ring,phase1,X16,16,mixed,3,True,7,3,6,16,532.5,4.35,2.326,9,9,0,860.88,True,False,False
phase1_ring,phase1,X16,16,mixed,3,True,7,4,5,16,512.5,4.35,2.325,9,9,0,861.88,True,False,False
phase1_ring,phase1,X16,16,mixed,3,True,7,5,4,16,492.5,4.35,2.324,9,9,0,862.88,True,False,False
phase1_ring,phase1,X16,16,mixed,3,True,7,6,3,16,472.5,4.35,2.323,9,9,0,863.88,True,False,False
phase1_ring,phase1,X16,16,mixed,3,True,7,7,2,16,452.5,4.35,2.323,9,9,0,864.88,True,False,False
phase1_ring,phase1,X16,16,mixed,3,True,7,8,1,16,432.5,4.35,2.323,9,9,0,865.88,True,False,False
phase1_ring,phase1,X16,16,mixed,2,False,7,9,0,16,412.5,4.35,2.323,9,9,0,866.88,True,False,False
phase1_ring,phase1,X16,16,mixed,2,False,8,0,8,16,540.0,4.36,2.391,9,9,0,860.3,True,False,False
phase1_ring,phase1,X16,16,mixed,3,True,8,1,7,16,520.0,4.332,2.33,9,9,0,861.86,True,False,False
phase1_ring,phase1,X16,16,mixed,3,True,8,2,6,16,500.0,4.332,2.316,9,9,0,862.86,True,False,False
phase1_ring,phase1,X16,16,mixed,3,True,8,3,5,16,480.0,4.332,2.315,9,9,0,863.86,True,False,False
phase1_ring,phase1,X16,16,mixed,3,True,8,4,4,16,460.0,4.332,2.314,9,9,0,864.86,True,False,False
phase1_ring,phase1,X16,16,mixed,3,True,8,5,3,16,440.0,4.332,2.313,9,9,0,865.86,True,False,False
phase1_ring,phase1,X16,16,mixed,3,True,8,6,2,16,420.0,4.332,2.312,9,9,0,866.86,True,False,False
phase1_ring,phase1,X16,16,mixed,3,True,8,7,1,16,400.0,4.332,2.312,9,9,0,867.86,True,False,False
phase1_ring,phase1,X16,16,mixed,2,False,8,8,0,16,380.0,4.332,2.312,9,9,0,868.86,True,False,False
phase1_ring,phase1,X16,16,mixed,2,False,9,0,7,16,487.5,4.34,2.368,9,9,0,863.32,True,False,False
phase1_ring,phase1,X16,16,mixed,3,True,9,1,6,16,467.5,4.323,2.309,9,9,0,864.67,True,False,False
phase1_ring,phase1,X16,16,mixed,3,True,9,2,5,16,447.5,4.323,2.305,9,9,0,865.67,True,False,False
phase1_ring,phase1,X16,16,mixed,3,True,9,3,4,16,427.5,4.323,2.304,9,9,0,866.67,True,False,False
phase1_ring,phase1,X16,16,mixed,3,True,9,4,3,16,407.5,4.323,2.303,9,9,0,867.67,True,False,False
phase1_ring,phase1,X16,16,mixed,3,True,9,5,2,16,387.5,4.323,2.302,9,9,0,868.67,True,False,False
phase1_ring,phase1,X16,16,mixed,3,True,9,6,1,16,367.5,4.323,2.301,9,9,0,869.67,True,False,False
phase1_ring,phase1,X16,16,mixed,2,False,9,7,0,16,347.5,4.323,2.301,9,9,0,870.67,True,False,False
phase1_ring,phase1,X16,16,mixed,2,False,10,0,6,16,435.0,4.326,2.346,9,9,0,866.23,True,False,False
phase1_ring,phase1,X16,16,mixed,3,True,10,1,5,16,415.0,4.316,2.297,9,9,0,867.43,True,False,False
phase1_ring,phase1,X16,16,mixed,3,True,10,2,4,16,395.0,4.316,2.294,9,9,0,868.43,True,False,False
phase1_ring,phase1,X16,16,mixed,3,True,10,3,3,16,375.0,4.316,2.293,9,9,0,869.43,True,False,False
phase1_ring,phase1,X16,16,mixed,3,True,10,4,2,16,355.0,4.316,2.292,9,9,0,870.43,True,False,False
phase1_ring,phase1,X16,16,mixed,3,True,10,5,1,16,335.0,4.316,2.291,9,9,0,871.43,True,False,False
phase1_ring,phase1,X16,16,mixed,2,False,10,6,0,16,315.0,4.316,2.291,9,9,0,872.43,True,False,False
phase1_ring,phase1,X16,16,mixed,2,False,11,0,5,16,382.5,4.315,2.324,9,9,0,869.08,True,False,False
phase1_ring,phase1,X16,16,mixed,3,True,11,1,4,16,362.5,4.311,2.286,9,9,0,870.15,True,False,False
phase1_ring,phase1,X16,16,mixed,3,True,11,2,3,16,342.5,4.311,2.284,9,9,0,871.15,True,False,False
phase1_ring,phase1,X16,16,mixed,3,True,11,3,2,16,322.5,4.311,2.283,9,9,0,872.15,True,False,False
phase1_ring,phase1,X16,16,mixed,3,True,11,4,1,16,302.5,4.311,2.282,9,9,0,873.15,True,False,False
phase1_ring,phase1,X16,16,mixed,2,False,11,5,0,16,282.5,4.311,2.277,9,9,0,874.15,True,False,False
phase1_ring,phase1,X16,16,mixed,2,False,12,0,4,16,330.0,4.309,2.303,9,9,0,871.82,True,False,False
phase1_ring,phase1,X16,16,mixed,3,True,12,1,3,16,310.0,4.308,2.276,9,9,0,872.83,True,False,False
phase1_ring,phase1,X16,16,mixed,3,True,12,2,2,16,290.0,4.308,2.271,9,9,0,873.83,True,False,False
phase1_ring,phase1,X16,16,mixed,3,True,12,3,1,16,270.0,4.308,2.267,9,9,0,874.83,True,False,False
phase1_ring,phase1,X16,16,mixed,2,False,12,4,0,16,250.0,4.308,2.26,9,9,0,875.83,True,False,False
phase1_ring,phase1,X16,16,mixed,2,False,13,0,3,16,277.5,4.308,2.278,9,9,0,874.47,True,False,False
phase1_ring,phase1,X16,16,mixed,3,True,13,1,2,16,257.5,4.308,2.256,9,9,0,875.47,True,False,False
phase1_ring,phase1,X16,16,mixed,3,True,13,2,1,16,237.5,4.308,2.248,9,9,0,876.47,True,False,False
phase1_ring,phase1,X16,16,mixed,2,False,13,3,0,16,217.5,4.308,2.24,9,9,0,877.47,True,False,False
phase1_ring,phase1,X16,16,mixed,2,False,14,0,2,16,225.0,4.308,2.243,9,9,0,877.09,True,False,False
phase1_ring,phase1,X16,16,mixed,3,True,14,1,1,16,205.0,4.308,2.246,9,9,0,878.09,True,False,False
phase1_ring,phase1,X16,16,mixed,2,False,14,2,0,16,185.0,4.308,2.255,9,9,0,879.09,True,False,False
phase1_ring,phase1,X16,16,mixed,2,False,15,0,1,16,172.5,4.308,2.251,9,9,1,879.72,True,False,False
phase1_ring,phase1,X16,16,mixed,2,False,15,1,0,16,152.5,4.308,2.24,9,9,1,880.72,True,False,False
phase1_ring,phase1,X16,16,homogeneous_micro,1,False,16,0,0,16,120.0,4.308,2.228,8,9,2,-999999992.0,False,False,False
