generator_force_scale,generator_rated_force_n,generator_spring_decouple,air_spring_reference_bar,air_spring_max_cc,air_spring_min_cc,air_spring_expansion_gain,air_spring_compression_gain,generator_adaptive_profile,exhaust_open_ms,load_fraction,frequency_hz,combustion_pressure_gain,burn_duration_ms,damping_n_s_m,score,net_efficiency,capture_fraction,max_bdc_mm,elec_per_spring,expansion_work_j,elec_energy_j,peak_pressure_bar,rgf,scavenge_efficiency,stable,energy_balance_valid,spring_recovery,ke_power_fraction,unharvested_fraction
2.443393,7058.578481,0.293094,10.000000,79.463184,22.343708,0.563856,1.021805,0.122243,8.800000,0.946860,42.000000,1.680398,1.663208,32.574801,-0.005564,0.227351,0.059777,25.000,0.234550,471.74,182.75,281.5,0.000000,1.000000,1,1,0.950000,3.515561,0.000000
2.384920,7145.773284,0.310061,10.000000,77.513609,22.034510,0.578476,1.000000,0.203876,8.800000,0.950000,43.041191,1.689921,1.703275,32.320799,-0.005558,0.227476,0.066892,25.000,0.222128,357.26,184.16,306.5,0.000268,0.999732,1,1,0.950000,3.836746,0.000000
2.389243,7187.577152,0.307268,10.127191,79.117694,23.084124,0.556921,1.030986,0.102846,8.800000,0.927946,45.883877,1.676038,1.736753,32.076224,-0.013765,0.071139,0.039935,25.000,0.046804,269.79,54.71,521.6,0.000296,0.999704,1,1,0.950000,4.300792,0.000000
2.574123,7099.755315,0.282580,10.383023,77.975890,22.332851,0.557393,1.028429,0.091142,8.800000,0.948481,42.000000,1.697462,1.704657,33.252077,-0.006218,0.214894,0.056291,25.000,0.219884,473.49,173.38,282.5,0.000000,1.000000,1,1,0.950000,3.606778,0.000000
2.490646,6896.649649,0.254171,10.000000,79.677197,21.240432,0.567182,1.010050,0.171658,8.759036,0.950000,42.000000,1.658053,1.627335,32.199031,-0.007008,0.199853,0.052300,25.000,0.206777,475.13,161.80,283.3,0.000000,1.000000,1,1,0.950000,3.957323,0.000000
2.286243,7106.650534,0.318793,10.000000,81.593837,21.353362,0.577638,1.025215,0.124741,8.800000,0.949420,42.000000,1.686152,1.670262,32.484703,-0.007233,0.195567,0.051108,25.000,0.196650,474.51,158.12,282.9,0.000000,1.000000,1,1,0.950000,3.364303,0.000000
2.469977,6919.095640,0.289501,10.822705,79.311881,22.325523,0.550000,1.012210,0.125985,8.684091,0.950000,46.291288,1.672633,1.652951,32.107669,-0.006880,0.202289,0.047363,25.000,0.145101,450.13,163.77,378.4,0.000606,0.999394,1,1,0.950000,3.583681,0.000000
2.801403,7025.526193,0.283556,11.102659,78.657023,26.029341,0.554195,1.076320,0.155901,8.771630,0.946623,42.000000,1.671199,1.702315,31.059129,-0.012403,0.097085,0.050992,25.000,0.066805,471.49,78.00,281.2,0.000004,0.999996,1,1,0.950000,3.197322,0.000000
2.589954,7231.267686,0.317835,10.000000,81.204780,21.920450,0.550000,1.026641,0.110302,8.800000,0.937699,42.000000,1.737399,1.617649,33.773648,-0.007063,0.198791,0.051854,25.000,0.206288,461.85,156.44,275.5,0.000000,1.000000,1,1,0.950000,3.433226,0.000000
2.378536,6743.071937,0.300400,10.000000,78.156919,23.300893,0.553169,1.034142,0.105300,8.800000,0.950000,42.000000,1.689116,1.528180,33.318671,-0.001326,0.308084,0.064637,25.000,0.287737,475.13,249.43,379.9,0.000319,0.999681,1,1,0.950000,3.274766,0.000000
2.747945,7208.090993,0.303317,11.135632,81.225043,19.770408,0.574964,1.044466,0.299993,8.755656,0.949990,42.000000,1.664590,1.671862,31.736468,-0.009094,0.160110,0.040784,25.000,0.140563,475.12,129.62,283.3,0.000000,1.000000,1,1,0.950000,3.943383,0.000000
2.353697,7573.189331,0.281375,10.000000,80.352686,23.063906,0.582662,1.009468,0.034737,8.756876,0.946645,45.456301,1.722301,1.572616,31.440569,-0.007651,0.187599,0.046976,25.000,0.133817,471.51,150.72,354.6,0.000666,0.999334,1,1,0.950000,3.782015,0.000000
2.558755,7470.014085,0.293870,10.391611,73.453449,20.247389,0.585560,1.043654,0.029098,8.776239,0.950000,43.047991,1.650185,1.660496,30.237771,-0.017500,0.000000,0.000000,25.000,0.000000,276.18,0.00,358.4,0.000220,0.999780,1,1,0.950000,0.000000,0.000000
2.220769,7229.922717,0.298336,11.142629,79.687657,18.000000,0.565460,1.051826,0.183162,8.573941,0.942140,46.740136,1.690984,1.613201,33.434343,-0.017500,0.000000,0.000000,25.000,0.000000,122.80,0.00,278.4,0.000000,1.000000,1,1,0.950000,0.000000,0.000000
2.214032,7146.621050,0.318199,10.000000,81.765086,23.154799,0.612994,1.024963,0.137318,8.800000,0.950000,43.076638,1.676705,1.675726,30.977671,-0.005808,0.222704,0.063192,25.000,0.187813,425.12,180.30,309.3,0.000216,0.999784,1,1,0.950000,3.469799,0.000000
2.366689,7592.584779,0.299528,10.000000,80.498461,21.123236,0.592976,1.024368,0.214128,8.792980,0.902437,42.000000,1.670655,1.740854,30.222429,-0.005947,0.220048,0.057313,25.000,0.188853,423.77,158.89,253.1,0.000000,1.000000,1,1,0.950000,3.392341,0.000000
2.554057,7757.981359,0.264503,10.000000,78.609869,21.343529,0.550000,1.066216,0.179188,8.800000,0.950000,46.566226,1.715317,1.494059,34.544555,-0.010250,0.138100,0.075907,25.000,0.075559,399.18,111.81,514.6,0.000536,0.999464,1,1,0.950000,2.200660,0.000000
2.353616,7262.459043,0.248445,10.078068,79.652905,20.665532,0.588967,1.000000,0.214155,8.800000,0.950000,42.000000,1.705271,1.689755,34.060900,-0.006874,0.202406,0.052969,25.000,0.190880,475.13,163.87,283.3,0.000000,1.000000,1,1,0.950000,3.768012,0.000000
2.737464,6205.246916,0.252521,10.000000,80.348965,25.332899,0.584594,1.046076,0.096379,8.728557,0.923171,53.880512,1.608913,1.546543,31.414333,-0.010038,0.142142,0.147857,25.000,0.491308,234.82,108.06,103.5,0.000000,1.000000,1,1,0.950000,3.995642,0.000000
1.784870,7359.725052,0.310237,10.243337,74.716871,23.153068,0.578499,1.004077,0.313826,8.758626,0.950000,42.000000,1.668658,1.867279,36.776288,-0.011857,0.107494,0.064188,25.000,0.076956,475.13,87.03,283.3,0.000072,0.999928,1,1,0.950000,2.716069,0.000000
2.385705,6482.979439,0.245220,11.329318,82.000000,20.075182,0.597298,1.000000,0.059896,8.800000,0.927457,42.000000,1.681891,1.535671,30.261688,-0.008267,0.175872,0.044925,25.000,0.134520,450.79,135.09,269.0,0.000000,1.000000,1,1,0.950000,3.780827,0.000000
2.097791,7654.713980,0.338361,10.072747,82.000000,26.718629,0.550000,1.069076,0.157836,8.800000,0.880669,49.271835,1.665126,1.539888,35.644997,-0.009133,0.159378,0.163820,25.000,0.534288,210.67,108.70,93.0,0.000000,1.000000,1,1,0.950000,3.801326,0.000000
2.550858,6813.261247,0.278189,10.000000,75.507020,20.516659,0.583349,1.054166,0.236010,8.786369,0.950000,45.048948,1.709886,1.589691,33.800880,-0.017500,0.000000,0.000000,25.000,0.000000,275.08,0.00,345.1,0.000263,0.999737,1,1,0.950000,0.000000,0.000000
2.712060,7800.000000,0.252976,10.000000,82.000000,18.013716,0.550000,1.083581,0.162656,8.800000,0.950000,43.051260,1.634939,1.544534,34.757400,-0.017500,0.000000,0.000000,25.000,0.000000,225.06,0.00,283.3,0.000000,1.000000,1,1,0.950000,0.000000,0.000000
2.420592,7163.651803,0.309758,11.891493,79.717266,19.019004,0.632348,1.067632,0.140336,8.800000,0.950000,45.823666,1.748999,1.790529,33.937005,-0.017500,0.000000,0.000000,25.000,0.000000,300.08,0.00,283.4,0.000001,0.999999,1,1,0.950000,0.000000,0.000000
2.042117,6608.975999,0.246228,12.408683,81.752529,21.691920,0.622719,1.032977,0.130259,8.800000,0.946680,45.349226,1.750000,1.706422,31.724940,-0.017500,0.000000,0.000000,25.000,0.000000,273.00,0.00,284.8,0.000009,0.999991,1,1,0.950000,0.000000,0.000000
1.851598,7800.000000,0.352305,10.000000,74.479823,23.993608,0.555626,1.049674,0.087462,8.719741,0.863601,49.572760,1.629155,1.859825,30.550057,-0.008671,0.168176,0.173021,25.000,0.355286,301.45,109.42,88.8,0.000000,1.000000,1,1,0.950000,3.745260,0.000000
3.000000,7800.000000,0.338530,10.000000,81.991417,18.000000,0.550000,1.000000,0.208209,8.733090,0.927134,42.000000,1.721494,1.703579,29.049676,-0.006605,0.207521,0.053497,25.000,0.190706,450.44,159.28,268.8,0.000000,1.000000,1,1,0.950000,3.403270,0.000000
2.934348,6714.227272,0.266300,10.436805,78.877448,26.626719,0.550000,1.000000,0.139517,8.700664,0.950000,42.000000,1.680497,1.668009,32.179456,-0.006779,0.204216,0.057743,25.000,0.157971,325.09,165.33,305.9,0.000292,0.999708,1,1,0.950000,3.448451,0.000000
2.030022,6978.189886,0.329757,11.918907,80.730142,29.046188,0.649170,1.014891,0.157341,8.800000,0.892202,45.476066,1.750000,1.592008,33.964233,-0.017500,0.000000,0.000000,25.000,0.000000,132.88,0.00,406.3,0.000226,0.999774,1,1,0.950000,0.000000,0.000000
1.900345,6386.479522,0.310074,10.047823,76.396181,20.728694,0.569726,1.000000,0.262744,8.800000,0.916276,42.000000,1.719337,1.831710,30.336069,-0.007683,0.186985,0.048878,25.000,0.172051,438.72,139.78,261.9,0.000000,1.000000,1,1,0.950000,3.603301,0.000000
2.224004,2280.277283,0.272463,22.803445,81.604066,27.470655,0.705758,1.420688,0.215391,7.918590,0.649622,60.708931,1.694373,1.581199,23.421077,-0.017500,0.000000,0.000000,0.000,0.000000,0.00,0.00,36.0,0.011063,0.988937,0,1,0.000000,0.000000,0.000000
0.786936,5182.928045,0.203817,11.943809,50.654198,36.202516,0.890056,1.040449,0.242958,8.322470,0.872000,76.733166,1.595969,2.344554,33.707935,-0.017500,0.000000,0.000000,25.000,0.000000,102.71,0.00,267.9,0.014849,0.985151,1,1,0.950000,0.000000,0.000000
1.753767,5450.074142,0.104275,17.162171,79.349541,24.793106,0.566581,1.126614,0.322641,8.031209,0.683950,73.312260,1.681654,2.200067,37.219772,-0.017500,0.000000,0.000000,0.000,0.000000,0.00,0.00,44.4,0.011303,0.988697,0,1,0.000000,0.000000,0.000000
1.915391,6082.071520,0.434453,17.654776,58.849399,25.768680,0.919617,1.432639,0.114258,8.249594,0.920818,65.112268,1.416269,2.120696,27.141170,-0.017500,0.000000,0.000000,24.923,0.000000,280.18,0.00,102.9,0.007949,0.992051,1,1,0.950000,0.000000,0.000000
0.864514,4276.505049,0.083228,20.776598,51.739479,18.447472,0.782238,1.052789,0.692072,7.996020,0.805614,56.544852,1.404363,2.050003,39.117266,-0.017500,0.000000,0.000000,25.000,0.000000,0.00,0.00,74.5,0.011864,0.988136,1,1,0.950000,0.000000,0.000000
1.692158,6790.333897,0.228803,11.432680,60.661000,42.630789,0.700624,1.107841,0.967306,8.002553,0.861863,90.847623,1.723575,2.163221,36.538618,-0.017500,0.000000,0.000000,25.000,0.000000,73.41,0.00,242.3,0.013552,0.986448,1,1,0.000000,0.000000,0.000000
2.339266,3332.130941,0.330058,12.569052,55.844784,19.270629,0.814903,1.390277,0.870277,7.591633,0.640230,50.271395,1.421079,1.372000,31.628785,-0.017500,0.000000,0.000000,0.000,0.000000,0.00,0.00,33.7,0.000000,1.000000,0,1,0.000000,0.000000,0.000000
0.281935,7400.242297,0.250968,23.276181,54.262158,37.517813,0.666159,1.103799,0.601233,7.887473,0.670617,79.464253,1.343146,1.810305,41.394829,-0.017500,0.000000,0.000000,0.000,0.000000,0.00,0.00,41.8,0.010432,0.989568,0,1,0.000000,0.000000,0.000000
1.342458,7120.439750,0.243358,10.032285,55.069223,43.845459,0.731399,1.379077,0.205792,7.831889,0.678566,100.040927,1.478819,1.897674,26.825645,-0.017500,0.000000,0.000000,18.059,0.000000,47.90,0.00,145.5,0.014502,0.985498,1,1,0.191963,0.000000,0.000000
1.511017,6034.212711,0.116889,20.395108,81.001125,20.956464,0.754114,1.352925,0.563662,7.635726,0.889579,46.292226,1.391035,2.034047,25.701135,-0.017405,0.001817,0.010000,25.000,0.003365,27.71,1.27,95.3,0.000000,1.000000,1,1,0.950000,0.656449,0.166483
2.917842,6153.010105,0.423085,19.093950,77.968246,23.129668,0.927813,1.236512,0.152418,7.813097,0.675142,75.225401,1.427315,2.065595,26.569897,-0.017500,0.000000,0.000000,0.000,0.000000,0.00,0.00,42.3,0.006609,0.993391,0,1,0.000000,0.000000,0.000000
2.648939,6633.934612,0.398422,15.296511,59.717032,25.242109,0.638992,1.309443,0.673866,7.768867,0.923185,88.784238,1.271626,1.803145,28.213841,-0.014225,0.062377,0.154581,25.000,0.093022,193.28,47.42,118.2,0.013566,0.986434,1,1,0.950000,2.867736,0.000000
2.171923,4562.890493,0.218396,11.337471,76.598118,39.774230,0.839626,1.047264,0.444316,7.904902,0.834881,80.279249,1.547041,1.793008,38.575494,-0.008286,0.175509,0.386560,25.000,0.196241,236.46,104.92,105.7,0.011924,0.988076,1,1,0.950000,2.980166,0.000000
0.225626,6510.780230,0.437308,15.724611,65.882121,34.521686,0.834242,1.434706,0.309196,8.442926,0.720890,97.546152,1.507212,2.096689,27.638281,-0.017500,0.000000,0.000000,24.809,0.000000,23.97,0.00,84.5,0.018226,0.981774,1,1,0.950000,0.000000,0.000000
2.328386,3801.345376,0.317356,13.465340,71.426206,41.992530,0.888625,1.344916,0.775675,8.232169,0.850438,51.620063,1.488967,2.106158,30.175155,-0.017500,0.000000,0.000000,24.888,0.000000,270.88,0.00,85.6,0.000037,0.999963,1,1,0.950000,0.000000,0.000000
1.356479,3260.286120,0.257938,19.848913,71.173797,38.298697,0.582003,1.343078,0.098607,7.978988,0.794778,43.523205,1.631362,1.756613,20.320278,-0.017104,0.007539,0.026266,25.000,0.017735,105.71,3.95,71.8,0.000000,1.000000,1,1,0.950000,0.851788,0.000000
1.548919,7702.591920,0.298932,16.155886,50.943510,41.130138,0.578659,1.073059,0.053531,8.376350,0.697995,79.334822,1.325080,1.838760,22.465828,-0.017500,0.000000,0.000000,14.704,0.000000,64.43,0.00,124.9,0.010741,0.989259,1,1,0.950000,0.000000,0.000000
1.227519,5889.518901,0.375864,17.847621,77.451751,21.011774,0.807236,1.001123,0.990367,7.620940,0.894306,82.140430,1.606685,2.358900,18.069481,-0.017500,0.000000,0.000000,14.286,0.000000,0.00,0.00,96.4,0.013315,0.986685,1,1,0.877186,0.000000,0.000000
2.939032,4838.254199,0.445595,23.579172,68.384086,31.087047,0.694048,1.276543,0.068767,8.580787,0.711143,87.118590,1.361289,1.671445,21.293648,-0.017500,0.000000,0.000000,0.000,0.000000,0.00,0.00,51.6,0.013156,0.986844,0,1,0.000000,0.000000,0.000000
1.831518,2584.941843,0.442434,22.773767,61.711104,20.208390,0.593563,1.066717,0.376317,7.798485,0.885343,91.411784,1.280428,1.426460,40.471918,-0.017500,0.000000,0.000000,18.928,0.000000,0.00,0.00,94.7,0.016201,0.983799,1,1,0.950000,0.000000,0.000000
2.762735,4612.970193,0.190109,19.594510,72.094619,28.000969,0.868193,1.059554,0.590389,7.950059,0.797679,109.893087,1.352664,2.026606,41.802399,-0.017500,0.000000,0.000000,23.470,0.000000,0.00,0.00,87.3,0.013879,0.986121,1,1,0.535288,0.000000,0.000000
2.104656,2342.501609,0.236745,21.897264,64.468503,19.608300,0.802254,1.028901,0.460956,7.866973,0.821016,81.673934,1.333467,2.305736,36.662118,-0.017500,0.000000,0.000000,0.000,0.000000,0.00,0.00,78.3,0.012356,0.987644,0,1,0.000000,0.000000,0.000000
1.116117,5121.417909,0.130656,18.413639,80.055186,22.833960,0.633428,1.091555,0.371725,8.515174,0.759723,108.447657,1.288769,2.219719,23.817107,-0.017500,0.000000,0.000000,25.000,0.000000,0.00,0.00,78.9,0.013920,0.986080,1,1,0.950000,0.000000,0.000000
1.166605,6703.310506,0.294661,22.151026,53.687430,47.922180,0.601318,1.073599,0.422876,7.722973,0.707457,84.430765,1.707217,2.252651,22.816916,-0.017500,0.000000,0.000000,0.000,0.000000,0.00,0.00,58.1,0.012388,0.987612,0,1,0.000000,0.000000,0.000000
2.886700,4441.503899,0.321121,22.497790,56.187602,27.186017,0.779646,1.130144,0.978208,7.699701,0.858275,52.441566,1.533106,1.878248,36.282344,-0.017500,0.000000,0.000000,25.000,0.000000,0.00,0.00,87.5,0.000000,1.000000,1,1,0.950000,0.000000,0.000000
2.989617,4348.629100,0.278397,12.101535,58.706397,26.454370,0.871634,1.307515,0.279138,8.491990,0.739977,105.746039,1.434854,1.492331,24.695812,-0.017500,0.000000,0.000000,18.832,0.000000,84.79,0.00,190.6,0.015824,0.984176,1,1,0.910659,0.000000,0.000000
0.766591,7594.707518,0.369111,10.804467,81.297710,46.023300,0.861313,1.176383,0.175686,8.072067,0.926285,85.785327,1.727814,1.302246,30.725543,-0.017500,0.000000,0.000000,25.000,0.000000,212.93,0.00,116.5,0.009165,0.990835,1,1,0.950000,0.000000,0.000000
2.242185,5286.203628,0.430196,21.130881,75.661024,30.719872,0.913772,1.261486,0.836045,8.421528,0.734310,64.098650,1.737081,2.229368,38.086772,-0.017500,0.000000,0.000000,1.576,0.000000,0.00,0.00,56.9,0.008392,0.991608,1,1,0.500000,0.000000,0.000000
2.431270,5955.121988,0.123647,13.618737,78.805444,21.654181,0.905129,1.171188,0.844227,7.569249,0.668349,75.124406,1.642718,1.599235,22.709852,-0.017500,0.000000,0.000000,0.000,0.000000,0.00,0.00,40.6,0.014165,0.985835,0,1,0.000000,0.000000,0.000000
1.856023,3834.832859,0.160556,14.487383,79.902556,33.909983,0.607177,1.301587,0.733257,7.524302,0.753901,98.953556,1.381697,1.358526,23.215525,-0.017500,0.000000,0.000000,25.000,0.000000,27.72,0.00,88.1,0.013914,0.986086,1,1,0.436184,0.000000,0.000000
0.687976,7098.900029,0.384446,12.281787,64.003683,38.909232,0.765662,1.191972,0.401646,8.653455,0.772022,58.459250,1.657745,1.542159,27.904851,-0.017500,0.000000,0.000000,25.000,0.000000,104.82,0.00,220.8,0.013335,0.986665,1,1,0.950000,0.000000,0.000000
2.820101,2250.883981,0.197096,16.851014,66.215382,29.625939,0.613654,1.337317,0.481595,8.721775,0.654519,101.183752,1.345909,1.634110,41.451398,-0.017500,0.000000,0.000000,25.000,0.000000,32.85,0.00,58.7,0.013160,0.986840,1,1,0.950000,0.000000,0.000000
0.368811,3420.301711,0.151580,19.141005,61.212478,18.851329,0.903810,1.018414,0.771632,7.474285,0.728618,47.887639,1.261005,1.397362,39.922271,-0.017500,0.000000,0.000000,7.657,0.000000,0.00,0.00,55.5,0.000000,1.000000,1,1,0.950000,0.000000,0.000000
0.551875,2811.685418,0.402418,16.022941,69.367795,33.393739,0.880028,1.115368,0.938374,7.445933,0.929692,78.512760,1.459359,2.147833,40.735961,-0.017500,0.000000,0.000000,25.000,0.000000,0.00,0.00,105.6,0.010809,0.989191,1,1,0.950000,0.000000,0.000000
0.432447,7199.330997,0.184927,14.986214,70.158909,47.469973,0.815306,1.373810,0.823849,7.416530,0.910508,64.470301,1.739182,2.183055,34.723283,-0.017462,0.000728,0.003866,25.000,0.000810,156.83,0.54,315.7,0.006958,0.993042,1,1,0.950000,0.808949,0.059783
2.746351,5834.163412,0.135291,21.682894,52.351840,37.021100,0.571866,1.324248,0.145395,8.586529,0.660053,84.578599,1.617747,2.355166,35.103886,-0.017500,0.000000,0.000000,0.000,0.000000,0.00,0.00,43.1,0.011408,0.988592,0,1,0.000000,0.000000,0.000000
1.627730,2995.674230,0.221699,13.006797,56.831207,40.208575,0.682364,1.137528,0.521782,8.481626,0.787920,72.176832,1.467806,2.275102,37.676733,-0.017194,0.005826,0.009152,25.000,0.010320,146.77,2.98,92.6,0.012923,0.987077,1,1,0.950000,3.699671,0.000000
2.846633,4885.624218,0.254038,21.505781,71.680714,35.151012,0.745723,1.289409,0.916667,7.495522,0.765813,73.987557,1.376584,2.071789,18.839439,-0.017500,0.000000,0.000000,0.000,0.000000,0.00,0.00,64.7,0.012259,0.987741,0,1,0.000000,0.000000,0.000000
2.395787,2957.105220,0.093562,23.780086,59.489935,44.030301,0.877540,1.154941,0.859779,8.352529,0.624630,92.955397,1.251639,1.945855,39.437253,-0.017500,0.000000,0.000000,0.000,0.000000,0.00,0.00,39.8,0.018178,0.981822,0,1,0.000000,0.000000,0.000000
1.576360,5656.733775,0.108774,17.402200,70.776027,23.443402,0.788453,1.394729,0.194535,8.790840,0.945479,54.930354,1.625657,1.561811,24.116162,-0.013259,0.080773,0.084263,25.000,0.080311,396.00,64.72,109.0,0.000000,1.000000,1,1,0.950000,3.318403,0.000000
0.637007,6391.023095,0.167499,22.993865,57.725712,28.501475,0.621076,1.185361,0.811350,8.105896,0.833926,45.443532,1.439016,1.925583,29.688395,-0.017385,0.002182,0.002220,25.000,0.001739,331.38,1.30,81.5,0.000000,1.000000,1,1,0.950000,3.276766,0.000000
0.302064,5498.337838,0.260987,23.444294,62.668662,44.386643,0.686432,1.360881,0.528343,7.641513,0.805871,56.103061,1.295595,1.385255,29.280177,-0.017500,0.000000,0.000000,2.290,0.000000,0.00,0.00,74.6,0.010926,0.989074,1,1,0.250000,0.000000,0.000000
2.550413,3579.653748,0.390559,12.917177,65.049025,39.438664,0.761538,1.085206,0.035031,8.667624,0.905866,53.977356,1.455840,1.958125,35.883599,-0.017500,0.000000,0.000000,25.000,0.000000,258.59,0.00,305.2,0.000510,0.999490,1,1,0.950000,0.000000,0.000000
0.974556,6887.744008,0.279126,16.334215,66.554282,41.460663,0.772391,1.328713,0.084425,8.687984,0.705867,68.242825,1.407542,2.378066,25.154637,-0.017500,0.000000,0.000000,20.730,0.000000,0.00,0.00,49.9,0.009756,0.990244,1,1,0.950000,0.000000,0.000000
0.931649,3515.416240,0.223677,11.201613,68.684765,40.667369,0.615077,1.448854,0.622007,8.548845,0.865718,50.671857,1.539744,1.343956,21.689274,-0.017445,0.001053,0.001086,25.000,0.002609,272.65,0.69,229.1,0.000373,0.999627,1,1,0.000000,4.290589,0.000000
1.719228,5629.593758,0.170513,13.865757,76.129085,42.839837,0.658135,1.015856,0.799319,8.543318,0.823465,59.350735,1.520114,1.713400,31.963446,-0.016829,0.012781,0.013542,25.000,0.023479,178.16,7.37,85.8,0.013489,0.986511,1,1,0.000000,4.017554,0.000000
1.778497,4650.924052,0.265945,17.196554,69.711766,32.056535,0.842327,1.407208,0.741897,8.257817,0.844181,103.423611,1.303966,1.446932,20.916019,-0.017500,0.000000,0.000000,25.000,0.000000,233.90,0.00,212.5,0.015094,0.984906,1,1,0.950000,0.000000,0.000000
2.045717,4105.129933,0.343931,18.048147,73.171705,35.971377,0.854637,1.143011,0.295887,7.673920,0.934608,66.496155,1.530701,1.624335,39.843164,-0.015316,0.041594,0.061416,25.000,0.057934,208.11,32.50,106.6,0.009760,0.990240,1,1,0.950000,2.207369,0.000000
1.072819,2669.549900,0.212585,21.960118,74.517753,26.759570,0.940305,1.294542,0.491134,7.355651,0.879855,66.946181,1.268550,1.735527,29.078379,-0.017500,0.000000,0.000000,0.080,0.000000,0.00,0.00,92.8,0.010269,0.989731,0,1,0.100000,0.000000,0.000000
2.704540,2860.278737,0.145562,20.025458,76.903716,35.581112,0.739510,1.217893,0.502158,7.555541,0.916381,86.654364,1.718203,2.235039,33.213039,-0.017500,0.000000,0.000000,13.774,0.000000,0.00,0.00,103.2,0.009653,0.990347,1,1,0.533148,0.000000,0.000000
2.476156,7260.806091,0.388918,23.850578,67.317290,22.056964,0.827179,1.438791,0.678093,8.085467,0.783926,107.317395,1.748541,1.917416,18.376683,-0.017500,0.000000,0.000000,0.042,0.000000,0.00,0.00,75.2,0.013294,0.986706,0,1,0.050000,0.000000,0.000000
2.507312,4984.317872,0.089232,18.721287,69.057159,24.493965,0.934402,1.151658,0.958705,7.757824,0.645222,70.915685,1.499093,1.693449,27.337166,-0.017500,0.000000,0.000000,0.000,0.000000,0.00,0.00,34.9,0.010330,0.989670,0,1,0.000000,0.000000,0.000000
1.041724,2699.275894,0.102743,14.570346,63.785498,45.126957,0.596733,1.186044,0.724021,8.216636,0.749385,49.010082,1.690461,1.869114,32.997912,-0.017500,0.000000,0.000000,19.370,0.000000,179.20,0.00,60.6,0.000008,0.999992,1,1,0.950000,0.000000,0.000000
1.429206,5257.027179,0.194109,11.903174,52.726670,46.691261,0.742762,1.402045,0.912320,8.472427,0.896597,98.883980,1.675450,2.293276,37.099396,-0.017500,0.000000,0.000000,25.000,0.000000,95.66,0.00,263.6,0.014798,0.985202,1,1,0.000000,0.000000,0.000000
1.199879,7745.822356,0.135975,18.346330,58.137467,33.070272,0.723543,1.357166,0.702705,8.275089,0.881850,108.241719,1.370423,2.281815,20.632786,-0.017500,0.000000,0.000000,25.000,0.000000,21.22,0.00,255.5,0.016364,0.983636,1,1,0.950000,0.000000,0.000000
2.602445,4212.649791,0.141851,21.363529,78.330768,29.363587,0.625424,1.256924,0.648666,7.481377,0.686198,70.028282,1.623664,1.973900,35.547597,-0.017500,0.000000,0.000000,0.000,0.000000,0.00,0.00,45.0,0.010318,0.989682,0,1,0.000000,0.000000,0.000000
1.287695,6967.382684,0.302845,11.592906,63.023261,32.706781,0.938641,1.162897,0.234621,8.735035,0.693830,42.781776,1.367968,1.324217,25.227014,-0.002848,0.279084,0.285614,25.000,0.206108,52.24,94.40,120.6,0.000000,1.000000,1,1,0.950000,2.604846,0.000000
0.511180,4735.142788,0.413436,19.284168,50.217175,20.422910,0.650096,1.201032,0.349264,8.607633,0.854221,93.736756,1.567235,2.170078,26.263875,-0.017500,0.000000,0.000000,25.000,0.000000,180.35,0.00,114.1,0.016092,0.983908,1,1,0.950000,0.000000,0.000000
0.598990,7315.723879,0.208640,14.736645,65.342619,25.927064,0.556509,1.006361,0.880720,7.689331,0.939765,104.549341,1.470645,2.131523,33.994336,-0.017500,0.000000,0.000000,25.000,0.000000,18.55,0.00,165.2,0.014313,0.985687,1,1,0.950000,0.158378,0.762165
1.023662,3610.524073,0.095420,19.768377,75.276975,32.621924,0.645997,1.282457,0.268183,8.158682,0.628891,102.664281,1.586909,1.330819,25.990680,-0.017500,0.000000,0.000000,0.001,0.000000,0.00,0.00,41.5,0.016246,0.983754,0,1,0.050000,0.000000,0.000000
0.847250,6271.426030,0.237271,20.920774,51.204879,47.037316,0.678043,1.207689,0.174626,8.392658,0.777600,69.111177,1.555329,1.965061,30.924627,-0.017500,0.000000,0.000000,25.000,0.000000,91.53,0.00,82.8,0.011058,0.988942,1,1,0.950000,0.000000,0.000000
2.272857,6917.345819,0.314992,13.216488,61.176422,29.193102,0.792829,1.426655,0.127246,8.344026,0.772941,57.592226,1.306433,1.509931,19.624494,-0.003508,0.266523,0.282625,25.000,0.252695,194.27,128.95,66.4,0.010777,0.989223,1,1,0.950000,3.210481,0.000000
1.399669,4080.475273,0.379973,22.420224,67.094553,45.505641,0.699243,1.274958,0.538073,8.761480,0.701449,97.135065,1.644869,1.471790,38.924839,-0.017109,0.007445,0.004181,25.000,0.003510,177.05,2.62,94.2,0.014994,0.985006,1,1,0.950000,3.564784,0.000000
0.904549,7468.800757,0.420368,20.578132,75.083338,39.030409,0.660706,1.039116,0.931310,8.401362,0.791651,62.778589,1.503356,2.321434,24.498429,-0.017500,0.000000,0.000000,25.000,0.000000,0.00,0.00,71.0,0.010632,0.989368,1,1,0.950000,0.000000,0.000000
2.075233,3929.666605,0.117340,11.038386,57.495677,46.207618,0.920085,1.245721,0.578566,7.399419,0.620387,101.646053,1.602486,1.703915,40.948856,-0.017500,0.000000,0.000000,2.632,0.000000,0.00,0.00,97.5,0.013456,0.986544,1,1,0.100000,0.000000,0.000000
1.615125,3079.406675,0.284238,10.476694,72.733097,22.299457,0.717002,1.081636,0.896671,7.546314,0.810098,60.477187,1.449868,1.655954,19.410584,-0.017500,0.000000,0.000000,25.000,0.000000,221.16,0.00,75.9,0.011620,0.988380,1,1,0.950000,0.000000,0.000000
2.630767,3722.182511,0.352512,16.504966,62.233067,43.450153,0.725295,1.387263,0.039986,8.146813,0.762743,77.314889,1.394083,1.555602,32.562270,-0.004410,0.249338,0.338998,25.000,0.322136,83.12,115.95,76.6,0.011509,0.988491,1,1,0.950000,1.663936,0.000000
0.180682,3152.423991,0.408782,14.343649,63.465610,18.115736,0.799640,1.414017,0.556947,7.849376,0.715732,83.632476,1.655140,1.827409,30.421953,-0.017500,0.000000,0.000000,1.252,0.000000,0.00,0.00,52.6,0.011426,0.988574,1,1,0.141926,0.000000,0.000000
0.492971,4005.084978,0.288987,14.103274,60.073361,31.255495,0.640536,1.267540,0.468824,8.695552,0.869843,45.108350,1.514549,1.524136,18.925423,-0.017140,0.006856,0.006904,25.000,0.011996,306.77,4.54,90.4,0.000000,1.000000,1,1,0.950000,3.682721,0.000000
1.269130,2426.581788,0.364142,15.492028,74.292796,44.932514,0.589324,1.022648,0.351305,8.201026,0.643691,88.411676,1.482287,2.396745,33.598880,-0.017500,0.000000,0.000000,17.364,0.000000,0.00,0.00,45.3,0.013055,0.986945,1,1,0.950000,0.000000,0.000000
0.406052,6249.738461,0.310367,15.187773,54.444242,23.815701,0.671677,1.122125,0.388903,7.435991,0.902332,95.662348,1.315692,1.744676,38.272358,-0.017500,0.000000,0.000000,24.486,0.000000,22.30,0.00,109.9,0.016213,0.983787,1,1,0.950000,0.000000,0.000000
2.447678,5754.499923,0.361366,15.834041,78.453791,30.025270,0.899590,1.208594,0.429555,7.376463,0.634305,70.261070,1.559498,1.854014,35.072203,-0.017500,0.000000,0.000000,0.000,0.000000,0.00,0.00,32.2,0.011261,0.988739,0,1,0.000000,0.000000,0.000000
1.464881,6609.612037,0.179151,18.892539,55.493118,34.277455,0.855182,1.365799,0.262160,8.305229,0.737144,48.517794,1.665773,1.988847,22.071531,-0.017320,0.003427,0.023672,25.000,0.001810,65.19,1.43,57.6,0.000000,1.000000,1,1,0.950000,0.640989,0.058624
0.659143,5411.120878,0.336169,16.758744,67.806024,31.513255,0.946850,1.101040,0.020561,8.123051,0.663986,95.419279,1.578203,2.004603,32.275360,-0.017500,0.000000,0.000000,1.385,0.000000,0.00,0.00,50.2,0.015272,0.984728,1,1,0.100000,0.000000,0.000000
0.736305,2500.833364,0.156979,10.184310,53.173844,37.356729,0.759061,1.229551,0.330380,8.039593,0.827434,53.551346,1.284755,1.412216,28.600801,-0.017104,0.007536,0.007877,25.000,0.011476,239.71,4.40,79.9,0.000847,0.999153,1,1,0.000000,4.165730,0.000000
2.006153,4397.461830,0.342421,10.649888,73.832168,24.345151,0.824942,1.315227,0.002764,7.742953,0.747077,94.109643,1.592464,1.463493,34.445816,-0.017500,0.000000,0.000000,25.000,0.000000,134.25,0.00,78.0,0.014658,0.985342,1,1,0.950000,0.000000,0.000000
1.971652,7526.926927,0.353512,18.122791,73.341226,37.985983,0.714547,1.249001,0.751572,8.177116,0.949690,61.610151,1.673949,1.666509,21.560595,-0.016599,0.017154,0.018157,25.000,0.019628,474.80,13.88,110.5,0.010222,0.989778,1,1,0.950000,3.800457,0.000000
2.119013,5048.448752,0.173428,20.188619,53.255314,36.384811,0.553802,1.167622,0.653543,8.771423,0.842487,106.188401,1.324108,1.779634,19.936131,-0.017500,0.000000,0.000000,23.710,0.000000,56.69,0.00,256.4,0.015359,0.984641,1,1,0.000272,0.000000,0.000000
0.350094,3188.926844,0.328145,12.691322,80.656842,42.345073,0.845670,1.233317,0.102622,7.943595,0.723295,90.108573,1.572248,1.612315,29.877329,-0.017500,0.000000,0.000000,25.000,0.000000,144.76,0.00,77.8,0.013845,0.986155,1,1,0.000000,0.000000,0.000000
1.901512,6444.683891,0.405236,13.703855,56.657097,28.371116,0.562700,1.221172,0.626167,8.627934,0.815673,44.257360,1.703321,1.494812,31.365550,-0.016201,0.024741,0.024944,25.000,0.069917,156.35,13.92,77.0,0.000000,1.000000,1,1,0.950000,3.900927,0.000000
1.438731,7800.000000,0.179660,10.011957,71.209056,19.709235,0.648788,1.000118,0.252310,8.800000,0.923521,52.254974,1.613501,1.341733,28.789004,-0.011721,0.110083,0.113796,25.000,0.213771,352.53,83.76,103.6,0.000000,1.000000,1,1,0.950000,3.869979,0.000000
2.239125,6209.383914,0.259498,10.571563,79.593381,23.058180,0.550000,1.000000,0.247743,8.800000,0.950000,46.905547,1.544433,1.451699,27.535100,-0.017500,0.000000,0.000000,25.000,0.000000,125.04,0.00,362.6,0.000040,0.999960,1,1,0.950000,0.000000,0.000000
2.010937,6439.010615,0.357140,12.479126,65.389673,30.710725,0.811630,1.216304,0.192577,8.604602,0.743187,96.612319,1.622964,1.605162,38.854747,-0.001682,0.301296,0.186915,25.000,0.304096,137.93,129.28,102.7,0.015106,0.984894,1,1,0.950000,2.604298,0.000000
0.748967,3627.433788,0.359165,20.061368,54.670621,29.903046,0.622960,1.294956,0.409432,8.800000,0.721667,52.634825,1.640011,1.944263,19.613629,-0.017500,0.000000,0.000000,23.112,0.000000,23.86,0.00,53.8,0.000000,1.000000,1,1,0.730728,0.000000,0.000000
3.000000,7460.109095,0.237214,10.000000,74.966474,20.408061,0.628479,1.000000,0.049601,8.555380,0.950000,43.064188,1.685524,1.716124,32.126680,-0.005829,0.222306,0.058899,25.000,0.385888,125.04,179.98,286.2,0.000000,1.000000,1,1,0.950000,3.891748,0.000000
2.441239,5046.571298,0.156158,10.050655,82.000000,44.737415,0.662745,1.068660,0.130449,8.800000,0.921294,84.191392,1.632479,1.783065,39.368691,-0.010760,0.128381,0.139435,25.000,0.473959,187.00,97.16,302.8,0.010450,0.989550,1,1,0.000000,4.183032,0.000000
2.417352,6354.209538,0.238666,10.000000,76.774104,25.518828,0.560185,1.388505,0.070766,8.800000,0.950000,42.000000,1.250000,1.843197,34.758822,-0.015430,0.039429,0.015777,25.000,0.025537,475.13,31.92,294.1,0.000386,0.999614,1,1,0.950000,3.336615,0.000000
1.742309,7030.873461,0.175557,18.345666,60.463938,31.024777,0.843218,1.384386,0.883153,8.286220,0.817190,54.069286,1.549218,1.832432,24.448360,-0.016189,0.024971,0.026259,25.000,0.021856,226.97,14.11,77.3,0.000001,0.999999,1,1,0.950000,3.246187,0.000000
3.000000,5725.490687,0.329213,11.121090,79.708596,21.221238,0.616489,1.033577,0.089447,8.800000,0.933245,45.950349,1.608265,1.512663,32.017728,-0.017500,0.000000,0.000000,25.000,0.000000,360.82,0.00,308.7,0.000408,0.999592,1,1,0.950000,0.000000,0.000000
2.443529,6775.581599,0.266822,11.538842,79.630642,24.204493,0.573585,1.031283,0.079121,8.687907,0.927479,42.000000,1.601588,1.512380,34.267823,-0.006844,0.202980,0.052242,25.000,0.180600,450.82,155.92,269.0,0.000000,1.000000,1,1,0.950000,3.306588,0.000000
2.612570,7383.344753,0.272823,10.000000,82.000000,27.778543,0.557869,1.022638,0.140644,8.790087,0.950000,48.391972,1.668943,1.578684,37.118822,-0.010945,0.124859,0.127315,25.000,0.509270,250.07,101.09,110.2,0.000000,1.000000,1,1,0.950000,3.573691,0.000000
1.339220,3554.317428,0.140805,19.204803,53.735563,42.748772,0.804287,1.283627,0.258415,8.119982,0.753942,42.000000,1.606527,2.003463,21.604029,-0.012695,0.091520,0.096399,25.000,0.064454,263.42,41.08,61.7,0.000000,1.000000,1,1,0.950000,2.744717,0.000000
3.000000,7356.540063,0.350263,10.845552,72.886431,18.000000,0.550000,1.000000,0.215375,8.701424,0.888082,61.551216,1.617621,1.777992,29.013750,-0.009556,0.151310,0.160358,25.000,0.334354,257.86,105.26,95.3,0.012259,0.987741,1,1,0.950000,3.825116,0.000000
1.382083,6440.655773,0.324178,12.123276,81.037227,26.897231,0.561900,1.000000,0.298400,8.780102,0.946109,59.636392,1.629717,1.586759,32.401259,-0.013515,0.075909,0.079883,25.000,0.185766,322.22,60.91,109.2,0.011424,0.988576,1,1,0.160380,3.853717,0.000000
0.414487,6272.996692,0.306692,14.260364,55.772745,34.790894,0.644751,1.345386,0.293416,8.552344,0.778779,42.000000,1.639362,1.897313,21.448981,-0.016256,0.023689,0.023714,25.000,0.026707,290.24,11.72,67.9,0.000000,1.000000,1,1,0.950000,3.752397,0.000000
3.000000,6558.277557,0.226063,11.138710,78.932822,39.394201,0.562068,1.000000,0.403361,7.979582,0.950000,42.575256,1.668845,1.697821,41.030655,-0.010145,0.140087,0.139853,25.000,0.337228,475.13,113.41,107.9,0.000000,1.000000,1,1,0.950000,3.558979,0.000000
2.387823,7736.596710,0.213299,11.819091,74.876398,23.542726,0.650796,1.000000,0.146057,8.743874,0.929304,42.000000,1.668255,1.551746,30.710722,-0.008209,0.176976,0.045444,25.000,0.134196,452.79,136.54,270.2,0.000000,1.000000,1,1,0.950000,3.761619,0.000000
2.454925,7620.203053,0.302304,10.000000,82.000000,21.361546,0.581269,1.049485,0.312092,8.743162,0.950000,48.568401,1.735407,1.657147,36.888940,-0.017500,0.000000,0.000000,25.000,0.000000,29.91,0.00,283.4,0.000000,1.000000,1,1,0.950000,3.436737,0.000000
1.998042,7800.000000,0.347946,18.874259,73.334034,33.365602,0.550000,1.011240,0.128759,8.548906,0.936203,59.151504,1.690849,1.736233,20.232561,-0.010826,0.127131,0.133793,25.000,0.229827,242.15,99.70,106.8,0.011452,0.988548,1,1,0.950000,3.933523,0.000000
2.478711,7360.428380,0.283904,11.764133,78.932935,25.552064,0.558244,1.003778,0.371166,8.512521,0.950000,45.296002,1.717609,1.823138,29.465400,-0.010906,0.125592,0.125419,25.000,0.431635,250.07,101.68,110.2,0.000000,1.000000,1,1,0.950000,3.506384,0.000000
2.846419,3272.511709,0.375312,11.541922,82.000000,37.199698,0.562706,1.000000,0.085757,8.045431,0.832882,42.000000,1.694845,1.570998,23.624264,-0.009159,0.158884,0.157690,25.000,0.256144,348.66,94.39,81.2,0.000000,1.000000,1,1,0.950000,3.492788,0.000000
2.747337,6531.193114,0.244056,10.251038,78.368170,28.825483,0.758251,1.061728,0.084401,8.800000,0.848804,48.169856,1.250000,1.300000,28.669651,-0.007451,0.191415,0.196266,25.000,0.406801,211.81,119.33,85.2,0.000000,1.000000,1,1,0.950000,3.665696,0.000000
2.980726,6392.002202,0.321792,12.710932,80.773382,19.344231,0.550000,1.058390,0.181860,8.800000,0.943141,42.000000,1.669641,1.627628,26.279229,-0.009505,0.152286,0.038687,25.000,0.119024,467.73,121.37,279.0,0.000000,1.000000,1,1,0.950000,3.347150,0.000000
0.678022,2850.864391,0.149708,17.943596,57.397599,33.392579,0.887956,1.370829,0.268253,8.147719,0.875277,45.684042,1.336473,1.500757,20.739194,-0.017131,0.007032,0.007132,25.000,0.007524,311.40,4.73,91.7,0.000000,1.000000,1,1,0.950000,3.370393,0.000000
1.997547,7422.408006,0.298983,13.263736,75.721605,30.514481,0.550000,1.036973,0.160393,8.700158,0.922112,53.214040,1.701929,1.573467,20.881362,-0.010487,0.133579,0.138588,25.000,0.281616,351.33,101.29,103.2,0.000000,1.000000,1,1,0.950000,3.821032,0.000000
2.420816,6989.571206,0.338308,10.000000,77.657508,20.015121,0.579598,1.029225,0.004326,8.743969,0.920761,42.000000,1.663990,1.558668,30.874517,-0.007333,0.193661,0.050282,25.000,0.175675,443.56,146.37,264.7,0.000000,1.000000,1,1,0.950000,3.511392,0.000000
2.171049,6637.888362,0.306935,10.000000,77.625810,23.873873,0.614754,1.026149,0.258899,8.800000,0.878672,42.103759,1.750000,1.834394,32.572563,-0.004956,0.238940,0.063737,25.000,0.363554,214.85,162.09,257.3,0.000001,0.999999,1,1,0.950000,3.186729,0.000000
0.687942,2563.690099,0.415358,10.407089,58.717895,24.874097,0.655826,1.260354,0.750779,7.780719,0.876566,88.185253,1.288188,1.445091,28.225288,-0.017500,0.000000,0.000000,20.012,0.000000,131.33,0.00,252.8,0.016789,0.983211,1,1,0.950000,0.000000,0.000000
1.613084,4956.694690,0.080000,18.390963,72.104051,23.753095,0.740973,1.450000,0.183655,8.800000,0.936964,56.099018,1.583858,1.716385,21.536124,-0.013579,0.074692,0.078223,25.000,0.061206,461.06,58.68,106.9,0.009081,0.990919,1,1,0.950000,3.307180,0.000000
0.940497,7444.771174,0.314065,12.490716,63.206392,26.337614,0.950000,1.139465,0.173039,8.309308,0.659841,53.067285,1.250000,1.590231,27.154380,-0.016218,0.024428,0.086501,25.000,0.011301,56.74,6.74,38.5,0.000000,1.000000,1,1,0.950000,0.871541,0.000000
3.000000,4039.433700,0.259081,17.978675,74.254480,33.889245,0.619123,1.010648,0.262007,8.632390,0.950000,45.785327,1.603548,1.802690,31.838258,-0.010761,0.128360,0.128828,25.000,0.222526,350.10,103.92,110.2,0.000000,1.000000,1,1,0.950000,3.461854,0.000000
1.925008,7131.200956,0.376235,11.730334,79.765830,24.047480,0.678194,1.308980,0.563568,7.513145,0.926833,42.000000,1.716527,1.694216,31.413771,-0.016528,0.018508,0.018161,25.000,0.025758,450.12,14.19,103.6,0.000000,1.000000,1,1,0.950000,3.596983,0.000000
2.109584,4007.631567,0.087378,16.532660,68.484565,19.299036,0.782413,1.351769,0.414645,7.362560,0.932416,55.406148,1.552629,1.561488,25.376866,-0.016761,0.014068,0.028237,25.000,0.011072,418.99,10.93,105.8,0.000000,1.000000,1,1,0.950000,1.517070,0.000000
2.276685,6756.400364,0.382999,15.875384,73.596382,21.709879,0.602096,1.030923,0.702942,8.800000,0.950000,84.200904,1.570650,1.743480,28.954407,-0.017500,0.000000,0.000000,25.000,0.000000,252.33,0.00,121.9,0.012793,0.987207,1,1,0.950000,0.000000,0.000000
2.958480,6701.393865,0.328808,10.000000,82.000000,26.712771,0.602241,1.000000,0.244396,8.205813,0.867938,42.357747,1.689912,1.596557,21.612945,-0.008406,0.173214,0.171289,25.000,0.312941,288.48,114.08,208.7,0.000000,1.000000,1,1,0.950000,3.665539,0.000000
2.139505,7035.977898,0.247234,10.085325,77.849717,26.331720,0.622305,1.031937,0.109359,8.648891,0.884892,42.000000,1.670852,1.791157,31.335379,-0.004649,0.244787,0.080288,25.000,0.175002,319.60,168.85,251.9,0.000230,0.999770,1,1,0.950000,3.278042,0.000000
2.750235,5196.027653,0.245065,11.306214,73.335105,18.000000,0.569040,1.005661,0.093172,8.427379,0.934649,46.582794,1.743978,1.663359,30.909164,-0.017500,0.000000,0.000000,25.000,0.000000,0.00,0.00,273.6,0.000000,1.000000,1,1,0.950000,0.000000,0.000000
2.236953,6417.602125,0.206050,11.563078,79.282875,25.629260,0.550000,1.029669,0.079171,8.669094,0.950000,53.019422,1.655089,1.632948,34.715225,-0.010676,0.129974,0.134557,25.000,0.237275,475.13,105.23,110.1,0.000000,1.000000,1,1,0.950000,3.980622,0.000000
2.348737,6742.380563,0.239264,10.000000,79.117417,23.058483,0.609247,1.000000,0.095887,8.800000,0.950000,44.186130,1.750000,1.732045,34.075635,-0.014979,0.048019,0.016157,25.000,0.030934,425.12,38.88,324.8,0.000351,0.999649,1,1,0.950000,3.355923,0.000000
2.209963,3523.290043,0.351093,19.425494,66.359989,44.646062,0.560568,1.018723,0.106499,8.355356,0.786424,81.766707,1.654340,1.717352,31.180374,-0.017500,0.000000,0.000000,25.000,0.000000,15.71,0.00,72.7,0.013341,0.986659,1,1,0.950000,0.000000,0.000000
2.144180,7800.000000,0.334088,11.088587,77.039978,24.879893,0.550000,1.000000,0.269037,8.727234,0.893677,53.219017,1.734591,1.916259,29.287730,-0.009420,0.153914,0.159944,25.000,0.398386,261.67,108.66,96.4,0.000000,1.000000,1,1,0.950000,3.770055,0.000000
2.552212,7671.812979,0.296139,10.338695,80.087893,24.224381,0.550000,1.000000,0.071477,8.737797,0.950000,42.000000,1.671147,1.712448,33.435664,-0.004723,0.243363,0.064062,25.000,0.251589,475.13,197.03,330.5,0.000340,0.999660,1,1,0.950000,3.571901,0.000000
2.682513,3714.007557,0.292794,16.813864,75.156156,32.732567,0.569881,1.000000,0.604778,8.778209,0.945453,42.000000,1.552202,1.839971,38.640948,-0.017500,0.000000,0.000000,25.000,0.000000,395.98,0.00,315.2,0.000411,0.999589,1,1,0.950000,3.202538,0.000000
2.881686,2950.079645,0.362091,11.002722,76.169998,23.203514,0.573296,1.000000,0.023768,8.176156,0.813990,45.130867,1.723370,1.381357,25.973777,-0.008984,0.162207,0.164413,25.000,0.312569,69.71,90.73,197.0,0.000000,1.000000,1,1,0.950000,3.512227,0.000000
2.145741,7739.934764,0.230792,10.978448,81.424218,26.047809,0.553606,1.000000,0.215566,8.702639,0.945404,42.090935,1.701225,1.732348,34.012683,-0.017500,0.000000,0.000000,25.000,0.000000,385.01,0.00,328.1,0.000317,0.999683,1,1,0.950000,3.798457,0.000000
2.308816,7272.565891,0.303095,12.019018,63.076907,32.222265,0.806575,1.450000,0.089791,8.408068,0.920108,58.462765,1.265803,1.572723,19.718637,-0.016861,0.012163,0.017465,25.000,0.017684,291.25,9.18,131.8,0.013460,0.986540,1,1,0.950000,1.938894,0.000000
2.359852,6967.453739,0.313175,10.000000,81.999506,20.912717,0.683973,1.012425,0.066460,8.800000,0.950000,42.000000,1.609688,1.593235,30.248660,-0.007409,0.192212,0.050030,25.000,0.162258,475.13,155.61,283.3,0.000000,1.000000,1,1,0.950000,3.246605,0.000000
2.053773,7778.799054,0.279896,11.027956,80.937858,18.881222,0.575517,1.063244,0.239917,8.732450,0.945287,46.132280,1.750000,1.436334,33.019546,-0.008399,0.173359,0.046082,25.000,0.167559,395.83,138.85,280.4,0.000000,1.000000,1,1,0.950000,3.911392,0.000000
1.992307,7325.504579,0.270158,10.000000,76.779377,24.702236,0.550000,1.010719,0.000000,8.723702,0.930108,42.000000,1.636557,1.623208,28.610783,-0.013700,0.072381,0.033783,25.000,0.050401,453.65,55.95,270.7,0.000095,0.999905,1,1,0.950000,3.265584,0.000000
2.901027,3604.194628,0.182242,10.892956,60.854397,42.792057,0.773219,1.450000,0.049757,8.064922,0.787972,51.992339,1.389329,1.770432,42.000000,-0.004864,0.240687,0.236718,25.000,0.434146,184.10,123.10,141.3,0.000481,0.999519,1,1,0.950000,2.914963,0.000000
2.520117,7709.440764,0.303287,10.691752,78.413597,24.122145,0.605667,1.000000,0.207405,8.718322,0.950000,45.712103,1.636410,1.730359,29.263526,-0.016535,0.018384,0.018520,25.000,0.019245,9.14,14.88,283.4,0.000000,1.000000,1,1,0.950000,3.625378,0.000000
3.000000,4129.970994,0.353872,11.706389,77.856904,37.811149,0.550000,1.030507,0.446288,7.956600,0.909161,45.442109,1.750000,1.809213,24.658574,-0.009507,0.152246,0.153339,25.000,0.543903,249.55,111.82,104.0,0.000000,1.000000,1,1,0.950000,3.851881,0.000000
2.878352,6698.035080,0.277186,10.444438,74.599852,21.899717,0.579519,1.004060,0.172364,8.607766,0.940815,42.000000,1.623349,1.549468,33.073572,-0.007006,0.199893,0.052075,25.000,0.198888,465.22,158.46,277.5,0.000000,1.000000,1,1,0.950000,3.199297,0.000000
3.000000,6755.254630,0.216901,11.843688,77.441974,28.329577,0.726176,1.000000,0.109023,8.670279,0.921902,48.289120,1.606179,1.816103,30.765071,-0.010131,0.140357,0.143460,25.000,0.189441,444.79,106.38,103.2,0.000000,1.000000,1,1,0.950000,3.570389,0.000000
1.862598,6331.047181,0.382086,11.564328,82.000000,21.989739,0.572015,1.000000,0.191494,8.800000,0.894721,42.000000,1.684554,1.709498,27.875008,-0.007435,0.191716,0.049248,25.000,0.146518,415.44,135.71,248.2,0.000000,1.000000,1,1,0.950000,3.467211,0.000000
2.689649,6826.743196,0.349642,10.397715,79.632366,22.556246,0.550000,1.010883,0.000000,8.562567,0.912141,42.000000,1.685167,1.548842,33.672925,-0.005561,0.227401,0.058842,25.000,0.212443,434.25,168.26,259.3,0.000000,1.000000,1,1,0.950000,3.719587,0.000000
2.634703,7564.159090,0.269769,10.000000,71.602246,26.712646,0.597805,1.000000,0.277688,8.699507,0.950000,45.269063,1.609172,1.805084,35.281730,-0.010287,0.137392,0.139720,25.000,0.372810,375.11,111.23,110.2,0.000000,1.000000,1,1,0.950000,3.286641,0.000000
1.678630,5713.562431,0.183026,11.090316,82.000000,20.951774,0.704893,1.093661,0.067355,8.607165,0.942823,42.000000,1.750000,1.718511,25.582761,-0.010015,0.142564,0.036677,25.000,0.101550,467.38,113.54,278.8,0.000000,1.000000,1,1,0.950000,3.478594,0.000000
2.423362,7515.757870,0.363498,10.928108,80.223122,18.000000,0.552889,1.029116,0.313026,8.800000,0.928199,49.462771,1.592234,1.876286,27.882083,-0.017500,0.000000,0.000000,25.000,0.000000,73.61,0.00,290.5,0.000263,0.999737,1,1,0.950000,3.819785,0.000000
1.985781,3671.230624,0.376714,10.000000,80.495211,33.605932,0.550000,1.015528,0.223534,8.150532,0.810006,46.708060,1.681070,1.610911,33.080586,-0.011156,0.120831,0.123598,25.000,0.251995,255.76,66.70,75.6,0.000000,1.000000,1,1,0.950000,3.879990,0.000000
1.914166,7006.150750,0.309665,11.439033,82.000000,31.714476,0.591064,1.053396,0.105420,8.800000,0.917819,42.000000,1.750000,1.726069,33.060554,-0.010751,0.128561,0.027412,25.000,0.088529,278.14,96.47,467.0,0.000392,0.999608,1,1,0.950000,3.237120,0.000000
2.938764,6894.031972,0.292354,11.165849,79.314190,24.077365,0.621359,1.023874,0.050495,8.546449,0.895176,42.281331,1.636282,1.598470,35.601568,-0.017500,0.000000,0.000000,25.000,0.000000,284.59,0.00,248.5,0.000000,1.000000,1,1,0.950000,0.000000,0.000000
1.683763,2765.874315,0.350639,10.000000,71.839633,34.483869,0.593130,1.000000,0.003604,8.026100,0.950000,68.606381,1.669370,1.483130,19.279295,-0.014929,0.048974,0.038996,25.000,0.112953,387.60,39.65,128.4,0.010539,0.989461,1,1,0.950000,2.203767,0.000000
2.243364,6158.658052,0.299070,10.488831,77.281473,21.690749,0.613096,1.006228,0.310321,8.551071,0.940250,45.270064,1.665050,1.393816,30.463764,-0.008609,0.169349,0.105494,25.000,0.137030,424.82,134.07,353.6,0.000487,0.999513,1,1,0.950000,3.303804,0.000000
2.534507,5636.294781,0.324113,11.431378,81.324231,30.986299,0.836816,1.041180,0.290225,8.440528,0.777045,93.781028,1.575947,1.665591,42.000000,-0.010455,0.134183,0.481519,19.490,0.165112,70.79,65.93,79.4,0.017502,0.982498,1,1,0.950000,0.123883,0.000000
2.974492,3612.467445,0.406269,10.000000,76.976202,22.022106,0.550000,1.000000,0.175377,8.091156,0.950000,42.000000,1.635145,1.630114,24.198533,-0.011526,0.113788,0.112161,25.000,0.237600,352.53,92.12,283.3,0.000000,1.000000,1,1,0.950000,3.707652,0.000000
3.000000,7626.292671,0.246462,10.341018,74.388396,26.055312,0.683062,1.000000,0.084876,8.800000,0.923659,46.463523,1.666654,1.635552,33.692839,-0.010023,0.142414,0.143696,25.000,0.293298,352.65,108.40,103.7,0.000000,1.000000,1,1,0.950000,3.730842,0.000000
2.331668,7800.000000,0.240542,10.000000,79.487111,18.000000,0.550000,1.036715,0.103667,8.663687,0.950000,43.553571,1.636308,1.843368,31.405064,-0.017500,0.000000,0.000000,25.000,0.000000,150.04,0.00,283.4,0.000000,1.000000,1,1,0.950000,0.000000,0.000000
2.713717,4815.552160,0.188376,13.008050,72.580477,40.133244,0.908663,1.017116,0.280414,7.790649,0.839980,77.866810,1.750000,1.763891,40.556964,-0.017500,0.000000,0.000000,25.000,0.000000,118.67,0.00,87.5,0.012223,0.987777,1,1,0.013896,0.000000,0.000000
1.912301,4371.670724,0.264012,11.688499,75.401291,24.009188,0.550000,1.000000,0.350952,8.612587,0.795045,80.369193,1.691302,1.791431,36.201328,-0.017500,0.000000,0.000000,25.000,0.000000,133.79,0.00,77.2,0.013772,0.986228,1,1,0.950000,0.000000,0.000000
1.982447,6235.271452,0.290176,10.000000,79.316306,21.371221,0.550000,1.000000,0.224133,8.690108,0.944146,42.000000,1.685789,1.783034,32.648810,-0.007189,0.196407,0.051659,25.000,0.202289,468.81,156.90,279.6,0.000000,1.000000,1,1,0.950000,3.765135,0.000000
2.254384,6181.856627,0.172952,10.000000,80.565421,26.180923,0.850216,1.000000,0.007061,8.429459,0.794809,70.261861,1.636424,1.792030,38.487800,-0.004967,0.238729,0.257139,25.000,0.271836,223.61,125.11,76.8,0.011749,0.988251,1,1,0.950000,3.351162,0.000000
2.664251,6349.564367,0.261357,11.041626,78.579057,24.982481,0.654902,1.033585,0.000000,8.198669,0.835322,42.000000,1.750000,1.699800,33.814380,-0.017500,0.000000,0.000000,25.000,0.000000,0.00,0.00,210.5,0.000000,1.000000,1,1,0.950000,3.101141,0.000000
2.775346,7800.000000,0.282168,11.186273,79.465012,20.646454,0.584570,1.023183,0.260799,8.777597,0.924513,42.541773,1.750000,1.700160,29.217490,-0.006796,0.203881,0.052612,25.000,0.169404,447.61,155.50,267.1,0.000000,1.000000,1,1,0.950000,3.257296,0.000000
3.000000,7246.891913,0.222426,13.090130,82.000000,24.187282,0.629406,1.034615,0.016923,8.720202,0.950000,47.302574,1.643028,1.546832,32.490147,-0.017500,0.000000,0.000000,25.000,0.000000,275.08,0.00,393.1,0.000295,0.999705,1,1,0.950000,3.700050,0.000000
2.722530,7800.000000,0.281056,10.674695,78.729736,24.426292,0.677259,1.011684,0.116423,8.716361,0.950000,42.000000,1.750000,1.756354,32.501697,-0.004629,0.245163,0.063518,25.000,0.197926,475.13,198.48,349.4,0.000395,0.999605,1,1,0.950000,3.099326,0.000000
2.382573,6565.974426,0.252292,10.000000,78.054960,18.534953,0.550000,1.000000,0.000000,8.800000,0.894528,42.611851,1.654864,1.666144,34.705070,-0.005482,0.228919,0.059663,25.000,0.193153,415.23,161.97,248.1,0.000000,1.000000,1,1,0.950000,3.810481,0.000000
1.944004,7662.214798,0.284666,10.000000,82.000000,22.478925,0.602409,1.000000,0.142018,8.800000,0.945360,42.226393,1.633925,1.759144,32.413243,-0.017500,0.000000,0.000000,25.000,0.000000,296.92,0.00,288.2,0.000081,0.999919,1,1,0.950000,0.000000,0.000000
2.325094,7752.335907,0.346825,11.248249,78.901384,18.791338,0.679043,1.000000,0.091926,8.761109,0.921475,42.000000,1.750000,1.596457,30.711694,-0.007762,0.185482,0.047345,25.000,0.122583,444.33,140.43,265.2,0.000000,1.000000,1,1,0.950000,3.559053,0.000000
1.732703,6058.727893,0.271827,13.628704,63.324037,20.383353,0.579369,1.237488,0.014817,8.243901,0.950000,96.559430,1.646016,1.788286,32.948470,-0.017500,0.000000,0.000000,25.000,0.000000,340.88,0.00,131.4,0.014576,0.985424,1,1,0.000000,0.000000,0.000000
3.000000,7183.635375,0.295363,10.000000,81.250907,18.000000,0.550000,1.012638,0.076465,8.800000,0.906250,47.464990,1.690257,1.569292,30.499789,-0.007572,0.189101,0.051060,25.000,0.155706,427.89,137.87,255.6,0.000000,1.000000,1,1,0.950000,4.002108,0.000000
2.520538,7595.938219,0.297187,10.448664,74.340530,18.000000,0.635339,1.045142,0.143808,8.555014,0.915055,42.000000,1.618994,1.735515,31.570207,-0.007804,0.184690,0.047515,25.000,0.139990,437.40,137.65,261.1,0.000000,1.000000,1,1,0.950000,3.856893,0.000000
2.825236,6863.431608,0.248164,10.000000,76.862726,19.973281,0.825696,1.437013,0.000000,8.572320,0.936650,42.000000,1.607243,1.533956,18.000000,-0.006840,0.203052,0.052597,25.000,0.133865,460.72,159.40,274.8,0.000000,1.000000,1,1,0.950000,3.717200,0.000000
2.824864,6554.443908,0.275197,10.598474,78.798832,29.723868,0.606604,1.002648,0.360697,8.188618,0.816351,42.000000,1.692096,1.898368,18.686384,-0.006024,0.218600,0.217874,25.000,0.302923,330.81,123.22,77.1,0.000000,1.000000,1,1,0.950000,3.538433,0.000000
2.154958,6832.956953,0.335055,11.340167,77.436611,22.073819,0.550000,1.092422,0.067772,8.590591,0.940216,51.954201,1.650163,1.797443,25.629065,-0.010628,0.130903,0.135274,25.000,0.221475,464.57,103.62,107.7,0.000000,1.000000,1,1,0.950000,3.852472,0.000000
2.012350,7251.206893,0.253608,13.085282,82.000000,22.622186,0.550000,1.039174,0.268488,8.800000,0.950000,45.936961,1.675374,1.821319,31.490835,-0.017500,0.000000,0.000000,25.000,0.000000,350.10,0.00,291.1,0.000362,0.999638,1,1,0.950000,0.000000,0.000000
2.089167,4916.685410,0.373456,10.563571,82.000000,25.425376,0.673289,1.093372,0.293493,7.871640,0.873920,42.000000,1.597228,1.600134,39.364313,-0.010194,0.139169,0.138198,25.000,0.189362,392.82,93.19,118.6,0.000000,1.000000,1,1,0.950000,3.246595,0.000000
3.000000,7800.000000,0.244222,10.000000,82.000000,42.193314,0.790875,1.449093,0.273616,8.719206,0.809213,46.223058,1.428279,1.397248,41.472718,-0.006061,0.217894,0.222652,25.000,0.314486,289.09,119.96,75.4,0.000000,1.000000,1,1,0.950000,3.678520,0.000000
1.463810,6573.449911,0.264986,10.000000,82.000000,21.216227,0.950000,1.007279,0.319640,8.800000,0.695704,42.000000,1.622645,1.367437,28.508929,0.369924,0.500356,0.135394,25.000,0.117685,200.53,170.97,121.8,0.000000,1.000000,1,1,0.950000,2.969543,0.000000
2.532692,7068.804175,0.273955,17.668386,80.399974,22.693978,0.786558,1.359617,0.149796,8.059179,0.915609,70.465639,1.518313,1.494843,33.896608,-0.013667,0.073005,0.098036,25.000,0.067408,207.47,54.48,103.7,0.011758,0.988242,1,1,0.950000,2.506853,0.000000
2.640094,6139.870288,0.282391,10.000000,80.547699,20.225904,0.606419,1.000000,0.117846,8.800000,0.940145,42.000000,1.733168,1.672460,31.313611,-0.005986,0.219312,0.057077,25.000,0.195109,464.49,173.58,277.1,0.000000,1.000000,1,1,0.950000,3.743662,0.000000
1.531063,6788.191251,0.411040,10.119787,64.332229,34.456218,0.550000,1.056147,0.281378,8.581385,0.666801,44.020258,1.382635,1.778817,30.282344,0.089615,0.387436,0.396909,25.000,0.477177,133.68,111.78,40.3,0.000000,1.000000,1,1,0.950000,3.164755,0.000000
2.792660,6910.715598,0.292622,10.000000,76.971686,20.136902,0.550000,1.000000,0.135109,8.800000,0.907986,43.190837,1.737762,1.661727,30.418394,-0.017500,0.000000,0.000000,25.000,0.000000,384.53,0.00,256.7,0.000000,1.000000,1,1,0.950000,0.000000,0.000000
2.165672,6780.085762,0.268882,10.000000,82.000000,24.389415,0.602780,1.053705,0.000000,8.635889,0.950000,42.000000,1.644685,1.769867,29.818231,-0.004601,0.245689,0.062499,25.000,0.227988,475.13,198.91,328.4,0.000318,0.999682,1,1,0.950000,3.049210,0.000000
2.961723,7562.240759,0.276252,10.791350,81.066411,23.617959,0.724107,1.028347,0.197694,8.659102,0.919573,42.000000,1.750000,1.803473,31.943922,-0.006506,0.209413,0.054544,25.000,0.148468,442.28,157.82,264.0,0.000000,1.000000,1,1,0.950000,3.437885,0.000000
0.822392,6621.697911,0.229915,11.641107,64.261716,23.862822,0.664309,1.224555,0.327167,8.800000,0.919865,42.000000,1.681609,1.452909,30.429489,-0.017109,0.007451,0.002481,25.000,0.004362,442.59,5.62,271.2,0.000408,0.999592,1,1,0.950000,3.882015,0.000000
2.292205,6091.295454,0.272628,11.978278,78.956315,21.981071,0.564769,1.077345,0.000000,8.720906,0.863746,42.000000,1.708677,1.644024,37.165650,-0.005391,0.230642,0.059560,25.000,0.157803,381.99,150.12,228.5,0.000000,1.000000,1,1,0.950000,3.691368,0.000000
2.757718,7800.000000,0.297253,10.406566,78.923463,24.424658,0.550000,1.000000,0.067273,8.681464,0.942967,42.000000,1.705849,1.735770,35.371179,-0.003934,0.258401,0.068887,25.000,0.254827,467.54,205.86,358.0,0.000344,0.999656,1,1,0.950000,3.536817,0.000000
1.697661,6017.574039,0.414995,10.372019,82.000000,20.307227,0.591222,1.027720,0.176430,8.790260,0.903359,42.000000,1.645149,1.738703,32.010225,-0.008106,0.178926,0.046157,25.000,0.146856,424.77,129.50,253.7,0.000000,1.000000,1,1,0.950000,3.977057,0.000000
1.613674,7800.000000,0.355903,12.672385,74.963972,26.861307,0.568518,1.042530,0.210379,8.783578,0.858163,42.000000,1.658223,1.911587,28.296800,-0.005891,0.221120,0.057493,25.000,0.156361,375.96,141.65,225.5,0.000000,1.000000,1,1,0.950000,3.630087,0.000000
3.000000,7134.314844,0.267352,10.260659,72.894148,20.303758,0.646885,1.000000,0.082913,8.636932,0.950000,50.099800,1.726817,1.748575,32.520515,-0.010983,0.124132,0.127512,25.000,0.201116,475.13,100.50,110.1,0.000000,1.000000,1,1,0.950000,3.500268,0.000000
2.060811,7081.628095,0.330818,10.721592,75.185148,20.986705,0.707525,1.000000,0.028509,8.505309,0.789749,42.000000,1.589590,1.559551,32.589035,0.081204,0.386685,0.101469,25.000,0.187489,302.09,199.04,181.5,0.000000,1.000000,1,1,0.950000,3.231880,0.000000
2.011783,7057.448523,0.342497,12.258120,79.056472,20.608819,0.840171,1.000000,0.092135,8.800000,0.742627,89.283883,1.713423,1.569884,38.541301,-0.001450,0.305714,0.294982,25.000,0.164227,151.02,130.86,66.5,0.013934,0.986066,1,1,0.875395,2.721758,0.000000
1.530568,6295.598119,0.293358,10.987259,66.881717,33.260666,0.939387,1.037367,0.336119,8.791085,0.950000,44.895636,1.740825,1.800636,34.325749,-0.012675,0.091905,0.093317,25.000,0.140274,450.13,74.41,110.2,0.000000,1.000000,1,1,0.950000,3.471847,0.000000
3.000000,7040.705670,0.282626,13.014499,61.911357,19.747377,0.550000,1.000000,0.080675,8.227893,0.882014,42.000000,1.672052,1.606090,33.644398,-0.008270,0.175810,0.059694,25.000,0.128701,401.72,120.34,240.1,0.000000,1.000000,1,1,0.950000,2.107714,0.000000
2.599802,5836.209861,0.312699,10.000000,81.353746,25.405683,0.560184,1.006955,0.013123,8.690947,0.898711,42.000000,1.708231,1.823706,30.364645,-0.004421,0.249128,0.065568,25.000,0.217590,419.75,178.18,322.0,0.000353,0.999647,1,1,0.950000,3.737373,0.000000
2.545009,3283.032755,0.313245,11.219460,77.532808,20.445400,0.550000,1.340088,0.084197,8.512052,0.950000,43.267131,1.385474,1.728164,35.167937,-0.012678,0.091854,0.049284,25.000,0.107151,350.10,74.37,283.4,0.000000,1.000000,1,1,0.950000,2.308696,0.000000
2.256889,7038.577085,0.274761,10.931010,81.706174,20.994939,0.572209,1.000000,0.178690,8.656229,0.932256,43.750734,1.683297,1.633927,36.547835,-0.007803,0.184709,0.048391,25.000,0.201112,359.98,143.51,272.1,0.000000,1.000000,1,1,0.950000,4.043853,0.000000
1.623235,6955.824232,0.371836,10.000000,75.565959,27.215459,0.550000,1.000000,0.058371,8.747786,0.722262,53.757458,1.634501,1.640875,39.081990,-0.002640,0.283057,0.297874,25.000,0.430677,156.83,110.55,53.9,0.000000,1.000000,1,1,0.950000,3.440882,0.000000
3.000000,7434.286720,0.326738,10.000000,81.266495,19.166830,0.738279,1.000000,0.193100,8.691700,0.917409,42.000000,1.739371,1.941501,37.244672,-0.005558,0.227464,0.059156,25.000,0.158200,439.94,170.51,262.6,0.000000,1.000000,1,1,0.950000,3.759439,0.000000
1.620108,7497.038505,0.385173,12.338727,78.681312,27.746256,0.578814,1.060339,0.177017,8.652932,0.921469,42.000000,1.659326,1.886710,25.370049,-0.007476,0.190928,0.049752,25.000,0.158349,323.15,144.55,332.5,0.000283,0.999717,1,1,0.950000,3.389193,0.000000
2.980511,7360.293213,0.280005,11.395350,74.558779,24.728250,0.550000,1.000000,0.000000,8.575809,0.909485,42.000000,1.697535,1.753723,24.347244,-0.005202,0.234251,0.059357,25.000,0.212503,431.38,172.19,278.8,0.000304,0.999696,1,1,0.950000,3.554375,0.000000
1.925467,5926.235567,0.272370,10.000000,62.366390,29.570626,0.674790,1.240518,0.270541,8.570460,0.941576,88.276049,1.750000,1.627709,29.993273,-0.017500,0.000000,0.000000,25.000,0.000000,199.87,0.00,318.9,0.015631,0.984369,1,1,0.950000,0.000000,0.000000
2.483204,6534.411557,0.256185,11.071644,82.000000,26.643080,0.550000,1.025519,0.000000,8.537857,0.855627,42.000000,1.597787,1.720283,35.569235,-0.003555,0.265624,0.068875,25.000,0.216242,373.23,168.92,223.4,0.000000,1.000000,1,1,0.950000,3.346912,0.000000
2.553372,7193.822274,0.289043,10.000000,77.185240,18.000000,0.585756,1.000000,0.079198,8.665900,0.929037,42.000000,1.713806,1.632901,31.482539,-0.006988,0.200229,0.051579,25.000,0.180842,452.50,154.38,270.0,0.000000,1.000000,1,1,0.950000,3.251855,0.000000
2.636668,7800.000000,0.312197,11.276634,67.921323,26.325068,0.568054,1.101972,0.206438,8.800000,0.920826,44.388342,1.702604,1.662185,33.668052,-0.009910,0.144564,0.143891,25.000,0.435750,280.19,109.28,103.0,0.000000,1.000000,1,1,0.950000,3.896244,0.000000
2.365849,5765.301658,0.299208,10.000000,80.075637,22.942899,0.578246,1.000000,0.046219,8.800000,0.860462,42.000000,1.658333,1.537520,34.062619,-0.004006,0.257030,0.066862,25.000,0.205822,378.45,165.75,226.5,0.000000,1.000000,1,1,0.950000,3.919066,0.000000
2.751379,5593.490843,0.346721,10.188720,81.050129,20.169175,0.592388,1.000000,0.350998,8.282473,0.789024,44.376017,1.731496,1.530425,28.655310,-0.017500,0.000000,0.000000,25.000,0.000000,206.16,0.00,181.2,0.000000,1.000000,1,1,0.950000,3.339364,0.000000
2.570031,3505.051910,0.231886,10.000000,82.000000,44.261479,0.708692,1.445805,0.193659,8.785412,0.950000,92.749813,1.371188,1.527964,33.821650,-0.010559,0.132205,0.369094,25.000,0.369885,271.17,107.03,297.0,0.016017,0.983983,1,1,0.950000,3.301739,0.000000
3.000000,6604.538665,0.306463,10.000000,77.238927,19.235526,0.770079,1.000469,0.183557,8.646972,0.912808,42.000000,1.750000,1.770602,32.400081,-0.005650,0.225713,0.058605,25.000,0.151768,434.97,167.29,259.7,0.000000,1.000000,1,1,0.950000,3.826190,0.000000
2.709904,7800.000000,0.262756,12.308813,78.449179,18.000000,0.596513,1.000000,0.167467,8.499925,0.947903,47.712482,1.694328,1.603727,33.491981,-0.010083,0.141272,0.049465,25.000,0.117304,321.41,113.83,282.0,0.000000,1.000000,1,1,0.950000,2.364343,0.000000
2.579477,7217.821440,0.282826,10.435846,76.795997,23.267024,0.550000,1.000000,0.000000,8.597767,0.950000,54.156425,1.649242,1.816424,33.108758,-0.011041,0.123020,0.127667,25.000,0.281784,400.11,99.60,111.9,0.000000,1.000000,1,1,0.950000,3.770469,0.000000
3.000000,7173.322752,0.320205,11.423492,82.000000,23.701549,0.560515,1.040456,0.068458,8.800000,0.915123,43.346690,1.573458,1.670670,35.522181,-0.017500,0.000000,0.000000,25.000,0.000000,230.25,0.00,261.5,0.000000,1.000000,1,1,0.950000,0.000000,0.000000
1.982613,5554.802292,0.252877,10.000000,82.000000,27.641126,0.617654,1.031078,0.088181,8.415391,0.883197,45.065046,1.641719,2.003305,38.355482,-0.010310,0.136944,0.140263,25.000,0.284970,318.16,94.04,93.7,0.000000,1.000000,1,1,0.950000,3.505149,0.000000
2.081619,3368.119673,0.198496,11.121657,62.935073,40.337394,0.709788,1.318384,0.000000,7.956692,0.749922,42.000000,1.437713,1.686582,33.766913,-0.008646,0.168640,0.169772,25.000,0.200378,259.08,74.45,60.7,0.000000,1.000000,1,1,0.950000,3.673278,0.000000
2.911190,7800.000000,0.213741,10.934681,62.908182,43.805833,0.729055,1.000000,0.148281,7.899600,0.950000,50.585081,1.341832,1.731299,42.000000,-0.010693,0.129654,0.133682,25.000,0.202023,364.67,104.97,381.7,0.000506,0.999494,1,1,0.000000,3.752993,0.000000
2.975246,6177.220782,0.312749,10.912867,77.496968,23.934104,0.562316,1.030523,0.088881,8.640246,0.753440,54.136510,1.747007,1.722841,30.026198,-0.002033,0.294616,0.309988,25.000,0.459166,166.03,131.97,61.6,0.000000,1.000000,1,1,0.950000,3.338995,0.000000
2.091920,6541.717011,0.341618,10.000000,72.814030,26.190496,0.550000,1.093718,0.134201,8.478344,0.950000,46.177694,1.739419,1.858230,34.059649,-0.011245,0.119134,0.119656,25.000,0.643046,200.06,96.45,110.2,0.000000,1.000000,1,1,0.950000,3.971530,0.000000
2.668488,7800.000000,0.275257,10.196345,82.000000,24.534629,0.550000,1.024196,0.402387,8.798067,0.950000,42.000000,1.684995,1.718457,32.704726,-0.004287,0.251674,0.063464,25.000,0.254003,475.13,203.76,329.1,0.000363,0.999637,1,1,0.950000,3.924767,0.000000
2.565185,6702.037731,0.310027,11.180673,82.000000,23.075938,0.550000,1.032591,0.078337,8.615320,0.921177,42.000000,1.689837,1.817813,31.745630,-0.006354,0.212301,0.054799,25.000,0.192509,444.01,160.62,265.0,0.000000,1.000000,1,1,0.950000,3.321201,0.000000
2.597198,7198.844356,0.262905,10.000000,77.955421,25.031089,0.550000,1.023088,0.137339,8.800000,0.927637,45.804996,1.589217,1.300000,32.090071,-0.010856,0.126552,0.126744,25.000,0.208961,94.19,97.25,269.2,0.000000,1.000000,1,1,0.950000,3.631257,0.000000
2.583079,3763.659639,0.259770,10.000000,63.483122,18.285888,0.684472,1.000000,0.018159,8.065096,0.758417,45.408446,1.724041,1.718148,42.000000,-0.005639,0.225916,0.231436,25.000,0.211933,121.34,103.26,161.7,0.000000,1.000000,1,1,0.950000,3.166609,0.000000
2.722679,7800.000000,0.253025,10.000000,59.626467,33.503615,0.930769,1.093651,0.106850,8.692832,0.715469,42.000000,1.750000,1.647662,36.025622,0.084178,0.369278,0.374837,25.000,0.292422,221.88,139.61,52.2,0.000000,1.000000,1,1,0.950000,2.887035,0.000000
1.701729,7453.270034,0.327349,10.952014,82.000000,28.969551,0.568402,1.129028,0.000000,8.798816,0.934858,42.000000,1.580363,1.690316,37.248334,-0.013091,0.083988,0.035927,25.000,0.056366,458.78,65.66,273.7,0.000502,0.999498,1,1,0.950000,2.904599,0.000000
2.705979,7800.000000,0.295913,10.586469,58.531558,24.985783,0.745898,1.345664,0.183306,8.133223,0.921307,42.000000,1.350857,1.660026,31.752093,-0.010256,0.137982,0.136619,25.000,0.225577,444.15,104.43,101.7,0.000000,1.000000,1,1,0.950000,3.477148,0.000000
2.777385,6638.878363,0.240832,11.164043,78.220145,25.458682,0.758531,1.039493,0.158880,8.094748,0.917543,46.632891,1.328489,1.606953,34.284676,-0.009655,0.149434,0.151340,25.000,0.204737,416.92,112.06,102.2,0.000000,1.000000,1,1,0.950000,3.291183,0.000000
1.465862,6968.332002,0.401930,10.000000,63.969735,32.592834,0.562188,1.000000,0.245561,8.528122,0.800928,42.000000,1.687672,1.687911,42.000000,-0.008547,0.170529,0.170813,25.000,0.301551,314.16,91.29,72.7,0.000000,1.000000,1,1,0.950000,3.623865,0.000000
2.264058,5514.071476,0.404349,10.000000,60.661757,29.200950,0.550000,1.000000,0.078028,8.533797,0.675552,42.000000,1.586161,1.760490,31.103114,0.294892,0.427076,0.433575,25.000,0.418423,178.77,130.09,42.4,0.000000,1.000000,1,1,0.950000,3.071362,0.000000
2.790316,6538.697204,0.244249,10.029172,78.678449,43.956478,0.757979,1.304888,0.253236,8.524234,0.872795,42.000000,1.666549,1.543381,29.759756,-0.008501,0.171408,0.170229,25.000,0.297533,391.76,114.42,90.3,0.000000,1.000000,1,1,0.950000,3.629798,0.000000
3.000000,7792.067045,0.321328,11.891501,74.118111,18.069290,0.550000,1.013314,0.189135,8.571481,0.865502,42.000000,1.750000,1.710142,30.499158,-0.006549,0.208596,0.053627,25.000,0.139463,383.89,136.45,229.6,0.000000,1.000000,1,1,0.950000,3.840238,0.000000
2.560281,7435.965223,0.397578,10.000000,64.344124,23.718998,0.550000,1.191420,0.144835,8.689922,0.933513,43.292113,1.750000,1.529665,26.784301,-0.010955,0.124658,0.122847,25.000,0.662980,192.56,97.14,106.1,0.000000,1.000000,1,1,0.950000,3.849706,0.000000
1.751252,6499.354947,0.337346,14.542783,62.217266,18.000000,0.847159,1.078154,0.433855,8.678086,0.733490,42.000000,1.750000,1.688046,34.532417,0.298785,0.463249,0.124546,25.000,0.108101,241.34,190.50,145.8,0.000000,1.000000,1,1,0.950000,2.891382,0.000000
2.541493,7063.558458,0.291715,10.000000,81.189458,24.170720,0.550000,1.050988,0.000000,8.742207,0.849501,43.772161,1.659129,1.678604,36.208945,-0.002302,0.289490,0.076392,25.000,0.239424,366.61,180.84,224.9,0.000052,0.999948,1,1,0.950000,3.961029,0.000000
2.285848,7275.641248,0.344073,10.000000,80.827965,18.000000,0.677861,1.024472,0.034496,8.800000,0.950000,47.274845,1.633614,1.650926,33.205084,-0.017500,0.000000,0.000000,25.000,0.000000,175.05,0.00,307.9,0.000206,0.999794,1,1,0.950000,0.000000,0.000000
2.904181,5957.605971,0.271405,10.000000,78.105883,20.583568,0.743952,1.000000,0.046073,8.667082,0.764658,47.356678,1.738329,1.759189,38.815817,-0.001531,0.304167,0.109868,25.000,0.169846,134.96,142.52,165.7,0.000000,1.000000,1,1,0.950000,2.266652,0.000000
1.537762,7402.934055,0.385771,12.789751,77.083704,39.629250,0.585127,1.011746,0.322547,8.749675,0.856911,42.199819,1.628498,1.796447,28.100143,-0.009920,0.144372,0.142986,25.000,0.231964,374.61,92.16,87.1,0.000000,1.000000,1,1,0.950000,3.823793,0.000000
2.500603,5636.773676,0.237658,10.388467,79.974739,19.145799,0.574216,1.069940,0.020648,8.719403,0.861721,52.662239,1.707109,1.783543,37.492063,-0.017500,0.000000,0.000000,25.000,0.000000,79.96,0.00,227.2,0.000000,1.000000,1,1,0.950000,3.614440,0.000000
3.000000,7097.430912,0.282882,10.000000,70.569937,25.449248,0.789546,1.000000,0.133296,8.513078,0.918648,42.000000,1.743808,1.744396,29.739232,-0.009570,0.151045,0.151267,25.000,0.226034,422.60,113.57,99.9,0.000000,1.000000,1,1,0.950000,3.408833,0.000000
2.414882,7491.772308,0.223721,11.495685,82.000000,18.645470,0.950000,1.014111,0.327487,8.720952,0.751821,47.549970,1.409484,1.300000,41.003151,0.311656,0.475558,0.132170,25.000,0.171621,178.67,211.60,157.5,0.000000,1.000000,1,1,0.950000,3.015070,0.000000
1.374674,6418.698740,0.421492,10.000000,56.111300,36.400685,0.945523,1.001684,0.359245,8.800000,0.686899,42.000000,1.750000,1.677812,39.755588,-0.002483,0.286037,0.291148,25.000,0.209103,191.02,93.10,45.2,0.000000,1.000000,1,1,0.950000,2.855833,0.000000
3.000000,6006.951304,0.285119,10.000000,81.277677,46.129035,0.882451,1.450000,0.000000,8.755497,0.936111,42.000000,1.478310,1.513502,34.072773,-0.010142,0.140150,0.139554,25.000,0.250043,460.14,109.88,104.7,0.000000,1.000000,1,1,0.950000,3.218222,0.000000
1.805868,5972.854464,0.426807,10.000000,64.349899,21.148834,0.564166,1.066229,0.305491,8.558987,0.639427,42.000000,1.420474,1.786644,31.423759,-0.017500,0.000000,0.000000,25.000,0.000000,0.00,0.00,86.1,0.000000,1.000000,1,1,0.950000,2.305018,0.000000
2.375492,6677.266803,0.291264,12.698963,80.247672,19.737567,0.699894,1.079258,0.000000,8.531789,0.862237,42.000000,1.660011,1.574808,32.801262,-0.005081,0.236545,0.061329,25.000,0.115950,380.36,153.31,227.6,0.000000,1.000000,1,1,0.950000,3.464219,0.000000
2.755531,7492.555453,0.230789,11.775770,60.210884,29.332021,0.866028,1.169777,0.323123,8.800000,0.711342,43.722987,1.711026,1.300000,27.258002,-0.017500,0.000000,0.000000,25.000,0.000000,72.54,0.00,212.3,0.000055,0.999945,1,1,0.950000,0.000000,0.000000
2.846532,7800.000000,0.383539,10.000000,76.479635,27.298093,0.835635,1.059962,0.121463,8.800000,0.773713,42.000000,1.730903,1.743041,37.808845,0.082195,0.390623,0.103600,25.000,0.177768,284.77,189.54,171.4,0.000000,1.000000,1,1,0.950000,3.506550,0.000000
1.959073,7349.395637,0.426680,12.585430,64.834854,18.672289,0.762595,1.000000,0.101511,8.322672,0.673253,89.417373,1.615137,1.724579,37.675899,-0.017500,0.000000,0.000000,17.491,0.000000,2.18,0.00,47.3,0.013564,0.986436,1,1,0.135216,0.000000,0.000000
2.127814,7006.734947,0.229287,10.000000,77.013614,19.677737,0.564614,1.000000,0.127741,8.723902,0.884443,57.376503,1.613392,1.528083,31.325043,-0.009136,0.159319,0.167448,25.000,0.350528,276.65,109.77,94.0,0.010967,0.989033,1,1,0.950000,3.798811,0.000000
2.461935,6512.516436,0.329240,10.000000,82.000000,20.009535,0.576474,1.000000,0.257572,8.572152,0.918372,44.985330,1.617199,1.603035,32.632488,-0.017500,0.000000,0.000000,25.000,0.000000,417.77,0.00,263.3,0.000000,1.000000,1,1,0.950000,0.000000,0.000000
1.255104,6624.359243,0.267911,10.000000,78.479716,27.851076,0.578962,1.000000,0.185780,8.800000,0.736742,47.095190,1.731678,1.665142,28.155739,-0.017500,0.000000,0.000000,25.000,0.000000,25.77,0.00,148.0,0.000000,1.000000,1,1,0.950000,3.564852,0.000000
2.913727,7273.902520,0.264821,10.000000,81.116750,26.622945,0.776625,1.450000,0.098708,8.738585,0.826515,46.458346,1.641915,1.442898,29.850346,-0.017500,0.000000,0.000000,25.000,0.000000,124.76,0.00,388.1,0.000286,0.999714,1,1,0.950000,3.269673,0.000000
2.386517,7800.000000,0.347076,10.000000,73.251473,20.680664,0.613050,1.019329,0.184622,8.800000,0.881033,48.844863,1.750000,1.706517,38.600359,-0.009262,0.156914,0.160770,25.000,0.140099,36.69,107.13,239.6,0.000000,1.000000,1,1,0.950000,3.540895,0.000000
2.596847,6546.214933,0.297690,10.957743,82.000000,37.225653,0.950000,1.062695,0.491875,8.062813,0.791978,45.006119,1.696030,1.740016,37.735365,-0.004493,0.247750,0.253079,25.000,0.578570,112.18,128.54,71.2,0.000000,1.000000,1,1,0.950000,3.085997,0.000000
2.775148,3755.201385,0.348011,11.213019,82.000000,42.067025,0.746864,1.450000,0.000000,7.861676,0.834102,44.148794,1.402148,1.767413,39.450984,-0.008272,0.175771,0.176929,25.000,0.316505,257.88,104.82,81.6,0.000000,1.000000,1,1,0.950000,3.427430,0.000000
2.201103,6746.443568,0.286379,13.108913,80.287272,29.564810,0.597601,1.017485,0.225944,8.682945,0.943334,55.342006,1.649350,1.855654,18.314654,-0.010627,0.130913,0.136560,25.000,0.201868,467.94,104.38,108.5,0.000001,0.999999,1,1,0.950000,3.892267,0.000000
2.835015,3368.726470,0.263910,10.000000,62.997322,45.582502,0.802097,1.359414,0.122952,8.705122,0.796684,79.779308,1.470979,1.598288,33.095044,-0.017500,0.000000,0.000000,20.355,0.000000,111.53,0.00,182.2,0.011777,0.988223,1,1,0.950000,0.000000,0.000000
3.000000,7039.302007,0.346836,11.497622,77.120257,18.690551,0.837140,1.000000,0.272520,8.210286,0.734690,62.465465,1.285126,1.894451,21.470231,-0.015651,0.035216,0.086712,25.000,0.023442,148.91,14.56,57.0,0.011222,0.988778,1,1,0.950000,1.303585,0.000000
2.389136,6536.472676,0.330651,12.307089,67.786185,22.441371,0.570431,1.000000,0.377088,8.580577,0.950000,45.194561,1.378584,1.971799,27.912134,-0.010881,0.126080,0.126760,25.000,0.374292,275.08,102.07,110.2,0.000000,1.000000,1,1,0.950000,3.312269,0.000000
2.639470,3278.326270,0.353469,11.721921,78.816647,23.195930,0.759430,1.055726,0.234037,7.975605,0.950000,42.000000,1.750000,2.018759,39.554137,-0.012042,0.103954,0.105399,25.000,0.133127,360.97,84.16,283.3,0.000000,1.000000,1,1,0.950000,3.098382,0.000000
1.910599,7448.598582,0.378930,10.000000,82.000000,30.638765,0.628982,1.046398,0.497818,8.724480,0.935137,42.000000,1.658070,1.665128,33.302848,-0.017300,0.003818,0.003818,25.000,0.005087,1.59,2.99,273.9,0.000000,1.000000,1,1,0.950000,3.426345,0.000000
1.596210,6012.259158,0.295480,10.000000,65.650234,28.688325,0.550000,1.088313,0.000000,8.363396,0.836790,48.405938,1.321128,1.633952,30.760996,-0.010459,0.134106,0.137857,25.000,0.260305,334.31,80.64,82.2,0.000000,1.000000,1,1,0.950000,3.740656,0.000000
1.685752,7489.653504,0.288309,11.068913,59.920936,36.626908,0.816752,1.017119,0.000000,8.673754,0.779101,42.000000,1.740933,1.457651,35.641105,-0.004967,0.238716,0.239702,25.000,0.270228,290.59,118.20,67.9,0.000000,1.000000,1,1,0.950000,3.466052,0.000000
2.334301,5523.597935,0.287686,10.522962,75.816088,39.019160,0.950000,1.055909,0.036385,8.800000,0.698387,42.000000,1.704976,1.563361,39.571326,0.403499,0.540512,0.117507,25.000,0.163783,203.43,187.36,176.4,0.000551,0.999449,1,1,0.950000,2.837411,0.000000
2.922669,6386.331467,0.181041,11.467220,64.403633,42.671823,0.802124,1.185342,0.065695,7.985283,0.734001,57.640474,1.350396,1.858901,40.902909,0.085217,0.374123,0.352517,25.000,0.396981,209.66,154.20,60.3,0.011164,0.988836,1,1,0.950000,2.310072,0.000000
2.514632,7221.845282,0.297474,12.820782,79.343236,25.747004,0.950000,1.165962,0.000000,8.800000,0.620696,42.000000,1.640715,1.479091,24.904512,0.432299,0.429208,0.545264,19.768,0.159357,119.54,87.42,28.8,0.000000,1.000000,1,1,0.950000,0.859095,0.000000
2.832508,7598.803422,0.230286,10.139127,82.000000,26.181653,0.550000,1.000000,0.416148,8.679653,0.931023,42.000000,1.657153,1.674377,33.683214,-0.011284,0.118400,0.065793,25.000,0.085441,454.64,91.72,271.3,0.000001,0.999999,1,1,0.950000,3.269622,0.000000
2.435025,6717.298671,0.248824,12.739308,82.000000,26.754372,0.950000,1.098116,0.000000,8.544640,0.881310,42.000000,1.726874,1.568039,38.733776,-0.005798,0.222888,0.057700,25.000,0.096885,400.96,152.28,239.7,0.000000,1.000000,1,1,0.950000,3.265055,0.000000
2.629977,7573.483578,0.249500,10.000000,82.000000,20.046192,0.550000,1.000000,0.120786,8.720474,0.950000,42.000000,1.673185,1.795531,35.889538,-0.007449,0.191445,0.049933,25.000,0.195351,475.13,154.99,283.3,0.000000,1.000000,1,1,0.950000,3.431224,0.000000
2.081225,6133.886119,0.215775,10.537315,81.432228,24.142191,0.558446,1.088982,0.000000,8.617717,0.657823,47.457983,1.612426,1.642121,37.311742,-0.009341,0.155400,0.161304,25.000,0.134331,40.12,42.27,97.8,0.000000,1.000000,1,1,0.950000,2.450457,0.000000
2.882170,7043.553553,0.235916,10.000000,78.754324,20.606106,0.701612,1.000000,0.000000,8.708121,0.735681,42.000000,1.750000,1.707566,30.388386,0.376663,0.504821,0.134967,25.000,0.199597,243.70,209.63,147.2,0.000000,1.000000,1,1,0.950000,3.593538,0.000000
2.108827,7259.592554,0.213412,10.000000,78.587737,19.231769,0.599433,1.065974,0.100151,8.650284,0.899504,42.000000,1.719297,2.079907,36.896271,-0.005009,0.237923,0.062218,25.000,0.196857,420.61,170.52,251.2,0.000000,1.000000,1,1,0.950000,3.210928,0.000000
2.894265,6285.311359,0.248486,12.686449,80.276152,18.000000,0.550000,1.064979,0.340179,8.800000,0.838309,42.400121,1.459757,1.592592,41.371879,-0.004482,0.247965,0.064527,25.000,0.145071,335.87,149.79,212.4,0.000000,1.000000,1,1,0.950000,3.513521,0.000000
1.910408,6870.369408,0.266619,11.330926,79.018384,22.490513,0.550000,1.000000,0.296583,8.688671,0.911110,42.000000,1.689480,1.948575,35.128707,-0.006879,0.202302,0.052380,25.000,0.177139,433.14,149.31,258.6,0.000000,1.000000,1,1,0.950000,3.300112,0.000000
2.418561,7559.005205,0.385729,10.632319,79.828246,18.556448,0.841720,1.046082,0.094401,8.706767,0.751469,43.080717,1.620899,1.528850,40.884665,0.298467,0.461575,0.124322,25.000,0.194358,192.13,205.08,157.3,0.000000,1.000000,1,1,0.950000,3.288991,0.000000
2.082666,6666.970167,0.328239,10.588195,80.752129,21.120978,0.579707,1.000000,0.118717,8.672548,0.950000,48.123405,1.595623,1.766660,34.264348,-0.011136,0.121215,0.123058,25.000,0.252983,98.13,98.14,283.4,0.000000,1.000000,1,1,0.950000,3.777308,0.000000
2.462175,7101.045688,0.292223,14.615683,78.687008,22.770343,0.674383,1.124945,0.000000,8.630904,0.884437,46.858858,1.637342,1.471334,35.766289,-0.017500,0.000000,0.000000,25.000,0.000000,255.37,0.00,241.8,0.000000,1.000000,1,1,0.950000,3.327244,0.000000
3.000000,6265.982178,0.271252,10.720180,79.655524,23.036894,0.550000,1.024829,0.037379,8.800000,0.857453,44.363446,1.599968,1.805313,26.903162,-0.017500,0.000000,0.000000,25.000,0.000000,78.99,0.00,224.9,0.000001,0.999999,1,1,0.950000,0.000000,0.000000
2.915010,5910.865105,0.384128,11.822758,77.410987,23.605503,0.768245,1.002661,0.163009,8.723350,0.886565,44.621660,1.703979,1.362320,34.560473,-0.017500,0.000000,0.000000,25.000,0.000000,64.21,0.00,244.4,0.000001,0.999999,1,1,0.950000,0.000000,0.000000
1.934600,7685.832755,0.286323,10.000000,80.656667,23.747127,0.588471,1.000000,0.328694,8.800000,0.754541,43.914095,1.408161,1.628464,42.000000,-0.017500,0.000000,0.000000,25.000,0.000000,125.08,0.00,159.3,0.000000,1.000000,1,1,0.950000,0.000000,0.000000
1.994801,5827.807495,0.386682,10.000000,65.246547,28.378495,0.570629,1.029145,0.000000,8.800000,0.694308,55.166777,1.568688,1.479237,37.139992,0.081333,0.360596,0.380634,25.000,0.736780,94.28,122.29,47.0,0.000002,0.999998,1,1,0.950000,3.341222,0.000000
2.009261,6320.272482,0.386516,10.000000,73.865679,32.982308,0.551430,1.006721,0.028712,8.743480,0.658982,42.000000,1.597561,1.748893,28.899723,-0.017500,0.000000,0.000000,25.000,0.000000,0.00,0.00,98.5,0.000000,1.000000,1,1,0.950000,2.858050,0.000000
2.567761,7181.648376,0.265189,10.000000,82.000000,22.383875,0.559152,1.078522,0.000000,8.575520,0.862006,42.000000,1.662256,1.761449,34.726646,-0.003728,0.262331,0.068169,25.000,0.219259,380.11,169.91,227.4,0.000000,1.000000,1,1,0.950000,4.026117,0.000000
2.136882,7800.000000,0.264618,14.414759,79.652504,25.221465,0.681487,1.077585,0.204347,8.556879,0.884067,42.000000,1.700697,1.841579,29.469160,-0.007429,0.191821,0.049168,25.000,0.102625,403.94,132.03,241.4,0.000000,1.000000,1,1,0.950000,3.747748,0.000000
2.020111,6034.221037,0.272205,12.943796,77.281502,22.590949,0.745616,1.100088,0.058446,8.771632,0.889128,42.453023,1.588592,1.771842,36.748906,-0.006713,0.205469,0.053328,25.000,0.109711,409.40,143.33,244.6,0.000000,1.000000,1,1,0.950000,3.267382,0.000000
2.485261,5493.844032,0.237668,10.103277,77.112159,27.234202,0.667268,1.017049,0.062754,8.635458,0.869738,42.000000,1.681636,1.710068,31.723545,-0.007294,0.194399,0.079876,25.000,0.124925,265.79,128.68,289.5,0.000100,0.999900,1,1,0.950000,1.900057,0.000000
1.845268,7178.137706,0.360197,12.180560,79.771395,18.000000,0.886532,1.035085,0.000000,8.567144,0.750903,46.103928,1.719262,1.566191,38.260818,-0.017500,0.000000,0.000000,25.000,0.000000,109.53,0.00,157.0,0.000000,1.000000,1,1,0.950000,1.961775,0.000000
2.371834,6468.119821,0.338356,10.240155,82.000000,24.089264,0.855509,1.055845,0.143617,8.800000,0.750330,51.739412,1.695114,1.745600,29.701986,-0.001661,0.301691,0.316296,25.000,0.337723,81.95,133.41,156.5,0.000000,1.000000,1,1,0.950000,2.843598,0.000000
2.160556,7279.712389,0.354869,10.000000,82.000000,25.613219,0.594473,1.034557,0.321910,8.605583,0.900672,42.000000,1.750000,1.670100,33.303983,-0.005276,0.232831,0.060138,25.000,0.213163,421.87,167.37,265.9,0.000249,0.999751,1,1,0.950000,3.353642,0.000000
2.159460,6587.461987,0.170886,10.000000,82.000000,25.716242,0.945691,1.057601,0.000000,8.743866,0.859892,68.948111,1.732683,1.420160,38.666670,-0.008314,0.174981,0.187907,25.000,0.160182,377.83,112.65,87.9,0.009820,0.990180,1,1,0.950000,3.503263,0.000000
2.181930,5889.439608,0.223041,12.399997,82.000000,18.000000,0.942034,1.021850,0.320863,8.746292,0.719902,42.534259,1.404326,1.583208,42.000000,0.408112,0.540505,0.146581,25.000,0.135736,178.94,208.75,137.2,0.000000,1.000000,1,1,0.950000,2.776105,0.000000
1.917293,7047.329646,0.302410,10.293550,73.471197,30.490260,0.590160,1.000000,0.053303,8.800000,0.821380,59.803252,1.750000,1.710318,41.142812,-0.006655,0.206580,0.218985,25.000,0.368945,283.15,118.36,78.4,0.011590,0.988410,1,1,0.000000,3.771637,0.000000
1.205833,5846.871742,0.411551,14.314037,61.049852,30.696426,0.838888,1.086477,0.093750,8.585822,0.720780,42.000000,1.530734,1.755456,33.615238,-0.013486,0.076458,0.077658,25.000,0.045174,28.05,29.65,137.7,0.000000,1.000000,1,1,0.950000,2.635433,0.000000
2.210101,6160.476565,0.258604,10.000000,82.000000,27.144518,0.670621,1.007372,0.091072,8.558046,0.800962,62.400136,1.602089,1.754597,35.566878,-0.005470,0.229146,0.244361,25.000,0.536895,148.83,122.68,73.3,0.013339,0.986661,1,1,0.950000,3.611416,0.000000
2.136663,6943.473136,0.260902,10.000000,79.649349,18.000000,0.786151,1.000000,0.065333,8.277161,0.807223,42.000000,1.634152,1.864460,39.390313,0.070561,0.352553,0.092486,25.000,0.158712,320.96,192.81,192.6,0.000000,1.000000,1,1,0.950000,3.230602,0.000000
2.516550,7024.452027,0.304336,10.000000,82.000000,24.554032,0.602131,1.000000,0.059448,8.555267,0.938748,42.000000,1.670576,1.752586,33.096130,-0.005401,0.230450,0.060164,25.000,0.225131,462.98,181.80,291.2,0.000271,0.999729,1,1,0.950000,3.732319,0.000000
2.006036,5945.595996,0.367708,10.886300,81.396579,39.997987,0.944735,1.117757,0.000000,8.496455,0.740950,52.198263,1.691883,1.426985,40.409732,-0.002678,0.282317,0.296707,25.000,0.391520,131.26,119.97,58.5,0.000000,1.000000,1,1,0.950000,3.049761,0.000000
3.000000,7800.000000,0.261848,10.095983,80.575353,27.947029,0.941686,1.081377,0.531298,8.061559,0.702520,43.889873,1.712021,1.685068,34.390178,-0.007244,0.195349,0.200204,25.000,0.183774,120.36,69.20,49.1,0.000000,1.000000,1,1,0.950000,2.553110,0.000000
2.984205,6113.212064,0.263078,10.827896,80.983853,18.000000,0.588774,1.059335,0.000000,8.642352,0.887941,44.948703,1.611746,1.418475,29.738469,-0.007458,0.191277,0.050743,25.000,0.130043,408.12,133.02,244.0,0.000000,1.000000,1,1,0.950000,3.853079,0.000000
1.821318,7800.000000,0.244210,10.000000,78.367447,18.817084,0.766691,1.011948,0.000000,8.516735,0.828013,44.486796,1.651835,1.865580,29.025110,-0.017500,0.000000,0.000000,25.000,0.000000,198.81,0.00,205.9,0.000000,1.000000,1,1,0.950000,0.000000,0.000000
2.711003,6624.866190,0.302588,11.288608,77.339209,27.676066,0.719766,1.032600,0.000000,8.609508,0.739850,42.000000,1.750000,1.621325,36.231537,0.396276,0.526054,0.140575,25.000,0.214146,248.20,222.48,149.9,0.000000,1.000000,1,1,0.950000,3.391460,0.000000
2.381426,6627.613111,0.315828,10.417317,62.760856,24.555831,0.775509,1.089824,0.005848,8.647376,0.950000,42.000000,1.418488,1.477257,33.372533,-0.010570,0.132005,0.130197,25.000,0.216340,475.13,106.87,108.9,0.000000,1.000000,1,1,0.950000,3.385329,0.000000
2.521612,6936.153622,0.341858,12.220294,82.000000,18.243005,0.810682,1.048049,0.122924,8.609898,0.727094,42.000000,1.455288,1.649679,39.160565,0.408526,0.540496,0.145306,25.000,0.133375,234.43,215.90,141.8,0.000000,1.000000,1,1,0.950000,3.036383,0.000000
2.165747,5701.556295,0.364683,11.992693,59.644422,18.000000,0.835763,1.038952,0.439072,8.521086,0.692377,42.000000,1.723398,1.519483,38.756172,0.406010,0.540506,0.146712,25.000,0.126662,196.94,181.38,119.7,0.000000,1.000000,1,1,0.950000,2.969737,0.000000
2.012584,7800.000000,0.257718,10.000000,81.643907,25.338221,0.638606,1.007043,0.055255,8.800000,0.758166,44.796178,1.681812,1.747639,30.224012,-0.017500,0.000000,0.000000,25.000,0.000000,169.25,0.00,161.6,0.000000,1.000000,1,1,0.950000,0.000000,0.000000
1.825321,6010.520207,0.317299,10.000000,82.000000,21.850947,0.922367,1.095086,0.454674,8.736467,0.788490,42.000000,1.742457,1.438443,38.922163,-0.002094,0.293445,0.077168,25.000,0.111516,300.73,150.37,180.7,0.000000,1.000000,1,1,0.950000,3.560455,0.000000
2.660615,6704.832716,0.328955,10.000000,74.827255,26.430015,0.573028,1.000000,0.032243,8.800000,0.950000,42.459269,1.601146,1.932912,31.120861,-0.017500,0.000000,0.000000,23.641,0.000000,25.01,0.00,283.3,0.000000,1.000000,1,1,0.950000,0.000000,0.000000
2.351565,7201.538402,0.213805,10.783519,77.272875,27.715677,0.945158,1.060908,0.163473,8.500115,0.780559,49.532152,1.493092,1.324722,38.959902,-0.003762,0.261686,0.272183,25.000,0.400328,138.27,130.27,68.3,0.000000,1.000000,1,1,0.950000,2.958895,0.000000
2.287103,4864.808938,0.307446,10.000000,79.775385,34.769277,0.917730,1.082719,0.434522,8.722903,0.851804,47.363897,1.750000,1.806203,38.125129,-0.008767,0.166349,0.170778,25.000,0.192389,369.10,104.62,85.3,0.000000,1.000000,1,1,0.950000,3.474434,0.000000
1.425028,6809.321450,0.347773,12.302373,61.314908,34.355610,0.802507,1.010412,0.307094,8.800000,0.712919,42.000000,1.750000,1.736058,41.109755,-0.017500,0.000000,0.000000,25.000,0.000000,0.00,0.00,132.8,0.000000,1.000000,1,1,0.950000,2.904074,0.000000
1.952046,4001.379341,0.350434,15.218653,81.486110,38.220463,0.885333,1.023686,0.000000,8.119066,0.708910,73.112108,1.663304,1.546279,40.991963,-0.017500,0.000000,0.000000,18.938,0.000000,0.00,0.00,50.6,0.012332,0.987668,1,1,0.950000,0.000000,0.000000
1.671925,6264.908148,0.302528,10.664572,82.000000,30.324142,0.591343,1.030567,0.012383,8.726335,0.883821,42.000000,1.723557,1.957979,35.643172,-0.007116,0.197789,0.051344,25.000,0.154704,191.21,136.05,246.8,0.000349,0.999651,1,1,0.950000,3.298457,0.000000
1.713088,6292.765412,0.311380,10.000000,78.482176,18.591064,0.938281,1.000000,0.395157,8.800000,0.948932,47.882434,1.654925,1.469899,33.706876,-0.017500,0.000000,0.000000,25.000,0.000000,130.74,0.00,373.8,0.000140,0.999860,1,1,0.950000,0.000000,0.000000
1.247072,5983.926178,0.297226,10.449136,82.000000,22.863539,0.659604,1.000000,0.169896,8.800000,0.778508,42.000000,1.512529,1.300000,29.998315,-0.006518,0.209185,0.055174,25.000,0.106442,289.95,103.35,174.4,0.000000,1.000000,1,1,0.950000,3.342075,0.000000
1.927940,6764.795642,0.329854,10.509559,59.393332,21.149921,0.825050,1.069768,0.138160,8.399891,0.795844,70.671281,1.260847,1.392985,18.511198,-0.017500,0.000000,0.000000,24.292,0.000000,235.43,0.00,81.6,0.012082,0.987918,1,1,0.950000,0.000000,0.000000
2.249001,6623.263295,0.153378,13.982591,57.291849,25.576358,0.707757,1.200255,0.144316,8.430912,0.827962,49.077789,1.288798,1.470789,30.953794,-0.006866,0.202546,0.209166,25.000,0.642820,108.43,118.50,80.0,0.000000,1.000000,1,1,0.950000,3.324043,0.000000
1.305192,5400.613400,0.334400,11.193499,58.817981,32.896738,0.557002,1.220058,0.000000,8.651987,0.831946,47.694102,1.614012,1.300000,25.247811,-0.012704,0.091352,0.093448,25.000,0.169067,347.65,54.12,81.0,0.000000,1.000000,1,1,0.950000,4.189216,0.000000
2.196180,6756.717652,0.330808,13.050942,77.965672,36.788748,0.924284,1.349578,0.443736,8.202385,0.783227,44.343002,1.707757,1.501608,22.513508,-0.003896,0.259117,0.264085,25.000,0.329004,170.82,130.27,69.0,0.000000,1.000000,1,1,0.950000,2.986783,0.000000
1.397133,7119.599748,0.340954,13.694282,58.234696,23.347524,0.906583,1.000000,0.093272,8.800000,0.682281,50.283968,1.740713,1.339714,21.927965,0.000456,0.342013,0.359489,25.000,0.327804,68.54,108.42,44.1,0.000000,1.000000,1,1,0.950000,1.867839,0.000000
1.635230,7631.215049,0.380939,12.633254,59.008584,35.852030,0.860445,1.052086,0.177671,8.674483,0.712014,43.709059,1.343179,1.558468,24.910782,0.000591,0.344588,0.353108,25.000,0.650385,80.37,128.09,51.4,0.000000,1.000000,1,1,0.950000,2.840729,0.000000
1.860527,5768.820924,0.383447,10.000000,66.114344,18.000000,0.555034,1.055314,0.150375,8.449968,0.702110,47.120194,1.613214,1.605837,38.389063,-0.017500,0.000000,0.000000,25.000,0.000000,0.00,0.00,126.0,0.000000,1.000000,1,1,0.950000,3.039052,0.000000
1.556281,6966.749457,0.314974,12.405903,79.068216,30.012898,0.561553,1.137376,0.141873,8.581184,0.776354,82.523948,1.581878,1.473681,23.620988,-0.012625,0.092848,0.137003,25.000,0.108598,209.44,45.50,77.9,0.011276,0.988724,1,1,0.000000,2.439266,0.000000
2.589817,7374.318260,0.290632,10.583544,78.628584,22.779365,0.834687,1.222975,0.297818,8.579454,0.810318,47.342086,1.301176,1.758254,33.437339,-0.005830,0.222295,0.228420,25.000,0.240980,79.72,122.84,194.7,0.000000,1.000000,1,1,0.950000,3.144686,0.000000
2.874814,6588.021972,0.410480,10.608300,76.133563,26.525685,0.830953,1.036236,0.030425,8.800000,0.836846,42.000000,1.633306,1.648312,41.030760,-0.001326,0.308071,0.080720,25.000,0.164640,352.94,185.27,211.5,0.000000,1.000000,1,1,0.950000,3.465641,0.000000
1.808667,6430.213342,0.326117,12.008360,80.621527,19.505820,0.863981,1.011086,0.110050,8.742619,0.711022,42.000000,1.372597,1.541271,37.426334,0.407366,0.540505,0.145966,25.000,0.122796,217.07,199.92,131.5,0.000000,1.000000,1,1,0.950000,2.951142,0.000000
1.608494,6424.548629,0.301763,10.000000,53.262072,42.631848,0.950000,1.000000,0.102331,8.530365,0.713371,42.000000,1.697939,1.638738,31.201647,-0.002358,0.288426,0.292373,25.000,0.275992,219.61,107.93,51.7,0.000000,1.000000,1,1,0.950000,3.432463,0.000000
1.847855,7618.533400,0.298890,11.026467,78.826577,33.385444,0.846829,1.188596,0.264015,8.699987,0.741616,42.000000,1.684645,1.607192,36.342772,0.397136,0.526864,0.140690,25.000,0.205108,250.11,224.54,151.0,0.000000,1.000000,1,1,0.950000,3.326714,0.000000
2.337812,4484.158200,0.194525,10.000000,74.690626,36.598270,0.911214,1.000000,0.078265,8.785822,0.719266,44.351602,1.746385,1.480275,33.407978,-0.016382,0.021300,0.021830,25.000,0.016080,7.21,8.20,136.9,0.000000,1.000000,1,1,0.950000,3.029733,0.000000
3.000000,7800.000000,0.325833,10.818340,77.283697,22.614672,0.917515,1.026260,0.110544,8.747224,0.738680,49.587010,1.579773,1.561226,38.540844,-0.017500,0.000000,0.000000,25.000,0.000000,0.00,0.00,149.2,0.000000,1.000000,1,1,0.950000,2.498020,0.000000
2.559052,5948.115850,0.245006,10.822647,78.660984,18.000000,0.950000,1.025949,0.000000,8.667733,0.693127,44.414808,1.534762,1.572086,38.119552,0.406306,0.540509,0.149023,25.000,0.126219,145.71,182.13,120.3,0.000000,1.000000,1,1,0.950000,2.801770,0.000000
2.061941,6129.339081,0.348589,10.976709,59.552836,29.074107,0.791499,1.014810,0.505324,8.655904,0.727832,42.210725,1.731509,1.539489,38.512142,-0.017500,0.000000,0.000000,12.696,0.000000,24.76,0.00,142.2,0.000000,1.000000,1,1,0.950000,0.000000,0.000000
3.000000,6217.509052,0.329460,10.000000,72.207537,26.043639,0.590296,1.000000,0.102445,8.800000,0.940511,42.000000,1.581559,1.611561,36.852103,-0.017500,0.000000,0.000000,25.000,0.000000,318.08,0.00,335.8,0.000488,0.999512,1,1,0.950000,3.263600,0.000000
2.437432,4946.548522,0.375196,11.317222,59.716681,32.677471,0.550000,1.450000,0.374764,8.370626,0.823574,61.001882,1.543284,1.473089,18.647382,-0.007592,0.188716,0.200416,25.000,0.319343,167.36,108.88,254.1,0.014604,0.985396,1,1,0.000000,3.914224,0.000000
2.481408,7373.844567,0.338746,10.000000,76.632556,26.189523,0.749809,1.000000,0.000000,8.652306,0.700330,42.000000,1.750000,1.651559,34.241020,0.406531,0.540497,0.145894,25.000,0.190952,205.53,189.29,124.8,0.000000,1.000000,1,1,0.950000,3.567265,0.000000
2.563532,7668.149135,0.311689,10.000000,71.805047,18.000000,0.563251,1.067184,0.000000,8.518773,0.673614,50.900931,1.736292,1.753353,34.498481,0.320594,0.451999,0.473334,25.000,0.546206,90.14,136.07,41.9,0.000000,1.000000,1,1,0.950000,2.614737,0.000000
1.972298,6679.663396,0.286080,11.909927,58.124661,38.642943,0.783931,1.144000,0.068904,8.637667,0.733333,108.629971,1.583994,1.530830,37.330937,-0.017500,0.000000,0.000000,25.000,0.000000,88.85,0.00,179.5,0.015747,0.984253,1,1,0.950000,0.000000,0.000000
2.530780,7800.000000,0.288596,10.000000,76.170861,28.719337,0.823931,1.049463,0.000000,8.740623,0.835636,42.000000,1.671211,1.628770,37.337838,-0.012539,0.094502,0.034824,25.000,0.044572,351.64,56.62,210.7,0.000463,0.999537,1,1,0.950000,3.363041,0.000000
1.948871,6159.304520,0.366668,10.000000,79.689329,22.372593,0.919633,1.000000,0.065836,8.800000,0.669702,42.000000,1.567189,1.614285,29.162681,0.404289,0.540503,0.146944,25.000,0.116219,172.45,158.83,105.3,0.000000,1.000000,1,1,0.950000,2.892224,0.000000
3.000000,6921.557465,0.364708,10.842932,70.324975,25.256393,0.745514,1.000000,0.014185,8.728355,0.790292,43.516404,1.684399,1.706508,39.090968,-0.017500,0.000000,0.000000,25.000,0.000000,95.58,0.00,182.2,0.000000,1.000000,1,1,0.793255,3.314458,0.000000
1.851331,5425.669502,0.273773,10.000000,82.000000,21.610576,0.950000,1.057635,0.513422,8.647303,0.794388,44.324681,1.747982,1.385819,38.309514,-0.016035,0.027902,0.007524,25.000,0.012212,258.61,14.60,184.6,0.000000,1.000000,1,1,0.950000,3.552007,0.000000
2.238670,4999.326292,0.232609,12.350772,76.191895,18.033322,0.912803,1.000000,0.229746,8.800000,0.690440,42.000000,1.630310,1.455918,39.942537,0.405843,0.540503,0.146553,25.000,0.097989,194.85,179.45,118.5,0.000000,1.000000,1,1,0.950000,2.667241,0.000000
2.900561,7665.171070,0.412338,10.000000,73.504946,39.528524,0.775850,1.054186,0.161030,8.800000,0.802595,52.161029,1.750000,1.692375,42.000000,-0.005081,0.236559,0.247426,25.000,0.308525,315.96,127.36,73.7,0.000054,0.999946,1,1,0.950000,3.521066,0.000000
2.024682,6472.678892,0.398150,14.113435,57.583256,33.251769,0.785831,1.028741,0.218905,8.702976,0.805432,60.416620,1.344583,1.601529,21.588839,-0.014622,0.054813,0.017564,25.000,0.052955,211.26,29.80,239.4,0.009826,0.990174,1,1,0.950000,4.180358,0.000000
2.865106,6652.620905,0.343391,13.310482,66.947018,30.839939,0.826397,1.196462,0.187017,8.582524,0.779890,57.004502,1.688149,1.824370,38.892235,-0.004014,0.256881,0.272076,25.000,0.196599,291.44,127.57,68.1,0.010002,0.989998,1,1,0.950000,3.085645,0.000000
1.294202,6242.251672,0.270257,10.351157,61.698207,43.346965,0.810345,1.000000,0.032754,8.560336,0.705418,93.464567,1.705450,1.744394,39.924330,-0.004642,0.244915,0.353512,25.000,0.337026,65.52,88.06,170.7,0.016257,0.983743,1,1,0.950000,3.018955,0.000000
2.957621,5675.624106,0.201152,12.570940,77.312532,18.000000,0.950000,1.110615,0.299434,8.479995,0.740177,42.000000,1.750000,1.688884,29.696043,0.365268,0.491952,0.131455,25.000,0.110421,248.56,208.35,150.1,0.000000,1.000000,1,1,0.950000,2.959266,0.000000
3.000000,5383.196929,0.376588,11.198622,56.380290,25.592425,0.845475,1.000000,0.075889,8.471428,0.715723,44.063771,1.750000,1.435714,39.035308,-0.017500,0.000000,0.000000,25.000,0.000000,23.38,0.00,134.6,0.000000,1.000000,1,1,0.950000,2.768543,0.000000
1.582006,6353.874568,0.253970,10.000000,76.744586,27.969577,0.808879,1.053502,0.001656,8.651993,0.692679,48.846357,1.594355,1.591293,34.336811,-0.000819,0.317739,0.331381,25.000,0.195321,197.27,106.80,46.6,0.000000,1.000000,1,1,0.950000,2.722507,0.000000
2.180466,7319.942483,0.324684,13.941155,77.015077,24.128560,0.832563,1.048984,0.069211,8.773528,0.778723,59.785582,1.682471,1.494390,39.761473,-0.003622,0.264350,0.281593,25.000,0.169039,259.64,130.71,67.9,0.009085,0.990915,1,1,0.950000,2.664181,0.000000
3.000000,6561.442892,0.282157,11.224125,73.313498,18.879814,0.845920,1.042425,0.089383,8.790699,0.851887,48.731905,1.614100,1.691654,40.618617,-0.017500,0.000000,0.000000,25.000,0.000000,310.89,0.00,225.9,0.000373,0.999627,1,1,0.950000,0.000000,0.000000
2.368810,6668.742524,0.253485,10.595302,72.958533,26.652871,0.745631,1.393825,0.184400,8.460971,0.732542,42.000000,1.365519,1.744616,39.179909,0.287963,0.449775,0.135513,25.000,0.184239,240.31,184.17,145.2,0.000000,1.000000,1,1,0.950000,2.515967,0.000000
1.802606,5214.444866,0.353547,10.790042,80.710144,21.765094,0.733968,1.000000,0.081689,8.800000,0.784690,43.911898,1.723559,1.524981,39.873427,-0.003914,0.258787,0.069467,25.000,0.193954,171.73,130.80,178.4,0.000000,1.000000,1,1,0.835904,3.746672,0.000000
1.909531,5921.538730,0.447754,14.085966,82.000000,18.000000,0.889409,1.222343,0.000000,8.645576,0.689116,42.000000,1.716223,1.446955,42.000000,0.405773,0.540509,0.146809,25.000,0.083910,193.42,178.14,117.6,0.000000,1.000000,1,1,0.950000,2.435566,0.000000
1.862823,7282.467576,0.280281,12.399135,62.397945,31.813823,0.950000,1.000000,0.123460,8.800000,0.751412,43.521583,1.397819,1.491583,28.504418,-0.001854,0.298027,0.303787,25.000,0.159198,41.16,132.38,157.3,0.000000,1.000000,1,1,0.950000,2.806618,0.000000
2.376364,5990.504447,0.320924,12.494733,76.651071,18.000000,0.841341,1.080719,0.314061,8.773432,0.734244,93.798357,1.695114,1.684850,42.000000,-0.016648,0.016225,0.053352,25.000,0.015111,49.90,6.69,61.5,0.014613,0.985387,1,1,0.950000,1.160390,0.000000
2.357799,6117.343566,0.420992,15.309280,75.846629,18.000000,0.710207,1.064025,0.000000,8.725758,0.736623,42.000000,1.748409,1.641435,34.977808,0.398461,0.528642,0.141976,25.000,0.127900,244.72,220.44,147.8,0.000000,1.000000,1,1,0.950000,3.009518,0.000000
1.582618,5926.182329,0.407612,10.452377,58.353029,19.923002,0.885974,1.000000,0.279098,8.768162,0.682766,42.389484,1.567813,1.381375,27.709883,0.398877,0.533359,0.145295,25.000,0.153289,147.29,169.55,113.6,0.000000,1.000000,1,1,0.950000,3.067834,0.000000
2.138141,7800.000000,0.350822,10.489052,81.968080,25.700170,0.884646,1.074912,0.000000,8.800000,0.819257,42.000000,1.750000,1.806288,40.248857,-0.001607,0.302718,0.079475,25.000,0.139728,333.95,172.26,200.3,0.000000,1.000000,1,1,0.950000,3.201683,0.000000
1.931178,7410.342080,0.371896,10.727177,58.332490,21.688384,0.942572,1.000000,0.068420,8.673547,0.722916,44.433713,1.659402,1.415405,24.940268,-0.017500,0.000000,0.000000,25.000,0.000000,65.93,0.00,139.2,0.000000,1.000000,1,1,0.950000,0.000000,0.000000
2.288521,6621.243494,0.213423,14.097517,77.932952,18.000000,0.930585,1.014744,0.407970,8.753500,0.693914,42.075703,1.527598,1.397013,42.000000,0.406140,0.540497,0.146898,25.000,0.084234,198.60,182.91,120.7,0.000000,1.000000,1,1,0.950000,2.396604,0.000000
2.143193,6817.345720,0.247048,12.004828,77.268089,20.684087,0.884694,1.025293,0.216480,8.326874,0.658759,42.000000,1.312770,1.599863,25.883075,0.408228,0.502759,0.516170,25.000,0.161001,152.18,137.61,98.4,0.000000,1.000000,1,1,0.950000,0.842753,0.000000
1.498950,6314.263511,0.272901,10.171256,81.617373,45.000406,0.911652,1.061445,0.222058,8.800000,0.929407,42.000000,1.674331,1.727915,32.016875,-0.012008,0.104605,0.105246,25.000,0.171366,452.90,80.72,101.8,0.000000,1.000000,1,1,0.950000,3.292477,0.000000
1.457780,5882.503332,0.360249,11.028725,56.250041,18.000000,0.769941,1.000000,0.000000,8.621599,0.669983,42.000000,1.367986,1.454322,40.465079,0.403718,0.539817,0.147000,25.000,0.134795,172.76,158.91,105.5,0.000000,1.000000,1,1,0.950000,3.258137,0.000000
3.000000,6259.347732,0.203451,10.000000,79.054607,24.632436,0.799337,1.000000,0.199630,8.648891,0.714510,43.060357,1.750000,1.652156,28.132921,-0.017500,0.000000,0.000000,23.813,0.000000,104.61,0.00,133.8,0.000000,1.000000,1,1,0.950000,0.000000,0.000000
2.298755,7067.447858,0.291807,10.000000,76.138971,20.118487,0.764333,1.000000,0.059000,8.283813,0.786239,99.623308,1.729893,1.717457,38.686675,-0.001958,0.296035,0.252636,25.000,0.242406,178.19,150.47,87.3,0.014785,0.985215,1,1,0.950000,2.144550,0.000000
2.120865,6279.516522,0.353855,12.344605,79.322791,21.314417,0.888594,1.000000,0.104882,8.685348,0.623035,46.862984,1.576602,1.490219,39.366112,0.410735,0.417868,0.529237,21.322,0.246012,64.24,86.91,29.4,0.000000,1.000000,1,1,0.950000,1.068716,0.000000
2.837965,7024.595874,0.396469,10.000000,70.382019,34.640052,0.573758,1.016924,0.283487,8.793468,0.620000,44.948408,1.676357,1.806295,39.373095,0.442187,0.540520,0.555796,25.000,0.334883,118.78,109.40,28.7,0.000000,1.000000,1,1,0.950000,1.890354,0.000000
2.111245,7627.752940,0.350098,10.000000,79.105171,18.000000,0.550000,1.095203,0.203908,8.406733,0.683863,55.225900,1.696409,1.590349,34.160986,0.299032,0.428980,0.452896,25.000,0.280400,187.75,137.23,44.4,0.000000,1.000000,1,1,0.950000,2.662937,0.000000
1.792948,5763.556248,0.389703,10.000000,62.041375,28.301392,0.550000,1.025463,0.000000,8.423639,0.706710,42.000000,1.410736,1.791697,42.000000,-0.001681,0.301318,0.304728,25.000,0.343614,192.40,109.06,71.3,0.000000,1.000000,1,1,0.950000,3.210755,0.000000
1.883661,5807.319940,0.187164,11.244009,77.469890,21.549738,0.950000,1.073257,0.385260,8.733820,0.716578,49.439021,1.545490,1.865331,25.034152,-0.017500,0.000000,0.000000,25.000,0.000000,11.74,0.00,135.1,0.000000,1.000000,1,1,0.950000,2.189283,0.000000
2.135432,7272.820934,0.294614,12.786899,60.683392,34.706237,0.932278,1.143835,0.076106,8.800000,0.667466,42.954882,1.287330,1.374393,26.024789,-0.004560,0.246474,0.335939,25.000,0.170330,67.62,71.41,103.9,0.000000,1.000000,1,1,0.950000,1.585263,0.000000
2.409590,7777.549267,0.273008,10.000000,78.782247,29.154628,0.875909,1.064910,0.026318,8.800000,0.729229,46.356351,1.750000,1.471331,34.180667,0.407221,0.540509,0.130795,25.000,0.176668,186.90,218.03,369.6,0.000656,0.999344,1,1,0.950000,3.115247,0.000000
2.355750,7241.276288,0.315089,11.474477,79.963510,19.368488,0.943549,1.080539,0.411250,8.799276,0.796808,89.706904,1.661470,1.300000,36.456673,-0.017212,0.005495,0.025120,25.000,0.003804,213.61,2.90,76.8,0.014740,0.985260,1,1,0.000000,1.057520,0.000000
2.142985,6081.685812,0.346270,10.985082,62.840544,30.856401,0.838201,1.051874,0.000000,8.799506,0.685707,42.000000,1.433600,1.421794,38.208055,0.405497,0.540504,0.146718,25.000,0.173117,189.74,174.75,115.5,0.000000,1.000000,1,1,0.950000,3.334210,0.000000
2.824997,6870.593573,0.274218,12.486739,76.756996,18.000000,0.842380,1.078505,0.334749,8.549604,0.732107,49.343967,1.750000,1.678672,24.677537,-0.017500,0.000000,0.000000,25.000,0.000000,55.60,0.00,145.0,0.000000,1.000000,1,1,0.950000,2.038596,0.000000
1.753044,7800.000000,0.335080,10.793560,65.483211,19.992933,0.550000,1.030479,0.013843,8.792244,0.730526,49.724480,1.319001,1.763968,24.626943,-0.017500,0.000000,0.000000,25.000,0.000000,0.00,0.00,144.0,0.000000,1.000000,1,1,0.950000,3.259454,0.000000
2.509552,6921.585751,0.414102,10.033382,81.833879,23.366826,0.875662,1.000000,0.058539,8.800000,0.779346,42.000000,1.624875,1.300000,28.689016,0.077029,0.374178,0.099045,25.000,0.147953,290.85,185.44,174.9,0.000000,1.000000,1,1,0.950000,3.473517,0.000000
1.442181,6370.044404,0.322939,10.000000,71.473870,26.267711,0.935787,1.000000,0.000000,8.791306,0.714112,42.000000,1.628121,1.347545,32.844217,0.245933,0.406322,0.109488,25.000,0.128791,220.41,152.60,133.5,0.000000,1.000000,1,1,0.950000,3.201974,0.000000
2.524497,6257.949613,0.266532,12.895994,75.436317,18.000000,0.950000,1.105102,0.171390,8.616920,0.680557,48.465952,1.354382,1.736689,35.530177,0.320460,0.451359,0.473136,25.000,0.132125,183.46,141.65,112.3,0.000000,1.000000,1,1,0.950000,0.524693,0.000000
1.307283,6210.043348,0.373993,10.000000,82.000000,28.667505,0.833190,1.006573,0.068349,8.800000,0.643847,42.000000,1.462040,1.526203,36.448698,0.402414,0.540520,0.147902,25.000,0.119743,144.53,133.12,88.9,0.000000,1.000000,1,1,0.950000,3.132649,0.000000
2.684055,6470.700083,0.450000,15.911916,76.847793,22.642638,0.725574,1.087262,0.174200,8.122920,0.713801,67.440725,1.315706,1.658987,41.209711,-0.017500,0.000000,0.000000,11.475,0.000000,0.00,0.00,51.8,0.007000,0.993000,1,1,0.605669,0.000000,0.000000
