generator_force_scale,generator_rated_force_n,generator_spring_decouple,air_spring_reference_bar,air_spring_max_cc,air_spring_min_cc,exhaust_open_ms,load_fraction,frequency_hz,combustion_pressure_gain,burn_duration_ms,damping_n_s_m,score,net_efficiency,capture_fraction,max_bdc_mm,elec_per_spring,expansion_work_j,elec_energy_j,peak_pressure_bar,rgf,scavenge_efficiency,stable,energy_balance_valid
0.625121,5013.568716,0.117926,14.294615,54.539728,37.535328,8.093984,0.809743,73.276397,1.351008,1.500525,40.204684,0.048060,0.089627,0.184153,11.914,0.228179,385.72,66.77,101.5,0.014301,0.985699,0,1
0.257888,6521.450015,0.280352,15.682629,65.326636,42.032762,7.517683,0.852420,81.854600,1.375901,1.650114,31.363836,0.012338,0.014783,0.068120,6.059,0.072500,181.06,11.59,106.7,0.011915,0.988085,0,1
0.302129,7766.554783,0.417846,12.185052,66.870108,24.297024,7.410043,0.947338,80.697537,1.345164,1.343878,20.358657,0.039398,0.063469,0.092387,18.831,0.101040,636.97,55.32,118.4,0.011809,0.988191,0,1
0.602113,3357.022978,0.278473,10.593529,61.738776,27.915082,8.071086,0.860580,73.545851,1.451705,1.820622,26.554920,0.056760,0.098815,0.107502,24.958,0.121049,774.21,78.24,104.2,0.007055,0.992945,0,1
0.325629,4240.793026,0.274128,15.237290,74.027855,37.995292,7.360019,0.683917,52.660953,1.692468,1.592638,33.502429,0.027760,0.043433,0.070744,13.577,0.076709,410.96,27.33,85.9,0.011645,0.988355,0,1
0.376766,5993.597976,0.153845,13.004609,50.739650,37.389118,8.314312,0.927966,66.198754,1.639679,1.894706,30.820185,0.063922,0.119479,0.151040,21.429,0.205358,718.45,102.00,116.0,0.009445,0.990555,0,1
0.402978,7005.397398,0.319878,23.865371,75.177743,47.690187,7.772882,0.828932,44.148140,1.360434,1.627000,19.199318,0.027472,0.048371,0.111985,8.012,0.128451,350.43,36.89,103.8,0.009183,0.990817,0,1
0.500244,6318.350529,0.406583,15.391838,58.689612,23.591019,7.529034,0.743875,47.238214,1.664052,2.396118,26.083898,0.028505,0.047947,0.116537,9.408,0.133898,299.54,32.81,93.3,0.009237,0.990763,0,1
0.381570,3710.655991,0.306132,23.010497,52.296451,18.403575,8.408068,0.848267,101.899620,1.741074,1.470777,22.540813,0.026838,0.042529,0.060200,13.416,0.062580,586.53,33.19,109.7,0.013526,0.986474,0,1
0.337041,2522.557770,0.120849,17.929827,75.039044,43.284625,8.271766,0.874213,63.916738,1.659086,1.391720,25.506191,0.029880,0.039612,0.046135,20.069,0.048307,734.64,31.86,109.4,0.007058,0.992942,0,1
0.259930,3879.550209,0.360927,21.846539,54.166966,36.134556,7.831729,0.792858,42.428737,1.687481,1.578405,40.017104,0.010880,0.013276,0.042639,6.290,0.045476,241.61,9.68,99.4,0.013725,0.986275,0,1
0.318266,7592.578740,0.436454,16.840512,76.514709,40.187420,7.507391,0.934137,67.255151,1.422624,2.007915,32.028869,0.035760,0.058946,0.094537,15.737,0.104704,570.06,50.66,116.5,0.011849,0.988151,0,1
0.430539,6173.747165,0.143399,17.253249,65.922094,27.857604,8.088980,0.691967,103.447803,1.504916,2.308220,20.798134,0.070009,0.039045,0.092549,9.877,0.095138,285.72,24.86,88.9,0.014958,0.985042,1,1
0.551954,2201.071202,0.092107,13.609311,67.765182,40.244256,7.929904,0.801761,82.407812,1.389808,1.493792,37.752101,0.034407,0.051554,0.071533,18.973,0.077053,565.54,38.03,100.5,0.012024,0.987976,0,1
0.480411,3618.587907,0.325116,22.225886,78.820645,22.997556,8.419161,0.715395,94.331856,1.438017,2.029433,18.695959,0.014115,0.020856,0.065573,5.748,0.068246,222.70,13.73,90.6,0.011677,0.988323,0,1
0.340325,3645.339303,0.418996,15.292950,63.487302,46.886747,8.295719,0.893729,60.707412,1.402401,1.813978,33.385382,0.038263,0.052298,0.056198,25.000,0.063193,814.02,43.00,110.5,0.009337,0.990663,0,1
0.651980,4588.884343,0.422515,15.618721,65.369177,41.062160,8.232391,0.811251,70.315124,1.453685,1.718772,31.278441,0.057774,0.108740,0.126833,20.189,0.145080,680.72,81.16,101.6,0.009377,0.990623,0,1
0.622545,5471.320953,0.141049,12.403725,78.292649,43.005565,7.989957,0.665629,108.213417,1.525813,1.844767,33.854200,0.026224,0.038299,0.159081,9.042,0.145420,156.84,23.45,83.7,0.016872,0.983128,0,1
0.374246,5560.546895,0.432989,22.163215,63.671347,41.949614,8.398167,0.929843,68.390520,1.297107,1.633081,33.317217,0.030904,0.049615,0.073287,14.833,0.078843,616.11,42.44,116.3,0.009462,0.990538,0,1
0.247384,7794.294362,0.385432,23.545514,67.751915,18.172715,7.985198,0.807156,76.984560,1.579987,2.224564,35.524703,0.018119,0.026628,0.055377,9.188,0.058334,379.86,19.77,101.1,0.009530,0.990470,0,1
0.655462,2429.322206,0.382932,22.262400,62.042675,25.721862,7.708443,0.661952,95.706590,1.429450,2.173126,18.340170,-0.050000,0.000000,0.000000,0.000,0.000000,0.00,0.00,86.2,0.014244,0.985756,0,1
0.427394,4773.391932,0.114595,17.369047,50.038022,31.874308,7.748905,0.856328,82.731113,1.545142,2.053397,26.186797,0.033908,0.052774,0.078847,17.218,0.084064,560.96,41.58,107.2,0.013638,0.986362,0,1
0.485582,2777.448351,0.290046,22.583191,66.748494,28.940255,7.751734,0.945572,49.533589,1.457933,2.200298,18.383319,0.007875,0.008730,0.045299,4.110,0.048134,178.35,7.59,118.2,0.013907,0.986093,0,1
0.587687,3988.811833,0.100657,14.627575,53.645826,28.432553,8.401833,0.700078,86.098191,1.667986,1.707252,22.905346,0.031914,0.055709,0.133491,9.371,0.151348,285.94,35.88,89.3,0.014302,0.985698,0,1
0.199135,3579.946019,0.128563,21.211769,57.116565,36.377292,7.885325,0.767897,102.903298,1.644717,2.135160,32.202348,0.008888,0.001831,0.017931,2.456,0.017777,76.75,1.29,99.3,0.016799,0.983201,1,1
0.674366,4008.118785,0.160460,15.026505,69.524146,47.549119,7.539912,0.755098,54.236830,1.738584,1.655938,23.196657,0.022258,0.033968,0.144768,5.603,0.171009,173.41,23.60,94.7,0.014005,0.985995,0,1
0.575656,6564.629920,0.182591,13.468946,79.040458,45.526987,7.732612,0.863156,91.368498,1.676325,1.892518,27.553684,0.053331,0.098062,0.164763,16.733,0.191614,502.80,77.87,108.0,0.014701,0.985299,0,1
0.632706,4808.456421,0.293771,10.066179,79.413023,29.796885,7.998676,0.949734,92.947057,1.674202,2.094642,21.771397,0.049697,0.086833,0.145041,18.530,0.162403,556.49,75.87,118.7,0.014899,0.985101,0,1
0.188703,7360.709090,0.242489,20.088062,70.178842,24.593191,8.013634,0.920095,66.883631,1.420069,2.100639,34.377782,0.030419,0.047410,0.060969,16.006,0.065289,700.24,40.13,115.1,0.009442,0.990558,0,1
0.304473,2730.568486,0.285348,10.804319,50.582232,18.511557,7.374698,0.853795,91.684366,1.537971,1.415433,24.843743,0.023176,0.024088,0.038223,18.753,0.039107,526.62,18.92,106.9,0.011885,0.988115,0,1
0.530545,6465.165875,0.126846,10.194826,56.829549,39.046021,7.612984,0.756050,106.233153,1.338435,1.827759,31.660256,0.067521,0.124229,0.169759,23.598,0.197779,541.50,86.41,91.6,0.015335,0.984665,0,1
0.618018,5034.698884,0.109830,21.305734,56.692861,29.986191,7.720887,0.742719,87.071457,1.463059,1.923616,23.083049,0.018504,0.006038,0.071091,1.884,0.075300,61.74,4.13,95.2,0.014274,0.985726,1,1
0.684527,6790.653751,0.237089,22.631423,53.761220,47.151679,8.008238,0.710671,108.974009,1.311859,2.222977,19.887071,0.028898,0.012120,0.087817,2.972,0.095188,96.00,7.92,89.4,0.011901,0.988099,1,1
0.290824,5347.616301,0.202769,14.110474,71.312029,20.536819,8.111469,0.659961,43.598247,1.372626,1.860113,27.893546,0.040714,0.073797,0.093620,15.413,0.105288,509.15,44.81,83.0,0.009171,0.990829,0,1
0.696452,2999.523549,0.243722,20.564384,59.090465,45.668520,8.423126,0.713885,48.890103,1.430536,1.378367,34.900004,0.039252,0.073136,0.112180,12.473,0.127283,455.52,48.03,89.6,0.011570,0.988430,0,1
0.238585,6356.001158,0.081709,14.565697,61.193037,42.187120,7.437157,0.806437,47.622214,1.523191,1.945005,31.518400,0.034173,0.052556,0.079770,17.584,0.088297,520.01,38.99,101.0,0.009244,0.990756,0,1
0.703593,3128.872766,0.098179,18.619606,80.483024,30.558468,8.363728,0.845134,88.685078,1.697858,2.344286,37.659644,0.040983,0.074074,0.099991,15.302,0.110383,612.76,57.59,105.5,0.013342,0.986658,0,1
0.364452,2618.327367,0.303290,22.512811,72.717852,22.394642,8.280088,0.749365,97.182600,1.391703,2.359875,24.369175,0.012288,0.013348,0.028856,9.145,0.028987,339.27,9.20,95.7,0.015084,0.984916,0,1
0.625691,6983.498408,0.251744,10.073036,55.456586,27.661995,8.125644,0.695592,90.620232,1.645929,2.300762,40.574102,0.056854,0.104387,0.247211,13.120,0.300883,287.47,66.80,87.4,0.016980,0.983020,0,1
0.589455,6877.127228,0.229019,11.577139,70.897900,33.531495,7.954752,0.791425,101.235901,1.365502,1.442185,36.482234,0.219530,0.155103,0.223403,17.642,0.281769,537.78,112.93,99.2,0.014973,0.985027,1,1
0.628843,2937.133121,0.149320,17.523996,77.220052,45.758661,8.339858,0.780583,105.228163,1.406378,1.918773,29.424813,0.025017,0.037726,0.086076,11.735,0.084876,334.84,27.09,97.9,0.017189,0.982811,0,1
0.313285,5780.965963,0.362790,10.985655,68.151988,36.777717,7.598556,0.664114,61.870767,1.582040,1.456704,29.816361,0.036840,0.062089,0.105745,14.985,0.118474,381.64,37.94,83.5,0.011772,0.988228,0,1
0.596127,5373.264679,0.326118,13.541053,55.941346,25.538467,7.456768,0.923911,109.037082,1.543101,2.324382,38.486902,0.087455,0.044134,0.087629,16.275,0.094034,455.42,37.51,110.8,0.015050,0.984950,1,1
0.659064,6112.277079,0.363753,18.772969,53.097697,40.442194,8.392201,0.864694,68.960336,1.576458,1.996858,32.384126,0.046915,0.088351,0.164589,12.331,0.196539,454.29,70.28,108.2,0.011910,0.988090,0,1
0.416276,4369.007397,0.271318,18.166699,78.020534,35.978422,8.215156,0.918398,85.490753,1.321512,1.511465,41.139303,0.040662,0.069165,0.084089,18.306,0.091851,739.33,58.44,116.3,0.013819,0.986181,0,1
0.555647,2757.781584,0.333209,21.983809,60.629912,44.580810,7.639108,0.821436,106.675104,1.682177,1.776942,38.311742,0.008132,0.008085,0.037196,5.332,0.037795,174.74,6.11,104.1,0.014860,0.985140,0,1
0.562184,3800.125911,0.356852,18.371953,80.391597,31.709549,8.204594,0.817796,75.721137,1.304931,1.540094,26.927614,0.023336,0.036930,0.080351,9.925,0.086597,367.87,27.79,102.4,0.011906,0.988094,0,1
0.414893,6693.168591,0.108284,17.649122,62.799216,34.524374,7.615470,0.763704,76.414467,1.276726,2.203623,18.822270,0.021096,0.030416,0.073977,10.405,0.078260,307.32,21.37,95.8,0.004775,0.995225,0,1
0.653014,2453.242823,0.119764,22.082168,72.826854,20.275977,8.333727,0.681396,73.742098,1.354451,1.735088,21.840580,0.025843,0.044423,0.071184,10.352,0.075379,416.18,27.85,85.6,0.009450,0.990550,0,1
0.641526,7489.424732,0.379554,14.940187,70.146167,39.796647,7.694040,0.931510,109.690167,1.666181,2.239067,21.156681,0.050090,0.089497,0.151116,17.329,0.171695,539.94,76.70,114.1,0.014933,0.985067,0,1
0.417845,4040.113686,0.083307,16.344322,66.185598,34.366897,7.553594,0.878407,45.128922,1.270989,1.732969,28.279130,0.036485,0.060456,0.085098,16.583,0.095294,610.77,48.86,109.9,0.009201,0.990799,0,1
0.441890,5149.403731,0.254351,11.304315,55.158580,30.740500,8.356210,0.746711,78.220007,1.557850,1.684064,19.978463,0.067890,0.129279,0.143904,23.255,0.166768,656.55,88.81,93.0,0.009038,0.990962,0,1
0.240319,7126.537197,0.154336,10.494258,56.136368,31.182337,8.043848,0.887168,94.987804,1.697467,2.375506,37.460468,0.049050,0.078089,0.094439,25.000,0.112464,717.96,63.74,99.4,0.014806,0.985194,0,1
0.335869,6396.271838,0.282736,23.443932,70.592646,47.710353,7.484782,0.748319,95.332628,1.743573,1.908303,36.799409,-0.050000,0.000000,0.000000,0.000,0.000000,0.00,0.00,101.3,0.016649,0.983351,0,1
0.315999,3078.616068,0.408497,13.804752,54.759571,39.917612,8.253384,0.826335,59.559193,1.633056,1.937538,26.372657,0.020099,0.023718,0.048224,13.863,0.053076,397.76,18.03,103.5,0.011571,0.988429,0,1
0.719557,2918.673001,0.416461,13.156526,81.694949,40.822978,7.895270,0.702778,108.380919,1.417726,1.973270,30.444448,0.014623,0.017580,0.088755,6.953,0.079863,136.24,11.37,88.2,0.016909,0.983091,0,1
0.357595,7163.174824,0.258310,10.487482,69.244590,43.725823,8.415991,0.901208,54.250568,1.268504,1.564500,19.474878,0.079755,0.154644,0.166432,25.000,0.247826,819.56,128.22,108.4,0.009327,0.990673,0,1
0.533856,3658.614842,0.291538,12.481745,62.548897,34.027659,7.531565,0.938567,53.054576,1.367644,2.211645,22.576117,0.053130,0.089291,0.102582,24.835,0.115804,799.57,77.10,110.2,0.009324,0.990676,0,1
0.506059,6675.377506,0.448613,21.445697,53.447053,21.246496,7.893156,0.640733,107.667819,1.600750,2.272394,19.691784,-0.050000,0.000000,0.000000,0.000,0.000000,0.00,0.00,87.5,0.014317,0.985683,0,1
0.253161,3058.618024,0.180918,13.896574,67.497944,42.580970,7.806681,0.658678,57.582327,1.619313,1.556064,20.079702,0.011519,0.013369,0.048509,6.815,0.050755,177.67,8.10,82.8,0.011708,0.988292,0,1
0.667969,3748.691745,0.345761,21.543415,51.365769,45.076556,7.862823,0.784253,84.361457,1.624782,1.915355,36.311923,0.018340,0.027515,0.086067,7.150,0.092499,245.39,19.85,102.8,0.016646,0.983354,0,1
0.476875,4443.398041,0.194678,12.880685,81.243912,20.028822,7.443199,0.912520,72.870248,1.746194,2.394304,25.428756,0.015910,0.020948,0.075572,7.597,0.081757,247.56,17.59,114.1,0.011890,0.988110,0,1
0.281570,4265.795771,0.270162,10.270689,68.742031,32.090491,7.389431,0.857747,81.778773,1.308251,1.489218,41.684445,0.027888,0.036839,0.062944,17.548,0.067744,491.33,29.07,107.4,0.011684,0.988316,0,1
0.612192,6405.088413,0.222400,19.522961,64.311541,22.083730,8.035922,0.639438,68.603567,1.652794,1.384402,23.346201,0.035326,0.065808,0.184841,5.686,0.224095,222.81,38.71,80.4,0.011841,0.988159,0,1
0.192788,4993.774895,0.447085,23.601729,81.942558,41.780628,7.784909,0.759560,55.073748,1.531640,1.690304,41.477908,0.008470,0.009901,0.037353,4.874,0.039121,197.05,6.92,95.3,0.009344,0.990656,0,1
0.432240,3422.917563,0.094148,11.756942,81.193016,19.370712,7.580504,0.890958,88.407357,1.305570,2.213178,27.060260,0.016476,0.019925,0.056927,10.103,0.059697,305.21,16.33,111.5,0.014491,0.985509,0,1
0.204380,5860.569754,0.163894,19.724481,54.139733,43.582147,7.605896,0.680740,52.284394,1.678533,2.161686,34.286431,0.004261,0.003424,0.032536,2.390,0.034128,70.12,2.14,85.5,0.011638,0.988362,0,1
0.688114,7553.553234,0.304908,13.718556,77.410724,32.785194,7.819230,0.718588,77.284703,1.266702,1.799606,36.686346,0.087297,0.185680,0.256124,14.733,0.344600,509.86,122.75,90.2,0.009464,0.990536,0,1
0.465231,7022.679258,0.286256,18.027494,76.785727,45.271304,7.728314,0.633254,65.254300,1.398615,1.582175,30.005572,0.016956,0.024005,0.143616,3.162,0.165715,103.59,13.99,79.7,0.014173,0.985827,0,1
0.393966,5959.642189,0.165717,17.777967,81.460004,34.718837,8.197933,0.705765,107.132287,1.518704,1.954300,30.871598,0.097291,0.060037,0.099075,12.526,0.106918,418.57,38.98,93.3,0.012395,0.987605,1,1
0.433972,4471.733495,0.400593,17.151019,57.634567,21.628840,7.964755,0.843607,96.380254,1.485546,1.572823,26.821249,0.036411,0.060899,0.082076,16.525,0.087909,612.62,47.26,109.5,0.013677,0.986323,0,1
0.490264,2583.232000,0.214916,15.831629,77.754533,46.622468,8.436757,0.909742,94.623285,1.641051,1.588796,24.064634,0.027648,0.038219,0.064901,16.466,0.066320,524.34,31.99,113.8,0.014631,0.985369,0,1
0.492850,5807.400403,0.399673,14.197788,71.611848,39.705534,8.311422,0.894131,91.272085,1.593689,2.317571,39.046255,0.048966,0.086150,0.124161,19.147,0.138114,607.20,70.87,111.9,0.014551,0.985449,0,1
0.708826,4437.689160,0.441389,20.346093,52.589970,25.157121,8.185479,0.769651,66.032292,1.331018,2.365062,32.458423,0.045038,0.087011,0.128410,12.761,0.146887,510.42,61.61,96.5,0.009461,0.990539,0,1
0.670518,7075.202904,0.238104,15.178218,78.408209,43.885905,7.351415,0.631213,51.891012,1.560064,1.705362,34.585284,0.028422,0.046223,0.195210,4.806,0.243834,146.28,26.84,79.4,0.009305,0.990695,0,1
0.691511,7288.114002,0.309481,13.341716,55.693105,19.531101,7.621683,0.726757,101.087577,1.616852,2.153299,31.845159,0.121806,0.077292,0.174521,11.214,0.203129,315.02,51.68,90.3,0.015041,0.984959,1,1
0.685571,2371.238082,0.390564,18.400538,63.136416,24.422757,7.850923,0.925896,75.150814,1.731963,2.371153,20.412005,0.019021,0.025370,0.055292,11.117,0.057952,415.80,21.61,115.8,0.011921,0.988079,0,1
0.195327,2367.558604,0.264777,14.242029,59.195744,21.983713,8.149284,0.871859,56.964065,1.735324,1.477225,33.019873,0.013305,0.011464,0.022925,11.881,0.023853,426.70,9.20,109.1,0.014043,0.985957,0,1
0.275991,4909.049750,0.195917,12.776558,68.299354,43.972478,7.973003,0.915394,79.391153,1.299646,1.424539,36.970290,0.049773,0.080852,0.087439,25.000,0.109046,828.43,68.09,114.0,0.006949,0.993051,0,1
0.525409,2653.516984,0.435017,22.424588,57.845917,22.681092,8.304911,0.820245,98.422556,1.613677,2.003234,23.592795,0.022633,0.033344,0.052879,12.457,0.054465,506.21,25.16,106.1,0.013791,0.986209,0,1
0.211064,5068.316433,0.266598,14.785729,51.541113,25.416356,7.779256,0.677528,93.879447,1.433053,2.064271,28.528310,0.056281,0.023359,0.042202,13.919,0.042723,367.03,14.56,85.1,0.015034,0.984966,1,1
0.198609,2244.703995,0.335067,12.083827,66.119984,40.532869,7.370029,0.687421,99.519229,1.520841,1.364353,40.153770,0.022622,0.004159,0.019125,8.118,0.017433,146.31,2.63,86.4,0.016960,0.983040,1,1
0.267848,3269.885115,0.342187,14.050766,61.254246,37.098540,7.627052,0.793326,88.199753,1.724434,1.326221,38.018454,0.024451,0.029121,0.045155,17.625,0.046910,500.73,21.25,99.4,0.012060,0.987940,0,1
0.348904,7546.361177,0.179555,20.151460,64.516290,35.368615,7.656262,0.779216,53.648457,1.720523,1.533736,21.523739,0.018488,0.028642,0.105743,5.490,0.118519,206.57,20.53,97.7,0.009328,0.990672,0,1
0.520253,6496.731581,0.349119,15.525036,71.787625,39.584268,7.800446,0.855088,51.631450,1.251637,1.620226,28.826258,0.047579,0.089218,0.148423,13.885,0.176948,503.06,70.19,107.1,0.009302,0.990698,0,1
0.447222,7679.521404,0.297292,16.372146,61.389891,33.192684,7.909483,0.666608,72.134456,1.326104,1.320229,39.540523,0.057804,0.117332,0.186797,11.847,0.229612,409.80,71.96,84.0,0.009461,0.990539,0,1
0.399409,3244.508499,0.413146,12.150459,61.630731,34.977930,7.476550,0.708395,62.103789,1.648964,2.387769,29.934557,0.009418,0.009815,0.055450,5.168,0.058057,122.73,6.40,88.9,0.011800,0.988200,0,1
0.420427,4951.764718,0.171260,21.153315,71.279781,36.700388,7.795091,0.888317,61.061920,1.403686,2.355513,36.874015,0.029243,0.046666,0.072318,13.977,0.078617,561.02,38.14,111.2,0.009410,0.990590,0,1
0.296881,2558.582304,0.437342,18.942291,64.705857,38.208432,7.632733,0.736148,83.425336,1.708332,1.351361,20.934078,0.010693,0.010400,0.028704,8.350,0.028858,261.04,7.04,95.2,0.011802,0.988198,0,1
0.250450,3231.344305,0.206957,13.663075,50.810049,20.753143,8.286676,0.937853,96.774351,1.702156,2.175385,39.737947,0.022485,0.024321,0.040852,17.505,0.041039,546.48,20.99,117.3,0.017164,0.982836,0,1
0.389139,4347.485530,0.136564,10.382063,64.818376,31.649576,7.678678,0.873567,99.106625,1.513207,2.088437,40.414064,0.025218,0.030635,0.074851,16.235,0.073957,349.92,24.62,109.3,0.017087,0.982913,0,1
0.677887,7696.444315,0.428272,13.972520,58.286577,32.866095,7.648242,0.652985,74.464791,1.427135,2.126573,28.193845,0.059747,0.118276,0.212506,12.430,0.264224,355.70,71.05,82.1,0.009587,0.990413,0,1
0.272822,5890.396309,0.445632,19.840303,57.381576,41.482385,7.741024,0.701835,74.145136,1.598396,1.877066,38.694416,0.021118,0.030405,0.057573,11.457,0.060300,362.77,19.63,89.4,0.009546,0.990454,0,1
0.231318,7452.122308,0.197554,17.073683,64.949590,44.787472,8.221712,0.813548,89.086748,1.301712,1.855144,38.561121,0.035295,0.057461,0.088436,16.253,0.095046,517.35,43.01,101.9,0.014679,0.985321,0,1
0.674057,3191.370105,0.324165,16.188055,73.952035,37.763063,7.464634,0.719679,58.024443,1.344479,2.254587,24.780861,0.019444,0.026331,0.061330,10.853,0.065274,302.41,17.43,90.3,0.009382,0.990618,0,1
0.437530,7057.259710,0.089127,19.510324,52.826914,28.200777,7.739719,0.915253,93.110020,1.629749,2.118113,25.625216,0.027484,0.043610,0.091089,11.851,0.098177,428.86,36.72,114.6,0.014369,0.985631,0,1
0.450031,7627.256006,0.424953,23.164780,58.863716,46.956793,7.474889,0.671584,58.786562,1.475688,1.779093,32.896676,-0.050000,0.000000,0.000000,0.000,0.000000,0.00,0.00,84.4,0.011732,0.988268,0,1
0.616404,7396.203173,0.112724,18.193179,52.080250,21.541511,8.015971,0.622461,65.470024,1.364688,1.448912,20.748014,0.067487,0.143035,0.225293,10.125,0.287803,386.78,81.91,78.3,0.009450,0.990550,0,1
0.518375,5193.004751,0.106953,23.063905,50.179496,41.190861,7.520536,0.629183,69.900733,1.507098,1.962491,18.942167,-0.050000,0.000000,0.000000,0.000,0.000000,0.00,0.00,79.2,0.009482,0.990518,0,1
0.599107,6218.955462,0.177949,15.364989,72.554810,36.921092,7.871591,0.620675,92.632385,1.555799,1.771798,32.101965,0.139064,0.094653,0.165827,11.704,0.193388,346.74,54.05,80.3,0.014508,0.985492,1,1
0.215637,7735.159253,0.365486,20.886677,77.922778,20.965798,8.155119,0.816143,53.450242,1.635558,1.447782,28.978517,0.016291,0.024240,0.061660,7.361,0.066231,314.01,18.20,102.3,0.013983,0.986017,0,1
0.407878,6635.803815,0.151505,22.779514,59.645778,40.670035,7.828288,0.776697,82.920634,1.497518,1.347684,22.372335,0.020426,0.032913,0.098469,6.650,0.106763,254.08,23.52,99.5,0.014225,0.985775,0,1
0.479365,6904.868840,0.245976,17.752846,80.605448,26.030787,7.421823,0.870593,63.192727,1.511484,1.743360,37.133904,0.047453,0.090062,0.129645,14.558,0.150771,591.92,72.13,109.0,0.009430,0.990570,0,1
0.369570,6728.972679,0.189898,18.697886,70.674331,44.863641,7.804099,0.866481,79.059866,1.549643,1.301439,27.981497,0.051082,0.095248,0.120563,17.810,0.135870,669.98,75.93,110.8,0.009469,0.990531,0,1
0.410092,5228.223258,0.298895,19.591312,79.258914,24.056954,8.037951,0.773113,59.214301,1.314435,1.986116,41.372984,0.038751,0.071874,0.098119,13.302,0.109734,554.27,51.12,96.9,0.009388,0.990612,0,1
0.182768,3336.986524,0.384203,19.298335,78.574046,28.165615,8.179956,0.763298,86.522170,1.715145,1.675877,24.151588,0.010904,0.011264,0.027598,8.283,0.027864,304.92,7.91,96.5,0.014136,0.985864,0,1
0.643242,2886.199430,0.231872,14.749176,72.034139,44.328051,7.427186,0.824046,85.529590,1.536629,1.980350,33.129251,0.020510,0.026433,0.063410,12.216,0.066521,336.21,20.04,103.2,0.014589,0.985411,0,1
0.406524,7328.585443,0.133580,16.609388,67.383226,41.620624,8.224848,0.642725,46.918459,1.502499,1.415800,37.895354,0.047683,0.093770,0.174245,9.978,0.214285,338.52,55.45,80.8,0.011536,0.988464,0,1
0.594497,2640.637055,0.224743,17.466336,51.093870,30.886984,7.921859,0.782168,87.283999,1.285931,1.366524,18.501763,0.017644,0.025736,0.079360,7.480,0.084173,248.26,18.52,103.4,0.014244,0.985756,0,1
0.391315,3017.371523,0.156933,14.883382,57.229164,37.943105,7.378425,0.842080,45.665179,1.340141,2.195617,27.341758,0.014719,0.017431,0.053443,9.028,0.057309,268.81,13.50,105.5,0.009211,0.990789,0,1
0.284927,3116.947768,0.212366,18.554786,71.461717,24.720692,8.258856,0.895753,100.129373,1.288345,2.289596,19.255352,0.015992,0.017928,0.035602,11.743,0.035729,441.47,14.77,112.9,0.014644,0.985356,0,1
0.423296,7266.984573,0.396435,20.488242,73.246458,19.030923,7.397962,0.698491,96.534502,1.552025,2.315037,23.741015,-0.050000,0.000000,0.000000,0.000,0.000000,0.00,0.00,89.1,0.014250,0.985750,0,1
0.367023,3167.934947,0.322018,10.903679,54.857135,42.413211,7.574434,0.899430,49.180771,1.482129,1.436669,21.427866,0.056561,0.096542,0.103018,25.000,0.170441,824.96,79.89,109.8,0.009276,0.990724,0,1
0.466501,3825.293984,0.439717,23.848219,59.285859,36.463011,7.667096,0.739843,95.847021,1.610734,1.758661,21.989541,-0.050000,0.000150,0.022238,0.124,0.030798,4.87,0.10,99.2,0.014246,0.985754,0,1
0.331662,4716.976568,0.338123,21.747326,60.283715,26.239954,8.380103,0.922951,43.292278,1.283171,2.144375,19.071884,0.016729,0.023639,0.056293,8.612,0.060777,379.32,20.07,115.4,0.013745,0.986255,0,1
0.578871,7194.329065,0.343458,12.596656,58.032255,30.926260,8.266438,0.941566,86.731626,1.608896,1.507907,32.577853,0.081452,0.161670,0.178478,24.026,0.217963,834.75,140.05,116.7,0.013136,0.986864,0,1
0.279439,3388.370008,0.105436,10.658113,79.785915,30.013419,8.137012,0.836307,90.014395,1.565739,1.330672,24.602236,0.027093,0.036575,0.057966,16.875,0.061177,516.47,28.14,104.7,0.012089,0.987911,0,1
0.607221,5632.119330,0.314405,11.368385,50.358150,21.403997,7.419530,0.697229,63.021981,1.293277,2.331913,27.199521,0.047115,0.084759,0.142468,15.944,0.164283,405.98,54.37,83.8,0.009456,0.990544,0,1
0.265670,4872.601953,0.230872,11.209251,69.513683,35.485167,7.680514,0.727469,87.895922,1.474273,1.613799,25.270804,0.021195,0.028427,0.069367,11.842,0.072439,291.78,19.03,91.8,0.017084,0.982916,0,1
0.508156,7638.799783,0.275189,12.005564,81.618309,32.244320,7.592819,0.715924,69.340077,1.569767,2.077273,20.175386,0.065313,0.129405,0.186748,16.601,0.226528,485.54,85.23,88.4,0.009445,0.990555,0,1
0.202739,3446.312872,0.396171,21.083766,75.780763,39.375378,8.357605,0.725032,93.347450,1.705202,1.863656,36.234989,0.017808,0.021105,0.031820,12.971,0.032236,470.65,14.08,95.3,0.014897,0.985103,0,1
0.483752,4087.190280,0.218192,14.380454,69.922839,29.279918,8.166133,0.635221,106.588961,1.661451,2.245257,19.385960,0.022896,0.034184,0.085369,10.535,0.083349,248.95,19.98,79.9,0.014432,0.985568,0,1
0.299015,6306.563993,0.359076,20.576169,59.543504,36.274048,8.083195,0.753146,54.717493,1.417077,2.250083,33.806076,0.036455,0.064882,0.089324,14.094,0.098568,535.42,44.96,94.5,0.009340,0.990660,0,1
0.501713,3897.115671,0.312628,18.820541,60.527895,28.711036,8.448249,0.920639,45.938801,1.655134,2.018479,18.019315,0.034994,0.058773,0.082078,15.508,0.090666,645.21,49.78,115.1,0.006905,0.993095,0,1
0.223795,3536.606920,0.256770,13.014699,80.911408,19.160376,7.673720,0.825671,60.636334,1.597352,1.878475,27.781696,0.026784,0.033285,0.039580,19.203,0.041719,679.58,25.28,102.0,0.009398,0.990602,0,1
0.547387,4278.127552,0.339845,11.949695,80.069558,44.417436,7.587030,0.771553,104.353144,1.462002,1.667176,35.475545,0.045059,0.075049,0.107521,20.186,0.117913,527.08,53.27,96.1,0.014924,0.985076,0,1
0.355076,4567.649908,0.168190,22.854471,65.627389,23.718281,8.340749,0.674594,57.974073,1.383661,1.942193,23.896800,0.026913,0.047217,0.073869,10.301,0.079181,422.03,29.30,84.8,0.009369,0.990631,0,1
0.717298,4399.607362,0.295605,13.226760,57.830977,33.890784,7.843420,0.882702,90.458992,1.443783,1.336108,34.177341,0.072382,0.140475,0.163238,22.737,0.194924,743.45,114.08,110.5,0.013722,0.986278,0,1
0.538771,7317.778173,0.139109,19.790348,74.637621,26.420591,7.553376,0.735242,55.514347,1.256183,1.698871,19.568084,0.034505,0.063365,0.125994,9.682,0.144436,361.90,42.86,92.3,0.009350,0.990650,0,1
0.248409,5103.979256,0.205349,19.205018,63.332467,23.519311,7.512158,0.801384,84.774111,1.380921,2.306367,28.436128,0.017127,0.004168,0.022124,5.136,0.022904,147.77,3.07,100.6,0.014055,0.985945,1,1
0.542031,3790.583761,0.086773,10.316502,76.061479,29.598175,8.372805,0.761684,76.108418,1.349274,1.841917,30.278889,0.054850,0.102011,0.135723,18.760,0.158115,560.31,71.48,95.5,0.011671,0.988329,0,1
0.186143,4322.515076,0.328829,16.492228,72.239562,27.100475,7.937613,0.631914,104.202557,1.553510,2.147139,33.643467,0.035645,0.012279,0.027905,10.011,0.027791,272.15,7.14,83.7,0.015050,0.984950,1,1
0.230785,2869.201311,0.370005,19.149257,67.157759,30.380273,7.767275,0.861070,50.440971,1.412094,1.836244,24.489048,0.012598,0.012709,0.027241,9.987,0.028268,393.16,10.07,107.8,0.011605,0.988395,0,1
0.559283,2324.219029,0.374277,17.590943,65.744994,30.236120,7.496398,0.732608,62.707727,1.621398,2.266814,40.815639,0.013844,0.015030,0.035995,10.069,0.037667,299.40,10.13,91.9,0.009428,0.990572,0,1
0.497625,5405.045880,0.422089,23.990498,77.531866,39.210812,8.030889,0.674223,67.851781,1.494059,2.275082,22.975542,-0.050000,0.000075,0.029699,0.039,0.042599,1.67,0.05,84.7,0.011830,0.988170,0,1
0.387669,6086.347985,0.186048,21.817053,51.966604,29.171617,8.442001,0.778111,66.553003,1.534880,1.643602,31.742000,0.028080,0.049507,0.108069,8.622,0.120785,348.87,35.44,97.6,0.009424,0.990576,0,1
0.271727,5612.658387,0.147999,12.271609,53.843253,37.237207,7.838137,0.690006,107.598474,1.516711,1.638909,41.943578,0.038894,0.059895,0.082607,20.544,0.088406,489.65,38.02,86.7,0.015031,0.984969,0,1
0.454646,6143.534159,0.116894,22.923717,80.732618,23.390055,7.563472,0.729141,77.379921,1.322723,1.932387,38.830872,-0.050000,0.001103,0.041615,0.527,0.050272,18.91,0.74,91.5,0.009530,0.990470,1,1
0.680416,7434.008841,0.300499,16.745904,60.184917,20.147063,8.057486,0.838152,58.600049,1.602925,1.786280,22.288778,0.077259,0.162971,0.212488,14.955,0.271514,629.16,125.67,105.0,0.007036,0.992964,0,1
0.346428,5118.565820,0.135197,20.039239,68.471030,26.354426,8.431101,0.839579,59.877990,1.670300,1.460825,39.851556,0.036350,0.063812,0.083137,14.867,0.091540,630.71,49.29,105.1,0.009382,0.990618,0,1
0.568456,3929.517701,0.239317,22.374099,60.950358,45.368015,7.905437,0.766804,70.606660,1.319322,1.314875,28.618020,0.038756,0.070900,0.101563,13.620,0.111658,523.90,50.02,96.2,0.009451,0.990549,0,1
0.321121,2806.574849,0.402593,12.325995,54.970810,26.886369,7.874640,0.830748,109.621009,1.606644,1.966234,27.456785,0.027629,0.030534,0.041552,21.696,0.042242,597.47,23.34,102.6,0.014900,0.985100,0,1
0.358818,3562.447821,0.443687,17.005947,69.090302,34.838590,8.319841,0.688657,46.475887,1.281188,2.046198,37.319133,0.029281,0.044923,0.056483,15.896,0.060667,536.06,28.46,86.5,0.009219,0.990781,0,1
0.664561,5921.138718,0.200597,15.588062,59.897942,33.448365,8.160105,0.624472,55.684950,1.747512,1.607727,35.766709,0.055531,0.111213,0.220932,9.173,0.285670,307.66,63.89,78.6,0.011691,0.988309,0,1
0.541657,2265.679239,0.158874,16.239931,74.355879,19.698757,8.132947,0.677944,79.963334,1.413147,1.713403,37.424076,0.030021,0.049333,0.067545,14.078,0.072013,484.62,30.77,85.2,0.009465,0.990535,0,1
0.569942,6203.460215,0.209056,12.549119,54.381901,27.395692,8.076029,0.932245,102.754089,1.491302,1.810247,35.228818,0.219650,0.151469,0.180035,22.508,0.219023,767.64,129.91,114.1,0.014799,0.985201,1,1
0.470074,4184.994475,0.317514,11.422763,72.993526,19.899334,8.066742,0.669553,79.434046,1.274697,2.110796,29.285137,0.029924,0.049587,0.101025,11.690,0.111223,321.65,30.54,84.2,0.011975,0.988025,0,1
0.609895,6798.278221,0.330842,23.100567,71.071037,46.308492,7.662663,0.941770,44.472465,1.483647,2.292132,23.421092,0.016181,0.022655,0.125547,3.811,0.147812,166.33,19.63,117.8,0.013783,0.986217,0,1
0.207590,7502.508595,0.393934,22.734691,65.142315,41.312377,7.715749,0.881279,83.879874,1.329784,1.600693,41.765213,0.017168,0.023217,0.052986,9.687,0.055517,377.93,18.82,112.2,0.011821,0.988179,0,1
0.645676,4058.751397,0.336115,14.525972,55.385137,21.786978,7.489553,0.876679,71.540782,1.358922,2.186878,35.045177,0.020813,0.030715,0.097744,8.276,0.109437,269.63,24.77,109.7,0.011881,0.988119,0,1
0.351948,4731.948741,0.372064,21.347982,66.324982,20.601349,7.366316,0.812856,50.053259,1.574342,1.794596,34.922694,0.017900,0.024558,0.048178,10.327,0.051918,405.53,18.37,101.8,0.009279,0.990721,0,1
0.572072,3718.576321,0.174883,23.681634,64.151025,25.830310,8.237816,0.669293,89.679092,1.712467,1.427363,30.699558,0.015920,0.025288,0.082493,5.042,0.087879,200.80,15.57,85.1,0.011720,0.988280,0,1
0.263179,5698.396766,0.161569,19.989665,63.007003,27.229656,7.957182,0.904209,48.564825,1.264046,1.869296,38.239158,0.017372,0.024776,0.061018,8.656,0.066656,359.34,20.61,113.1,0.011571,0.988429,0,1
0.459550,3514.875296,0.277618,11.722380,62.828873,18.716246,7.817108,0.657554,99.340721,1.385992,2.057075,30.237671,0.033810,0.013818,0.070737,5.763,0.070202,125.71,8.36,82.7,0.016961,0.983039,1,1
0.712037,4538.871693,0.235386,15.903788,55.881069,46.761871,8.387822,0.722758,100.795807,1.702951,2.067271,26.487987,0.064942,0.128239,0.172933,17.665,0.203626,524.56,85.27,90.7,0.014771,0.985229,0,1
0.605488,5738.919626,0.426420,11.124598,74.837878,47.990066,8.145289,0.643917,56.667530,1.713284,1.886182,29.204332,0.069177,0.137675,0.183396,18.132,0.225955,473.10,81.56,80.7,0.011636,0.988364,0,1
0.591583,2421.186133,0.122624,15.950427,63.946663,22.345937,7.413482,0.720748,71.758777,1.396222,1.522459,35.299335,0.025509,0.037779,0.060135,13.873,0.063687,443.17,25.05,90.5,0.009509,0.990491,0,1
0.227491,4629.147000,0.142294,10.915144,58.461726,25.251955,8.208764,0.803903,97.813551,1.726441,2.014645,41.267636,0.027587,0.034988,0.059914,18.303,0.060849,459.47,25.88,100.7,0.014570,0.985430,0,1
0.307651,4939.516161,0.253863,20.727032,68.938712,28.639365,7.581589,0.898405,50.853712,1.508904,1.395617,34.497458,0.012832,0.017269,0.061120,5.923,0.066470,248.43,14.27,112.4,0.011613,0.988387,0,1
0.236176,6575.791185,0.355082,16.080890,77.131984,23.951493,7.847191,0.647345,64.635121,1.688357,2.033098,26.013024,0.028233,0.046326,0.072996,12.688,0.078103,402.09,27.59,81.4,0.009451,0.990549,0,1
0.531830,6276.572998,0.096481,17.327178,78.762845,31.226368,7.696809,0.935548,69.727234,1.727896,2.381319,25.799847,0.020196,0.030486,0.111222,6.661,0.124882,250.98,26.24,117.0,0.014234,0.985766,0,1
0.634178,5525.554282,0.287475,16.969732,67.944550,35.663592,7.502167,0.785215,43.950020,1.479739,1.609998,35.910991,0.066705,0.136487,0.170753,15.987,0.211588,614.29,98.60,98.4,0.009179,0.990821,0,1
0.289902,7141.020952,0.226443,15.099161,56.502847,27.457874,7.466773,0.757755,67.800364,1.563743,2.038899,31.100862,0.014096,0.018506,0.074995,6.273,0.080542,183.01,12.90,95.0,0.011850,0.988150,0,1
0.545812,5421.743440,0.098632,16.673863,52.491306,26.788025,8.246923,0.906514,44.745394,1.469858,1.746531,22.767957,0.063744,0.125460,0.147034,18.917,0.176717,757.04,104.63,112.6,0.009191,0.990809,0,1
0.527973,4212.092336,0.388272,16.525059,52.963758,46.409392,8.191380,0.903455,48.190596,1.336291,1.403615,21.310100,0.056029,0.096991,0.103267,25.000,0.120750,830.50,80.62,113.0,0.009249,0.990751,0,1
0.511502,2819.489509,0.125199,12.826201,68.572302,38.498053,8.104531,0.706283,81.119009,1.528192,1.803738,29.047543,0.031686,0.049126,0.087700,15.366,0.091401,387.22,31.92,88.7,0.014720,0.985280,0,1
0.583142,3948.751653,0.377168,20.947704,62.173218,34.228922,7.856893,0.834650,56.097095,1.466521,2.073819,39.650375,0.039726,0.071963,0.097730,14.671,0.109516,601.51,55.26,104.5,0.009356,0.990644,0,1
0.212472,4509.010011,0.144824,19.366434,66.615787,38.867734,7.402186,0.653894,61.686849,1.586783,2.106669,27.619901,-0.050000,0.000000,0.000000,0.000,0.000000,0.00,0.00,82.2,0.009414,0.990586,0,1
0.649218,4108.131998,0.199165,19.385045,59.927649,35.726324,8.117551,0.751587,98.709226,1.631636,1.989144,24.346360,0.099321,0.061165,0.103007,12.729,0.111414,436.79,42.29,96.9,0.015037,0.984963,1,1
0.397516,6435.284377,0.372366,21.910251,69.709768,29.544587,7.940373,0.911590,92.223759,1.583358,1.727443,38.061826,0.036737,0.065279,0.095913,13.905,0.105002,607.24,54.75,116.0,0.011622,0.988378,0,1
0.694139,7228.964995,0.170387,17.870094,62.387920,18.888078,8.063568,0.737385,83.767375,1.541293,2.234274,29.628927,0.027831,0.045939,0.188471,4.673,0.228880,175.91,31.16,92.7,0.016555,0.983445,0,1
0.554668,5558.489737,0.381545,14.424892,79.648660,18.047054,8.098729,0.685487,50.736939,1.435563,2.164599,39.133028,0.053195,0.105545,0.139002,14.379,0.164059,509.42,66.56,84.8,0.006965,0.993035,0,1
0.580143,5657.355433,0.184182,23.321197,61.967567,26.642352,7.913754,0.879321,101.700243,1.441629,2.181576,38.907578,0.023255,0.037109,0.082857,9.574,0.088930,385.44,30.02,114.0,0.014407,0.985593,0,1
0.219555,6054.728461,0.247441,13.138224,72.369682,22.905748,8.169966,0.943996,89.290688,1.277623,1.375139,21.637960,0.036954,0.054457,0.062293,21.752,0.065958,807.68,47.29,118.0,0.013882,0.986118,0,1
0.330145,6622.633715,0.410766,21.574456,75.757282,38.251715,8.024402,0.846063,105.784812,1.291984,2.140446,33.987642,0.068014,0.036152,0.067475,11.818,0.070702,443.66,28.14,110.3,0.015041,0.984959,1,1
0.383568,4151.253428,0.189095,23.723982,70.443994,33.147449,8.194646,0.889680,74.950310,1.356311,1.756116,40.992417,0.030679,0.050879,0.068426,14.185,0.073229,647.46,41.65,111.3,0.009465,0.990535,0,1
0.311316,6874.803997,0.215861,11.539624,80.116075,38.653915,7.982459,0.655899,85.077193,1.447162,2.282655,39.264282,0.085598,0.047596,0.108363,12.374,0.114599,281.96,28.72,82.5,0.014648,0.985352,1,1
0.286859,5937.670425,0.316451,16.129642,76.090520,24.793568,7.453204,0.789601,78.037121,1.627367,2.349565,18.146495,0.011778,0.011403,0.036858,8.893,0.037842,239.10,8.28,98.1,0.009551,0.990449,0,1
0.704996,3482.224591,0.368080,11.869125,75.371564,22.543351,7.882931,0.798227,56.553325,1.571011,1.519211,23.863046,0.044699,0.080086,0.108695,17.000,0.123253,575.62,58.81,100.0,0.011701,0.988299,0,1
0.636657,5313.990681,0.102769,23.389227,66.980197,31.487945,7.948230,0.795933,78.640726,1.496461,1.959838,40.500400,0.020875,0.034334,0.110593,5.762,0.123413,241.84,25.14,99.8,0.011933,0.988067,0,1
0.564116,3314.001247,0.404019,11.092581,73.407993,43.061715,7.568207,0.832446,80.170619,1.315802,1.764514,30.542565,0.050810,0.082948,0.100494,24.871,0.111018,672.49,63.53,101.9,0.013924,0.986076,0,1
0.661744,5486.905351,0.346686,12.689873,58.530495,47.259564,8.275076,0.885235,75.452050,1.333711,1.307228,34.699350,0.257774,0.181028,0.195705,25.000,0.277230,801.42,147.43,110.8,0.010012,0.989988,1,1
0.472825,6737.458397,0.084856,18.972299,76.636586,38.709319,7.702052,0.741486,46.132840,1.449918,1.658127,36.427633,0.031093,0.055668,0.140677,7.592,0.168260,287.18,37.98,93.0,0.009218,0.990782,0,1
0.377950,4788.485581,0.209877,18.491099,60.784003,43.359264,7.687586,0.833558,42.080502,1.471782,2.124128,26.695764,0.021052,0.032548,0.091930,8.056,0.103367,288.84,24.96,104.4,0.011429,0.988571,0,1
0.494006,5284.278547,0.267361,20.821221,73.545201,44.149218,7.776115,0.788056,104.898056,1.694732,1.526153,20.594342,0.026233,0.042219,0.082709,11.317,0.087085,393.70,30.61,107.6,0.012420,0.987580,0,1
0.360987,2975.521836,0.391621,15.789189,76.303706,21.108139,8.243663,0.645593,51.464214,1.393105,1.485038,25.128616,0.025886,0.038957,0.051281,14.367,0.054205,480.01,23.14,81.2,0.004647,0.995353,0,1
0.449624,5708.361154,0.090037,13.416824,51.874967,46.171037,7.544011,0.636976,64.157116,1.408361,1.669720,32.712505,0.057430,0.108557,0.148269,18.384,0.172444,456.45,63.62,80.1,0.009373,0.990627,0,1
0.181726,5198.256174,0.429667,21.670917,53.352545,32.531511,8.052414,0.711599,72.532737,1.651159,2.081635,25.856652,0.009071,0.009820,0.032951,6.060,0.033501,207.55,6.43,89.3,0.009515,0.990485,0,1
0.443329,2306.019989,0.411464,20.242734,51.199973,35.210493,8.297827,0.731081,48.107976,1.253930,1.692106,22.106583,0.026212,0.037000,0.046369,16.120,0.048571,570.96,24.89,91.7,0.009246,0.990754,0,1
0.710686,4648.392056,0.218975,18.084064,51.692008,32.551390,7.922295,0.625682,102.284320,1.682877,1.901631,31.025322,0.078341,0.047023,0.112006,8.744,0.121740,257.09,27.07,78.7,0.015046,0.984954,1,1
0.221971,6821.921314,0.352576,10.748027,73.128000,32.388906,7.447175,0.648492,63.434517,1.261007,1.357877,21.073961,0.045127,0.076953,0.094110,20.161,0.103253,518.99,45.91,81.5,0.009413,0.990587,0,1
0.457241,5827.070176,0.248856,23.260955,63.874826,34.120203,8.327985,0.868842,60.107999,1.370083,1.828740,35.708672,0.018287,0.028569,0.104431,5.315,0.117345,232.63,22.84,108.7,0.011745,0.988255,0,1
0.327550,2688.076327,0.351893,19.910138,74.766731,42.817012,7.758163,0.626876,65.059373,1.589216,1.470336,39.463151,0.017155,0.022475,0.038682,10.924,0.039924,356.47,12.96,78.9,0.009450,0.990550,0,1
0.513532,4856.121857,0.261155,20.403269,79.522896,45.969357,7.966163,0.650596,42.787103,1.734449,2.021605,40.737869,0.045252,0.089746,0.128318,11.648,0.149538,445.35,53.72,81.8,0.009156,0.990844,0,1
0.514802,6938.923933,0.191952,18.287668,75.514785,42.612281,7.646946,0.818154,81.071868,1.455331,2.338295,36.021605,0.028605,0.046350,0.098894,11.563,0.108517,375.30,34.89,102.4,0.014103,0.985897,0,1
0.461520,5262.724988,0.130119,16.914378,76.945509,23.152320,8.347264,0.693895,70.967816,1.257930,1.542565,28.723055,0.032782,0.059825,0.123084,9.207,0.139431,330.09,38.19,87.2,0.011849,0.988151,0,1
0.294015,6018.888002,0.308985,19.056615,57.036931,24.943145,8.001375,0.907509,105.251010,1.488255,1.558501,29.683350,0.033697,0.054181,0.074082,16.515,0.078528,649.60,45.24,118.8,0.013899,0.986101,0,1
0.344672,4686.820182,0.262240,20.699114,56.294168,33.674087,8.378328,0.849549,97.466394,1.718630,1.407571,41.582645,0.015336,0.020629,0.071000,7.331,0.071185,241.58,16.12,113.8,0.016878,0.983122,0,1
0.699074,2492.209610,0.173783,21.011719,73.793530,29.081760,7.387372,0.774106,100.375811,1.377998,2.258307,32.820220,-0.050000,0.000000,0.000000,0.000,0.000000,0.00,0.00,101.0,0.016697,0.983303,0,1
0.242520,6257.394008,0.223576,11.641760,74.217839,19.209342,8.122244,0.797931,103.862588,1.591596,1.549768,25.029827,0.042130,0.070076,0.085147,19.903,0.091914,642.73,51.44,100.0,0.015021,0.984979,0,1
0.625820,7800.000000,0.260553,18.690300,55.870763,19.593367,8.054965,0.660536,66.153116,1.308717,2.400000,41.224562,0.024345,0.038745,0.180505,3.786,0.220020,138.76,23.54,83.0,0.014180,0.985820,0,1
0.473787,7481.588790,0.080000,18.173576,61.853685,19.999934,8.167556,0.931805,43.991137,1.381767,2.279569,20.858280,0.041283,0.077434,0.143334,11.082,0.172204,492.68,66.38,116.5,0.009178,0.990822,0,1
0.599650,5636.042484,0.190120,18.382276,77.197093,44.634203,8.261506,0.876989,91.948482,1.724013,1.913567,28.379010,0.032527,0.056760,0.148194,8.725,0.171717,328.75,45.80,109.8,0.014314,0.985686,0,1
0.648712,5188.921074,0.123417,15.237210,80.803456,37.623822,7.979851,0.786720,68.283396,1.395213,2.316137,38.360146,0.064420,0.129300,0.169688,16.474,0.205841,586.72,93.59,96.5,0.009412,0.990588,0,1
0.720000,5702.019695,0.244861,14.253670,58.728660,22.694020,7.550134,0.639495,69.719543,1.513372,2.357917,27.710413,0.028648,0.047758,0.124239,9.288,0.139469,240.60,28.10,79.8,0.007122,0.992878,0,1
0.649476,4192.982100,0.298051,14.181677,67.760122,29.400004,7.867839,0.911665,102.326085,1.503529,1.577532,36.031475,0.045206,0.080222,0.122403,16.805,0.138360,584.78,67.28,114.7,0.012260,0.987740,0,1
0.552032,5540.150352,0.303098,18.865930,73.913242,24.505831,7.959786,0.804757,42.000000,1.250000,1.737079,21.912676,0.051117,0.100957,0.132667,14.116,0.156150,599.38,74.75,100.9,0.009141,0.990859,0,1
0.579609,5619.403395,0.326028,13.158977,81.199887,19.724032,7.951334,0.853244,81.110196,1.680152,1.840779,31.057035,0.058783,0.113612,0.139816,18.323,0.162736,678.58,89.18,105.5,0.013869,0.986131,0,1
0.400537,4718.820653,0.268523,10.000000,54.366898,19.385355,7.350000,0.717314,77.753994,1.586689,2.380686,27.687781,0.028202,0.037886,0.070842,17.024,0.074396,375.45,25.00,84.3,0.009706,0.990294,0,1
0.617230,5384.555922,0.213102,13.622515,51.507731,27.815271,7.708708,0.924200,78.551173,1.532301,2.400000,40.225440,0.057412,0.104973,0.142375,20.505,0.166516,666.91,89.25,108.1,0.009358,0.990642,0,1
0.314113,7800.000000,0.194993,13.490190,76.098057,40.879822,8.007831,0.684387,106.566636,1.530324,2.369457,35.029452,0.037401,0.063157,0.105367,15.353,0.114244,401.49,39.77,84.9,0.014885,0.985115,0,1
0.661552,4756.852411,0.121733,17.610078,50.687635,35.518035,8.342043,0.829172,73.879482,1.317266,1.349851,37.661312,0.069621,0.140636,0.170592,18.188,0.206389,669.03,107.28,105.8,0.009421,0.990579,0,1
0.720000,2613.800788,0.319621,17.133908,67.594102,28.533621,7.652462,0.796638,42.000000,1.677456,2.216496,36.084788,0.040048,0.070645,0.088456,16.355,0.099760,622.70,51.78,98.5,0.009141,0.990859,0,1
0.448973,4181.410559,0.309524,10.829865,78.985645,48.000000,7.577429,0.913157,80.416393,1.552721,1.458989,23.219578,0.048851,0.082382,0.105791,21.429,0.146838,695.96,69.21,113.9,0.011206,0.988794,0,1
0.588502,6640.140320,0.319565,16.466830,69.049540,30.914406,7.867065,0.630839,51.432122,1.250000,1.747373,27.324595,0.068198,0.143793,0.204195,12.205,0.257784,434.78,83.45,79.4,0.009298,0.990702,0,1
0.718734,2953.763297,0.449961,20.110208,54.269302,26.319591,8.136741,0.782487,84.293547,1.282277,2.400000,31.563894,0.011720,0.015362,0.070438,4.751,0.074675,167.02,11.06,98.4,0.014174,0.985826,0,1
0.586301,7007.156528,0.450000,13.056712,63.845289,33.345220,8.040620,0.675000,76.955903,1.391821,2.133817,30.902313,0.057969,0.114041,0.193703,13.292,0.237626,388.94,70.82,84.8,0.009461,0.990539,0,1
0.553891,6462.417026,0.131151,14.992144,76.805825,35.639997,8.417804,0.910671,59.002659,1.614508,1.711450,32.159832,0.075673,0.154099,0.181624,19.265,0.226235,756.22,129.11,112.5,0.009374,0.990626,0,1
0.372296,7088.151598,0.222167,11.028467,79.618128,32.204338,7.854015,0.628717,87.677065,1.347364,2.179594,42.000000,0.148591,0.097592,0.143406,16.451,0.165627,418.76,56.45,77.5,0.015025,0.984975,1,1
0.642986,7800.000000,0.450000,15.519940,65.950711,32.747230,7.650554,0.620000,77.628069,1.452799,1.332922,27.003046,0.049508,0.095811,0.227557,7.941,0.288874,255.49,54.65,79.5,0.011887,0.988113,0,1
0.480256,3462.551113,0.174644,16.827276,67.633140,38.511775,8.065849,0.715905,48.757307,1.509940,1.567354,25.398142,0.043463,0.078678,0.097244,16.693,0.108450,566.89,51.82,89.9,0.009258,0.990742,0,1
0.551893,5346.938983,0.273564,11.067284,78.468867,18.000000,8.139107,0.694670,44.623561,1.637482,2.126666,22.468893,0.065415,0.131474,0.161930,17.288,0.197357,552.02,84.02,83.9,0.009190,0.990810,0,1
0.679830,5702.915958,0.316176,18.599122,59.755501,23.139802,8.092083,0.834429,53.781439,1.423618,1.866172,21.226150,0.061332,0.124856,0.162967,14.752,0.195883,625.69,95.85,104.5,0.009326,0.990674,0,1
0.322744,5907.330277,0.238649,13.253096,53.251330,30.343917,8.075357,0.700049,100.453639,1.480075,1.848089,42.000000,0.045220,0.079131,0.105996,18.450,0.117217,511.50,50.96,87.9,0.014801,0.985199,0,1
0.238877,7487.052819,0.375266,20.427963,76.059136,44.395162,8.175205,0.950000,53.794247,1.270377,2.075422,21.042305,0.013868,0.018234,0.062065,6.877,0.066753,273.16,15.94,118.8,0.013994,0.986006,0,1
0.550124,7151.074974,0.198444,13.517818,76.598332,48.000000,7.795034,0.813102,95.984739,1.250000,1.801639,28.790244,0.160270,0.104345,0.178305,16.709,0.206061,465.71,78.06,101.9,0.014822,0.985178,1,1
0.641483,5673.071451,0.083820,17.446147,76.559575,30.504740,8.369552,0.836764,92.945022,1.534536,2.386419,38.736144,0.032077,0.056364,0.154422,7.839,0.181362,298.92,43.39,104.8,0.014311,0.985689,0,1
0.653515,7373.974505,0.229705,12.860557,62.821212,34.009777,7.585582,0.808995,66.758522,1.379349,2.026122,35.016713,0.088582,0.184245,0.239910,18.461,0.318282,608.07,137.13,98.4,0.009421,0.990579,0,1
0.278721,7253.987705,0.418635,11.136126,54.091195,28.529104,7.923283,0.788812,101.941462,1.715710,2.400000,40.629178,0.043525,0.069486,0.097271,21.418,0.106314,551.50,50.43,91.8,0.014902,0.985098,0,1
0.613832,4696.293065,0.173167,16.819993,61.247842,36.945900,8.267174,0.821496,64.794674,1.644995,1.892765,30.961387,0.064897,0.129241,0.156462,18.105,0.186323,664.14,97.68,102.9,0.009395,0.990605,0,1
0.338957,7666.956653,0.348687,17.500278,82.000000,31.267652,7.582507,0.898815,63.285372,1.504464,1.320346,37.171738,0.045771,0.083324,0.102653,17.307,0.115599,714.05,68.90,112.4,0.009425,0.990575,0,1
0.669917,5942.994217,0.343431,13.085789,50.810047,21.952828,8.156338,0.678198,74.172794,1.310108,1.551598,39.047714,0.066550,0.135871,0.204640,13.790,0.257997,440.71,84.78,85.3,0.011775,0.988225,0,1
0.613874,4140.957627,0.202667,12.391975,66.854705,44.223639,8.029143,0.921053,83.132997,1.315574,1.516630,37.693580,0.052608,0.095173,0.147895,17.857,0.189742,580.10,80.65,115.6,0.012138,0.987862,0,1
0.553021,5499.790341,0.080000,14.243891,66.380346,39.775148,8.365074,0.747252,90.261857,1.377841,2.399124,40.679828,0.057824,0.110973,0.167762,16.524,0.194257,483.78,76.29,91.8,0.014694,0.985306,0,1
0.577044,7510.258478,0.327867,17.136926,79.160116,28.379431,7.350000,0.838956,110.000000,1.517386,1.855847,32.913186,0.023780,0.036217,0.099536,9.725,0.107835,298.77,27.95,105.1,0.014639,0.985361,0,1
0.558515,6682.331304,0.245656,10.000000,53.170618,18.076396,8.274799,0.668985,107.046072,1.601938,2.349398,23.374761,0.075422,0.152830,0.211288,17.667,0.260627,473.60,94.06,80.4,0.014826,0.985174,0,1
0.306336,6678.126495,0.176703,14.458970,52.005424,47.193061,8.379009,0.871128,85.132048,1.669049,1.959825,23.515902,0.038931,0.059958,0.120425,18.151,0.133446,424.50,48.05,109.0,0.014571,0.985429,0,1
0.237350,7529.198575,0.240434,12.263095,82.000000,33.983160,8.044244,0.620000,104.474812,1.669413,2.299278,35.709034,0.021722,0.030868,0.084597,10.588,0.081322,221.41,17.61,78.0,0.017121,0.982879,0,1
0.521010,3704.866059,0.168503,12.129048,53.471934,36.009950,8.415856,0.725092,105.263623,1.525513,1.906486,28.591091,0.043194,0.066751,0.117507,21.304,0.116301,403.13,44.53,91.0,0.017094,0.982906,0,1
0.583134,7800.000000,0.181148,13.074395,78.295171,39.815922,7.830839,0.680277,86.479684,1.311367,1.757584,31.175341,0.079610,0.165773,0.236464,15.277,0.305364,466.76,103.75,85.5,0.013597,0.986403,0,1
0.250554,5428.684507,0.141790,13.022782,51.310977,44.670628,7.594532,0.782987,99.732305,1.275412,1.697775,38.879831,0.030408,0.035828,0.062468,21.776,0.062569,439.52,25.81,98.1,0.014677,0.985323,0,1
0.492823,6551.448378,0.137916,17.305303,51.469696,33.155715,8.119367,0.663143,104.370113,1.435470,2.054666,22.662097,0.071818,0.040552,0.120959,8.265,0.126477,217.59,24.74,83.4,0.014425,0.985575,1,1
0.657587,7800.000000,0.114625,15.898556,60.086234,29.481536,8.081478,0.631652,60.487803,1.714980,1.504693,25.003050,0.088853,0.192838,0.278055,11.683,0.385435,428.75,112.06,79.5,0.009402,0.990598,0,1
0.638635,4204.889453,0.088113,10.306133,68.632656,26.839194,8.435021,0.777065,82.490335,1.358588,1.724886,28.654761,0.044621,0.081095,0.166284,12.606,0.196999,370.90,57.97,97.4,0.016852,0.983148,0,1
0.310400,7179.614360,0.197119,12.554280,51.859670,31.249575,8.349686,0.899324,99.167323,1.613665,2.014484,35.395824,0.056209,0.097724,0.129122,23.399,0.143633,666.16,80.85,108.6,0.014746,0.985254,0,1
0.504257,2834.789543,0.107228,16.445211,77.736528,30.830161,8.142301,0.808469,97.364022,1.361220,1.300000,36.953029,0.036373,0.060030,0.075697,17.294,0.081242,627.49,44.65,106.9,0.013633,0.986367,0,1
0.455967,6141.568691,0.385671,15.618887,70.508817,37.621148,7.755178,0.879244,56.694766,1.250000,1.695815,31.717965,0.045986,0.082616,0.114439,17.193,0.130784,621.24,66.83,110.0,0.011703,0.988297,0,1
0.629994,5423.173404,0.380952,16.037271,54.189507,39.590189,8.086732,0.645130,81.749857,1.396095,2.113201,37.386512,0.027876,0.046532,0.168002,5.890,0.197312,174.88,27.62,81.8,0.014342,0.985658,0,1
0.552439,7659.569933,0.255283,10.370848,64.360714,45.556315,8.218396,0.651708,57.518135,1.699890,1.776457,20.025582,0.115346,0.248617,0.283413,21.181,0.397725,559.53,149.06,80.6,0.009301,0.990699,0,1
0.505893,4775.664222,0.285304,15.185458,52.084968,31.799545,7.983421,0.667982,89.932881,1.386376,2.325304,39.004252,0.092358,0.054161,0.105328,12.621,0.113209,336.17,33.28,84.0,0.015037,0.984963,1,1
0.525320,5747.303251,0.170372,15.596150,52.151479,24.755830,8.381394,0.915276,99.067941,1.697466,1.946932,26.620381,0.183319,0.125089,0.151381,19.531,0.176439,740.22,105.33,114.5,0.015026,0.984974,1,1
0.544383,6559.787474,0.277255,19.886308,80.185127,40.749305,7.720063,0.822231,50.245640,1.513874,2.158537,39.896968,0.048405,0.094857,0.153486,11.880,0.185123,497.34,71.76,103.0,0.011602,0.988398,0,1
0.616801,5836.786810,0.263409,13.354713,51.813907,35.887786,8.290187,0.877007,51.082029,1.645890,1.607634,30.746434,0.088874,0.180207,0.195551,24.058,0.248923,790.99,145.40,107.9,0.009288,0.990712,0,1
0.596692,7367.904070,0.207443,10.000000,73.478546,42.103251,7.783084,0.790014,100.563868,1.680517,2.381925,36.423785,0.073390,0.140646,0.204783,21.282,0.252304,531.04,102.22,89.0,0.012576,0.987424,0,1
0.509510,5922.950681,0.153693,10.000000,77.094118,36.315978,7.940752,0.771855,106.672120,1.659042,1.749172,29.169075,0.048886,0.082642,0.155997,19.053,0.161154,400.20,58.68,96.8,0.014698,0.985302,0,1
0.571862,6010.044430,0.125483,15.550555,73.273360,32.839935,7.593607,0.631245,58.522651,1.304037,1.834341,34.781662,0.031968,0.056974,0.160773,6.922,0.191453,218.94,33.09,79.4,0.011731,0.988269,0,1
0.518820,5212.795127,0.313309,10.920922,50.891912,32.590803,8.225020,0.633818,68.570860,1.491170,2.332228,35.341652,0.076187,0.153078,0.183830,20.423,0.226151,516.56,89.26,76.4,0.010009,0.989991,0,1
0.560665,5643.389813,0.222480,15.259156,56.118862,29.906541,7.916168,0.620000,86.161955,1.608075,1.850641,39.173207,0.048605,0.094327,0.153019,12.602,0.177507,374.06,53.80,80.8,0.013695,0.986305,0,1
0.619555,3991.428292,0.290198,19.094426,51.670586,43.105129,8.450000,0.719825,90.336699,1.717031,1.997650,25.035111,0.102761,0.063546,0.124868,11.915,0.134884,358.53,42.08,90.4,0.014405,0.985595,1,1
0.669668,7748.200438,0.336413,13.848061,56.075141,33.742024,7.583893,0.725693,101.699943,1.665463,1.300000,38.458948,0.221666,0.159522,0.239049,15.340,0.308498,473.97,106.50,91.1,0.012538,0.987462,1,1
0.390827,6294.952654,0.340093,14.255078,79.373873,20.189576,7.901840,0.946242,80.306939,1.649539,1.767794,30.323947,0.039708,0.068440,0.095524,16.567,0.105871,663.53,59.58,118.0,0.011668,0.988332,0,1
0.641336,7610.605571,0.266816,12.671450,52.527108,20.030136,8.229870,0.698450,93.836591,1.621555,2.236449,32.460253,0.069640,0.141114,0.243887,12.899,0.313686,395.53,90.68,87.7,0.014608,0.985392,0,1
0.716312,6283.403527,0.391707,17.575982,51.935098,19.368347,8.174961,0.705616,49.747300,1.502587,1.698085,39.368688,0.049034,0.097340,0.190750,8.966,0.239117,352.42,63.19,88.6,0.011590,0.988410,0,1
0.360581,5346.530473,0.301273,17.154972,80.070372,39.041377,8.048376,0.667028,50.068814,1.409659,1.811177,28.114755,0.043270,0.081456,0.106901,14.403,0.120330,497.45,49.99,83.8,0.009278,0.990722,0,1
0.583525,5347.312499,0.304929,19.435291,50.000000,28.995149,7.925163,0.620000,99.295269,1.608157,1.846727,29.162775,0.058058,0.032618,0.094170,6.940,0.100671,210.18,18.61,86.7,0.014444,0.985556,1,1
0.262173,5623.854334,0.234453,11.522052,52.922237,37.485074,8.014022,0.669071,82.106779,1.465073,2.320917,28.304191,0.035370,0.051680,0.085426,19.508,0.088179,396.15,31.81,84.1,0.014739,0.985261,0,1
0.425143,6003.550114,0.225073,18.090938,81.890360,31.904077,8.131054,0.689402,79.071656,1.453055,1.808269,39.542280,0.016829,0.024936,0.125516,3.691,0.143085,134.05,15.82,86.7,0.014266,0.985734,0,1
0.682174,4959.293718,0.235019,14.943764,55.896788,29.342416,8.300361,0.684529,79.220688,1.506649,1.918212,24.592930,0.071525,0.148333,0.194778,15.435,0.239281,510.21,93.42,87.1,0.009291,0.990709,0,1
0.709642,5163.697404,0.359754,10.000000,68.608864,48.000000,7.389272,0.775111,54.435654,1.669803,1.817752,32.439365,0.093479,0.188295,0.214415,25.000,0.290899,666.20,134.27,91.4,0.009319,0.990681,0,1
0.642640,5991.347662,0.266433,18.499720,65.034968,36.452320,8.073626,0.625275,44.805386,1.409541,2.220893,33.277045,0.032404,0.057230,0.198141,4.743,0.250365,176.76,32.92,78.7,0.011493,0.988507,0,1
0.353456,7599.501578,0.389240,21.245833,82.000000,35.373716,7.761690,0.862301,92.768627,1.409584,2.307590,39.909360,0.007400,0.007682,0.064498,2.783,0.068388,100.53,6.09,109.2,0.016720,0.983280,0,1
0.548037,7800.000000,0.253682,13.611603,66.012529,44.638809,7.883874,0.630364,46.152637,1.448732,1.300000,22.739561,0.056614,0.110318,0.252337,8.808,0.340871,269.72,63.98,79.3,0.013828,0.986172,0,1
0.609236,6544.572034,0.116309,15.004416,72.876269,20.871746,7.942791,0.656787,61.119314,1.263589,1.642413,18.000000,0.037525,0.067452,0.218547,5.559,0.278985,198.40,40.76,82.6,0.014107,0.985893,0,1
0.464378,7243.825063,0.080000,15.154067,57.367575,46.993728,7.427217,0.690359,61.145870,1.392535,1.631693,33.535862,0.058183,0.112585,0.163723,16.381,0.194823,464.63,71.51,86.7,0.009434,0.990566,0,1
0.394472,7285.377312,0.091006,10.022490,51.769696,24.346443,8.035184,0.627483,96.105679,1.581178,2.248073,27.102977,0.050818,0.091571,0.160935,16.798,0.178799,349.44,52.86,79.0,0.014606,0.985394,0,1
0.634508,5183.499973,0.308453,13.675275,56.322279,31.647150,7.819431,0.901773,80.270658,1.311662,1.353790,33.129444,0.071349,0.138660,0.158357,22.487,0.188798,772.81,115.04,112.8,0.013754,0.986246,0,1
0.616930,6683.405224,0.190094,12.108817,66.044543,39.197347,8.176058,0.786220,101.374805,1.549681,1.693693,38.628944,0.067986,0.129172,0.227466,18.179,0.262933,436.97,93.43,98.5,0.017048,0.982952,0,1
0.720000,7176.702692,0.102459,12.822698,57.696585,31.229360,7.626437,0.640435,99.026425,1.317759,2.293431,29.385451,0.082607,0.046004,0.166603,7.943,0.184709,173.08,27.11,80.6,0.014457,0.985543,1,1
0.685084,3634.271625,0.308511,12.583782,50.863069,38.194585,7.667899,0.752364,99.157468,1.394013,1.424000,33.405261,0.056903,0.101614,0.133109,22.149,0.150433,562.13,70.33,94.4,0.014913,0.985087,0,1
0.705402,5415.800950,0.262468,10.840125,62.470974,48.000000,8.262661,0.904259,73.614344,1.581805,1.869567,38.472857,0.311641,0.225801,0.248091,25.000,0.399812,805.50,187.85,104.7,0.009899,0.990101,1,1
0.606821,6421.405647,0.199689,10.003438,75.169099,40.264888,8.228086,0.843828,57.401015,1.591824,2.318348,28.742452,0.062473,0.119563,0.234513,13.827,0.312908,421.06,92.82,105.7,0.011667,0.988333,0,1
0.497989,6944.374017,0.311131,16.492606,63.264540,36.744453,7.947257,0.620000,75.471174,1.367086,1.300000,29.305942,0.063379,0.131255,0.190237,12.665,0.231944,418.67,74.87,79.5,0.009459,0.990541,0,1
0.695619,6597.014041,0.350704,13.975480,65.751359,21.391337,8.088544,0.638387,77.773137,1.554100,2.057261,33.402406,0.066577,0.137452,0.233041,11.023,0.301951,368.52,80.73,80.3,0.009430,0.990570,0,1
0.720000,3905.351811,0.321851,12.650653,56.553577,30.500502,8.153533,0.835568,52.442527,1.640237,1.802569,21.362809,0.040378,0.071573,0.138880,13.082,0.162988,421.45,55.02,104.6,0.011638,0.988362,0,1
0.373239,7800.000000,0.148386,12.974326,60.802679,41.788215,8.450000,0.950000,65.080722,1.737848,1.666979,26.595616,0.084836,0.168172,0.181450,25.000,0.242501,861.75,146.98,116.1,0.009349,0.990651,0,1
0.609466,6639.982315,0.118735,10.000000,50.000000,47.122543,8.277782,0.632387,42.572923,1.457071,1.752382,22.053347,0.064614,0.121455,0.314915,9.523,0.472942,238.71,70.66,79.6,0.013730,0.986270,0,1
0.583160,7313.537961,0.144232,13.781644,65.032979,38.124480,8.283806,0.881320,93.282566,1.397068,2.400000,39.441934,0.085137,0.174484,0.217254,20.141,0.277536,692.76,141.47,104.8,0.014689,0.985311,0,1
0.578794,4765.832012,0.328425,17.202691,50.000000,32.285237,8.424138,0.620000,45.574387,1.367101,1.947306,30.104712,0.057205,0.116411,0.156186,13.536,0.186597,452.28,66.40,78.0,0.009201,0.990799,0,1
0.693033,7274.256542,0.184534,12.989414,51.486149,25.834573,7.659808,0.931924,81.806020,1.638497,2.056149,28.808062,0.083362,0.168834,0.220644,20.212,0.281701,697.92,144.75,112.5,0.013672,0.986328,0,1
0.720000,6116.649676,0.120073,11.593833,50.000000,19.287006,8.317821,0.866496,99.571191,1.367072,1.856067,31.695657,0.274618,0.202369,0.240886,20.139,0.317509,712.46,161.32,105.8,0.015026,0.984974,1,1
0.236231,7489.252535,0.307225,13.888200,80.376649,22.251552,8.396188,0.681859,66.614119,1.552176,2.168289,31.269438,0.029227,0.049698,0.091791,11.210,0.101060,361.32,31.18,85.7,0.011810,0.988190,0,1
0.543637,4240.286190,0.358698,15.144469,53.360824,44.997186,8.078360,0.907121,47.202409,1.353459,1.468927,36.356292,0.037505,0.063173,0.117568,14.286,0.150162,477.05,52.72,113.5,0.011544,0.988456,0,1
0.657366,5743.827692,0.187679,15.004722,53.406944,36.750564,7.729870,0.748084,82.403508,1.510039,2.400000,41.603989,0.040188,0.071118,0.142694,12.859,0.164278,364.91,48.95,95.0,0.015036,0.984964,0,1
0.720000,5425.452122,0.098004,13.387735,53.833299,41.761887,8.320407,0.807635,50.947834,1.273123,1.546457,31.361183,0.103798,0.219234,0.243990,22.277,0.331468,710.25,162.90,100.3,0.009286,0.990714,0,1
0.683519,5725.823681,0.091895,17.633535,58.326905,25.544980,8.039771,0.620000,64.050015,1.735102,1.752793,25.704284,0.060515,0.125910,0.196119,10.809,0.242078,389.58,71.82,78.0,0.009440,0.990560,0,1
0.666477,5610.250977,0.403798,10.650616,68.192044,47.843366,7.494676,0.912945,53.578761,1.593555,2.355409,39.324252,0.074673,0.143073,0.199794,21.429,0.285979,639.85,120.17,113.9,0.011698,0.988302,0,1
0.584798,7075.600569,0.269363,11.081683,74.523901,43.766075,7.895186,0.658785,61.184289,1.709512,1.384049,36.722158,0.059363,0.114917,0.250224,10.570,0.338333,296.11,69.65,82.8,0.011734,0.988266,0,1
0.641928,7486.231451,0.121708,15.266892,50.000000,31.614227,8.423758,0.930990,110.000000,1.319256,1.443966,42.000000,0.097905,0.206811,0.245900,20.082,0.327003,766.34,177.14,116.4,0.014624,0.985376,0,1
0.581533,4817.233165,0.307863,12.820525,64.973610,23.516778,7.589721,0.758527,94.823499,1.574821,2.400000,38.481612,0.015747,0.020752,0.093954,6.382,0.098959,163.97,14.48,95.1,0.016842,0.983158,0,1
0.644015,5586.431191,0.296045,16.825597,64.544967,37.906636,7.557118,0.780362,67.011959,1.530826,1.698987,31.054847,0.020742,0.030664,0.156073,4.370,0.184361,150.06,22.01,97.8,0.014199,0.985801,0,1
0.403472,5723.567663,0.299940,15.619513,55.806713,24.738385,7.685339,0.639948,72.990756,1.409808,2.039318,27.805808,0.017680,0.026418,0.089047,6.569,0.095898,185.82,15.55,80.5,0.011905,0.988095,0,1
0.611497,6516.656122,0.080000,17.748296,52.507747,33.182080,8.196549,0.803148,110.000000,1.443012,1.885483,23.539000,0.058631,0.115617,0.170422,15.148,0.199254,533.28,85.43,100.6,0.014781,0.985219,0,1
0.720000,6059.631471,0.204528,15.504278,72.977622,42.310694,7.695909,0.792995,74.759806,1.639049,2.261978,42.000000,0.058635,0.114269,0.175775,15.340,0.212929,504.55,83.37,97.6,0.009575,0.990425,0,1
0.541454,5312.454883,0.311169,11.309314,79.780547,19.588496,8.246114,0.645523,78.589243,1.675568,1.847709,21.255006,0.041885,0.077732,0.150338,11.468,0.174383,326.67,46.16,81.2,0.011946,0.988054,0,1
0.568155,6791.273969,0.177658,17.848132,50.000000,33.251542,8.075638,0.620000,110.000000,1.501780,1.896234,22.371339,0.099345,0.063392,0.140295,9.246,0.155929,274.19,36.16,78.0,0.014826,0.985174,1,1
0.344589,5556.760013,0.370083,16.816589,52.480995,34.383988,8.205261,0.916860,58.272347,1.603883,1.574645,28.821410,0.045262,0.074010,0.082349,22.553,0.090358,806.48,62.43,114.7,0.009376,0.990624,0,1
0.672318,4989.615765,0.102992,18.682530,61.617091,40.238037,8.043801,0.765963,49.308423,1.396511,1.513933,18.359038,0.041782,0.079024,0.170525,9.206,0.207485,347.41,55.69,96.0,0.009266,0.990734,0,1
0.698517,2325.305535,0.305850,10.000000,59.345079,39.205020,8.152024,0.809322,60.162074,1.490939,1.953608,20.146255,0.059060,0.103319,0.112570,25.000,0.160484,727.00,76.93,95.0,0.009250,0.990750,0,1
0.602682,7800.000000,0.265520,16.391031,72.423174,33.190942,7.988646,0.636401,55.253400,1.250000,1.601082,22.615398,0.080127,0.172428,0.246814,11.819,0.328088,435.14,100.95,80.1,0.009345,0.990655,0,1
0.632446,3614.853754,0.081656,20.138240,63.001493,18.000000,8.101830,0.628035,99.237144,1.369730,2.071321,19.486081,0.041485,0.021004,0.064852,6.303,0.067183,199.07,12.14,81.5,0.014333,0.985667,1,1
0.549073,7747.688839,0.187933,12.677017,57.770632,28.721316,8.071530,0.620000,106.188120,1.716789,1.300000,24.158678,0.097454,0.055280,0.220718,7.511,0.237371,151.98,31.53,78.0,0.016866,0.983134,1,1
0.390995,6872.228332,0.214781,10.886959,82.000000,38.541990,8.087148,0.676619,93.245158,1.494799,2.320834,21.231970,0.058344,0.109904,0.150674,18.923,0.172340,483.04,68.41,82.6,0.014787,0.985213,0,1
0.709368,6982.704098,0.297481,15.366253,65.365771,38.675037,8.303596,0.783571,65.376311,1.510700,1.563389,21.685313,0.091161,0.194468,0.241545,16.975,0.317960,617.43,140.19,98.2,0.007052,0.992948,0,1
0.631733,3856.676356,0.295691,15.407812,54.589101,29.820093,7.495917,0.818458,81.890803,1.376531,1.927610,34.759649,0.030615,0.048242,0.090118,14.052,0.097920,428.82,36.33,102.5,0.011672,0.988328,0,1
0.657839,7294.925260,0.130479,11.387769,50.000000,18.000000,8.108637,0.950000,104.962443,1.574453,1.537473,25.311608,0.053381,0.097928,0.218633,13.237,0.265556,416.46,85.59,118.8,0.016941,0.983059,0,1
0.685435,4957.263870,0.241141,13.500900,60.586229,30.510067,8.160441,0.620000,84.096838,1.636870,1.745569,35.233657,0.073035,0.152302,0.206758,14.742,0.258595,446.99,86.87,78.3,0.013392,0.986608,0,1
0.253924,6764.779303,0.445678,10.000000,64.679595,27.908272,7.460415,0.620000,90.420921,1.525952,2.308213,38.908714,0.075309,0.035722,0.069824,15.543,0.072873,310.44,20.38,75.1,0.015054,0.984946,1,1
0.527166,6509.054035,0.209852,10.000000,65.992021,34.271837,8.146442,0.772696,80.267219,1.390478,2.400000,35.678876,0.252390,0.179443,0.215481,22.332,0.276086,629.78,127.56,87.5,0.015018,0.984982,1,1
0.687567,7018.973421,0.155627,13.855973,63.084528,39.636801,8.208983,0.895013,85.140206,1.456553,2.400000,40.443204,0.274270,0.200767,0.247358,20.243,0.330710,710.98,165.31,105.8,0.015020,0.984980,1,1
0.651460,7800.000000,0.392443,15.622276,64.293747,29.318479,7.833028,0.659420,58.949366,1.282179,1.822226,42.000000,0.032810,0.055446,0.217342,4.851,0.280217,164.64,33.64,82.9,0.011737,0.988263,0,1
0.720000,7199.395311,0.248471,12.150670,58.229513,27.256624,7.368204,0.894820,56.736595,1.542210,1.777627,35.713695,0.070950,0.141327,0.242487,14.417,0.328836,510.43,116.35,112.0,0.009368,0.990632,0,1
0.506796,4222.356447,0.287736,15.173404,50.344820,34.312938,7.940392,0.788315,86.779462,1.304895,2.400000,39.035868,0.089435,0.048481,0.093421,14.744,0.099803,400.40,35.16,98.8,0.014611,0.985389,1,1
0.684117,4931.641346,0.286459,10.000000,61.342260,48.000000,8.279895,0.858653,51.435443,1.640138,1.968430,37.559449,0.067043,0.127099,0.242803,14.286,0.411399,439.91,100.40,107.2,0.011574,0.988426,0,1
0.631003,6345.388911,0.432014,18.653262,51.249978,45.544704,8.163528,0.620000,102.252230,1.503925,1.827612,20.017417,0.046910,0.021284,0.154112,3.445,0.160164,83.81,12.14,78.0,0.016789,0.983211,1,1
0.645451,4601.074846,0.307670,15.289814,50.000000,48.000000,7.669459,0.857883,67.281875,1.345709,2.061055,42.000000,0.055590,0.101862,0.148301,19.042,0.175490,576.70,80.39,107.1,0.009323,0.990677,0,1
0.540209,5909.812419,0.158462,10.045456,75.592832,35.207980,8.197939,0.723571,103.932225,1.577266,2.047240,32.282066,0.040302,0.064499,0.165389,15.521,0.159472,276.18,42.94,90.8,0.016842,0.983158,0,1
0.659633,5531.966201,0.223449,10.129905,56.034015,31.229602,8.440164,0.752066,79.512695,1.353582,2.010539,35.175106,0.283208,0.206672,0.233776,22.748,0.308452,650.72,143.00,89.3,0.007520,0.992480,1,1
0.720000,7781.235131,0.203731,11.357478,54.153960,24.159534,7.819711,0.912083,96.466893,1.649918,1.316295,39.399513,0.109764,0.234084,0.277211,20.931,0.387219,753.80,196.42,114.1,0.013457,0.986543,0,1
0.646829,7800.000000,0.450000,12.143056,50.279566,48.000000,7.503595,0.681891,51.557625,1.632024,2.227883,39.526223,0.075416,0.150989,0.253977,15.196,0.344403,396.76,94.72,85.7,0.009316,0.990684,0,1
0.635357,5339.545802,0.210831,14.280899,50.000000,18.000000,8.197922,0.648366,82.748089,1.548843,2.356484,23.977830,0.056840,0.113614,0.171312,13.487,0.202686,420.85,67.77,81.5,0.013485,0.986515,0,1
0.555773,6941.014239,0.193840,12.122439,50.000000,33.962263,7.448055,0.620000,70.785730,1.504789,1.915953,21.440420,0.020253,0.027793,0.169775,4.287,0.197928,99.34,15.85,78.0,0.014291,0.985709,0,1
0.680096,5774.988631,0.125459,15.375868,50.000000,26.168271,8.450000,0.663358,110.000000,1.250000,1.494662,39.529486,0.212056,0.155976,0.218108,13.812,0.275156,464.29,95.19,83.4,0.014624,0.985376,1,1
0.364756,4686.147987,0.254504,13.449150,82.000000,26.502758,8.438941,0.709380,93.696619,1.727796,2.160844,41.322870,0.123685,0.077474,0.099289,16.936,0.109933,541.75,50.56,88.2,0.015023,0.984977,1,1
0.720000,7236.346760,0.327736,13.276632,79.966908,44.967950,7.763685,0.734033,83.381351,1.273665,1.845659,30.350915,0.048366,0.089243,0.224729,9.768,0.285725,285.29,60.27,92.1,0.012049,0.987951,0,1
0.496220,5426.395447,0.318184,12.725778,70.141745,33.457723,8.019998,0.620000,61.913817,1.429155,1.482541,34.904155,0.033230,0.058774,0.147798,8.700,0.173618,241.31,33.52,78.0,0.011759,0.988241,0,1
0.563088,5093.554451,0.237111,12.606094,56.591733,21.296678,7.373654,0.949464,101.208409,1.511477,2.207516,38.940109,0.017545,0.022225,0.084171,8.785,0.089973,245.36,19.41,120.1,0.016995,0.983005,0,1
0.494568,7160.359756,0.146842,17.136339,69.478676,36.388361,8.000995,0.677141,89.206466,1.319188,1.602181,32.105941,0.055468,0.111417,0.169934,12.716,0.200908,434.52,69.41,90.3,0.013678,0.986322,0,1
0.574308,6998.791457,0.151889,15.049713,57.901637,35.684965,8.115549,0.628237,61.507658,1.412774,1.384369,29.861806,0.036588,0.064195,0.221063,5.664,0.283237,178.55,37.10,79.1,0.011768,0.988232,0,1
0.664406,4314.865256,0.270197,13.364750,75.538302,23.246834,7.611600,0.939426,49.010480,1.477762,1.331875,32.035272,0.057359,0.107878,0.123941,20.121,0.146192,800.28,93.24,117.5,0.009264,0.990736,0,1
0.604608,6566.360603,0.294059,12.443572,65.802423,20.410927,7.984210,0.680126,42.942653,1.557051,2.246646,24.155717,0.078789,0.165921,0.211024,15.695,0.272999,523.38,103.82,83.0,0.009159,0.990841,0,1
0.501234,6962.556268,0.099303,11.648484,58.967052,30.186482,7.683812,0.691102,97.888942,1.555283,2.045915,24.777994,0.041004,0.070780,0.153912,13.647,0.169179,311.06,45.00,86.8,0.014751,0.985249,0,1
0.461272,6583.895532,0.245502,12.279702,67.717184,44.775266,8.450000,0.721228,68.497411,1.546190,2.024169,18.058550,0.057439,0.110167,0.185251,15.064,0.224916,419.78,73.10,90.5,0.011665,0.988335,0,1
0.720000,6858.821608,0.235596,12.893549,56.017562,31.845069,7.580054,0.871056,96.278461,1.307962,2.400000,36.135002,0.102276,0.057997,0.163650,11.889,0.185228,302.13,46.48,109.0,0.017075,0.982925,1,1
0.504336,6563.520062,0.280438,17.518655,51.248773,32.273246,7.965430,0.622251,106.904910,1.625744,2.049837,30.385868,0.048674,0.024738,0.109143,5.333,0.113449,138.04,14.16,78.3,0.014621,0.985379,1,1
0.558841,7800.000000,0.179483,17.409327,51.435134,43.531718,8.029127,0.697130,77.614270,1.352109,1.455554,26.637936,0.080202,0.169359,0.232536,14.618,0.298758,496.93,108.62,92.4,0.009384,0.990616,0,1
0.685869,6667.247084,0.349370,12.414453,53.022432,20.239853,8.149494,0.681440,48.552858,1.597799,2.081872,32.387769,0.063322,0.127911,0.226406,11.480,0.298408,376.80,80.19,85.6,0.009255,0.990745,0,1
0.711256,7599.201086,0.298440,10.742046,63.580440,46.989917,8.190978,0.950000,84.122111,1.601440,1.713658,24.386148,0.094254,0.185072,0.284576,22.053,0.433836,604.68,161.75,118.8,0.016956,0.983044,0,1
0.616285,6766.110391,0.355152,17.045686,69.952077,19.033445,8.450000,0.862980,102.234785,1.269724,1.687992,30.533451,0.060669,0.122005,0.160149,15.497,0.188243,643.45,96.86,111.3,0.011234,0.988766,0,1
0.530687,4137.537032,0.269589,20.042106,50.000000,43.622989,8.035982,0.699738,107.169037,1.724263,1.830994,24.759343,0.071374,0.039261,0.077681,11.331,0.080922,346.14,25.27,87.9,0.014849,0.985151,1,1
0.366215,5200.985860,0.151020,16.911729,70.954017,38.449077,8.379050,0.950000,59.786714,1.502490,1.662201,24.471765,0.048795,0.085329,0.097531,20.965,0.108881,813.46,74.58,118.8,0.009386,0.990614,0,1
0.475298,4083.590141,0.130153,17.625362,50.000000,35.026872,7.985695,0.696988,109.474957,1.415283,2.048276,38.506232,0.027819,0.010348,0.070347,4.606,0.065807,100.34,6.64,87.5,0.016756,0.983244,1,1
0.646362,5240.314476,0.201869,16.280998,57.130836,32.013331,7.983220,0.704739,71.666294,1.506423,2.154198,22.718082,0.054917,0.108152,0.159981,14.224,0.187694,466.29,70.12,88.5,0.009401,0.990599,0,1
0.610896,7800.000000,0.191332,18.852090,62.431714,39.508594,8.258726,0.859799,75.633206,1.422936,2.400000,39.524962,0.030487,0.050624,0.193492,5.689,0.240602,220.17,40.04,107.7,0.014316,0.985684,0,1
0.603493,7513.923034,0.161870,13.779217,76.203251,48.000000,7.684279,0.819248,88.230665,1.259455,1.801774,28.530110,0.075770,0.152054,0.207957,18.730,0.258400,586.27,114.60,102.6,0.015019,0.984981,0,1
0.720000,5439.795267,0.222400,10.000000,64.616038,36.930300,8.262996,0.796027,105.687443,1.620041,2.201714,24.268905,0.091774,0.185600,0.227606,23.424,0.288888,635.31,135.92,93.0,0.015045,0.984955,0,1
0.670470,6120.998045,0.171511,17.585370,53.394681,21.807665,8.188326,0.844461,62.438700,1.408078,1.300000,36.303785,0.044575,0.084958,0.193074,8.633,0.242228,363.68,66.00,105.7,0.011772,0.988228,0,1
0.510485,6934.159173,0.172683,12.089619,66.751756,37.009004,8.118008,0.753046,103.185422,1.661189,2.335605,38.983587,0.066287,0.128784,0.178205,18.901,0.213738,532.63,89.22,90.5,0.014852,0.985148,0,1
0.679526,5531.885529,0.314149,16.358170,58.239490,31.857609,8.050854,0.671751,54.162020,1.517726,1.939823,23.062043,0.070460,0.147623,0.197545,14.011,0.246663,491.31,91.23,84.4,0.009333,0.990667,0,1
0.637582,6050.099903,0.259850,11.748932,70.247930,29.118873,8.224596,0.873523,102.439978,1.592343,2.400000,40.338481,0.076240,0.152126,0.193270,20.335,0.239272,672.94,122.25,101.5,0.012324,0.987676,0,1
0.720000,5188.300929,0.250742,13.720018,76.111124,31.882737,7.728971,0.739198,42.000000,1.250000,1.500942,42.000000,0.077499,0.161977,0.199296,16.577,0.258773,588.00,110.15,92.3,0.009141,0.990859,0,1
0.421928,5232.828081,0.261534,18.596393,78.034706,37.535372,7.572958,0.759618,89.566483,1.445109,1.926194,30.718842,0.011318,0.013860,0.059528,5.617,0.062048,173.10,9.69,97.9,0.014235,0.985765,0,1
0.296325,7358.993581,0.179115,14.294171,59.141576,29.907219,8.450000,0.666512,64.206860,1.739317,1.537399,30.112204,0.056678,0.110987,0.138539,16.713,0.161007,522.60,68.06,83.8,0.009395,0.990605,0,1
0.611436,7326.267115,0.150347,12.596990,51.353755,18.000000,7.556107,0.658497,103.466547,1.324840,2.095934,29.620850,0.110095,0.067988,0.151351,11.569,0.171513,289.51,41.19,82.8,0.015054,0.984946,1,1
0.720000,7677.564020,0.122408,12.333493,69.320578,43.857130,7.475401,0.818972,105.825256,1.283769,1.471602,35.222725,0.081426,0.163495,0.236565,19.041,0.303558,553.97,123.19,102.6,0.014932,0.985068,0,1
0.687904,7800.000000,0.205805,10.000000,65.817628,44.316162,8.026976,0.817107,64.271256,1.730007,1.814300,32.229271,0.134475,0.290758,0.320854,24.229,0.483243,724.71,218.57,96.3,0.009324,0.990676,0,1
0.576366,4669.791054,0.259957,12.136310,57.969875,29.844326,8.191645,0.703333,94.467817,1.426608,2.316158,42.000000,0.052744,0.097463,0.151571,17.122,0.171615,442.63,63.07,85.7,0.014785,0.985215,0,1
0.630053,4616.248907,0.221975,14.217057,55.338538,39.676718,8.084147,0.888596,93.113422,1.444418,1.947240,21.830939,0.067763,0.127312,0.152468,23.521,0.176423,726.20,104.08,109.8,0.014768,0.985232,0,1
0.720000,7385.384530,0.199717,12.994158,61.328595,28.004415,7.789374,0.949023,71.863210,1.364483,2.027098,39.006802,0.084617,0.174179,0.248092,17.146,0.336081,652.11,152.08,118.6,0.011837,0.988163,0,1
0.334944,3725.292347,0.160558,12.900813,82.000000,23.159808,8.450000,0.902352,88.030822,1.711076,2.280331,38.868172,0.037242,0.057265,0.067463,20.417,0.072766,749.65,47.54,107.8,0.013538,0.986462,0,1
0.637122,6945.547611,0.103771,12.535992,53.720442,45.341852,8.318870,0.847853,50.513043,1.443990,2.400000,37.928110,0.103936,0.216800,0.284406,20.467,0.411864,632.56,169.11,105.9,0.006968,0.993032,0,1
0.465434,4490.125263,0.314517,10.000000,50.000000,34.070451,8.211399,0.675678,72.255378,1.476255,2.400000,39.161708,0.041911,0.069613,0.144803,16.037,0.161904,317.92,43.27,84.6,0.014630,0.985370,0,1
0.653983,4979.202612,0.311135,10.424219,65.056251,45.778702,8.204037,0.915853,77.528839,1.536076,1.968754,37.806852,0.090339,0.179608,0.198564,25.000,0.315468,810.79,151.33,104.2,0.007418,0.992582,0,1
0.557486,7800.000000,0.214006,11.939175,52.505813,24.111175,7.937914,0.629475,100.464864,1.719897,1.880845,25.340629,0.110884,0.066339,0.215958,8.751,0.244181,189.25,38.42,79.2,0.017006,0.982994,1,1
0.629957,7447.683469,0.176934,20.034470,58.283136,36.471529,8.135462,0.712497,87.866507,1.664032,2.037807,26.062818,0.019899,0.029158,0.162949,3.517,0.190631,124.78,19.11,93.9,0.014170,0.985830,0,1
0.704606,5940.178134,0.302964,10.000000,68.041339,45.666536,8.281136,0.843136,42.000000,1.668612,1.871981,36.685441,0.106700,0.220784,0.245095,25.000,0.361633,743.35,171.26,92.7,0.009138,0.990862,0,1
0.714338,6468.130673,0.169268,11.177254,56.979315,29.419089,7.641971,0.947609,98.949758,1.427769,1.708977,36.282840,0.072823,0.140076,0.208723,20.470,0.258789,622.42,122.12,118.5,0.014690,0.985310,0,1
0.712651,6087.348992,0.281295,15.817885,65.832798,28.464059,8.127048,0.835532,56.653009,1.610098,1.757362,22.599967,0.076775,0.159948,0.198716,16.758,0.249874,658.22,122.95,104.6,0.009360,0.990640,0,1
0.536322,7800.000000,0.173736,12.611319,57.427201,29.984355,8.006583,0.865583,106.707866,1.522380,1.870351,36.089533,0.039370,0.063362,0.173791,13.979,0.181586,308.87,50.46,108.3,0.016947,0.983053,0,1
0.676118,7387.538830,0.280511,17.644052,78.327306,37.098643,7.916177,0.639762,81.620174,1.709539,1.576246,26.620775,0.061305,0.126417,0.218252,10.168,0.273566,362.68,74.41,81.6,0.011619,0.988381,0,1
0.559902,7364.953118,0.242107,13.631226,67.470763,48.000000,8.450000,0.930884,58.373704,1.345346,1.654438,20.108812,0.060680,0.116077,0.218699,14.249,0.282515,483.57,99.41,116.4,0.014023,0.985977,0,1
0.543538,5705.355880,0.235443,12.521774,52.651587,40.052397,8.232762,0.871151,55.412552,1.343095,1.361607,34.996761,0.090569,0.182424,0.195348,25.000,0.267896,796.21,146.21,107.9,0.009348,0.990652,0,1
0.703053,7188.473833,0.197777,10.086387,50.000000,22.617582,7.990186,0.701130,53.486773,1.621610,2.288158,39.234239,0.100372,0.212768,0.309066,15.411,0.461513,472.40,137.24,87.8,0.011652,0.988348,0,1
0.638750,7677.967763,0.184587,11.047179,60.342203,35.801697,7.572222,0.720638,70.925329,1.420604,1.900773,35.235894,0.066729,0.130369,0.255196,13.083,0.342588,360.31,86.43,91.1,0.011925,0.988075,0,1
0.451638,6884.625273,0.201920,12.083915,54.013128,36.007790,8.320055,0.669992,104.841885,1.505642,2.400000,35.687773,0.058797,0.109429,0.175932,18.277,0.198374,407.86,67.45,81.0,0.015119,0.984881,0,1
0.649310,6769.781275,0.255194,10.144260,50.000000,22.171582,7.787906,0.903664,98.732101,1.423097,1.885682,36.510400,0.251317,0.176884,0.218536,22.884,0.279533,715.87,147.06,106.5,0.015040,0.984960,1,1
0.630588,4366.430241,0.127905,13.058689,63.970565,40.683302,7.577751,0.820591,63.852737,1.309920,1.583557,30.946834,0.071815,0.139606,0.161246,22.458,0.194058,695.35,105.39,102.4,0.009404,0.990596,0,1
0.694026,6406.714152,0.169799,10.349148,51.384792,32.912946,8.450000,0.874238,101.665070,1.417331,1.689134,32.963257,0.086775,0.167789,0.263047,22.707,0.342093,545.78,134.95,109.4,0.014615,0.985385,0,1
0.720000,4775.676522,0.328920,13.628270,65.442884,35.402074,8.181314,0.784239,54.252377,1.493775,2.234485,23.574328,0.072472,0.145421,0.170439,19.864,0.206958,654.89,104.92,95.6,0.009317,0.990683,0,1
0.602379,7800.000000,0.155854,14.168302,63.135073,48.000000,8.241368,0.886788,64.383623,1.697538,1.520461,23.739565,0.096222,0.200983,0.263603,19.202,0.361128,661.74,163.97,111.0,0.011665,0.988335,0,1
0.556881,6356.622144,0.267266,12.338329,55.021119,32.115319,8.143310,0.950000,101.123180,1.421616,1.779043,38.599795,0.071845,0.136668,0.181904,22.677,0.217491,698.57,119.45,115.2,0.014781,0.985219,0,1
0.419717,4459.263493,0.212007,17.124552,51.321147,30.508933,8.130575,0.734549,93.252671,1.369638,2.373569,40.059084,0.089123,0.050195,0.079293,14.600,0.084632,455.09,33.92,92.2,0.014979,0.985021,1,1
0.353897,7535.810928,0.166039,14.175299,58.639449,36.479582,8.450000,0.950000,82.967027,1.452282,1.530597,38.362768,0.062222,0.117224,0.150509,20.677,0.178977,724.17,102.45,118.8,0.011914,0.988086,0,1
0.347706,7409.960421,0.272611,19.589895,79.671746,27.861925,8.006129,0.621151,95.460576,1.743467,2.177141,24.039782,0.035478,0.016951,0.065963,5.247,0.068901,156.23,9.69,81.0,0.014177,0.985823,1,1
0.662608,4501.168110,0.262179,12.978531,79.492139,28.382442,8.205437,0.830791,47.064490,1.574885,1.520789,40.082731,0.039828,0.073228,0.145644,10.919,0.176934,408.82,55.97,104.1,0.013847,0.986153,0,1
0.434614,7800.000000,0.080000,12.005279,50.241447,30.483518,8.450000,0.945356,110.000000,1.727097,1.426269,28.611546,0.090466,0.182191,0.199063,25.000,0.258931,846.82,158.46,117.2,0.014694,0.985306,0,1
0.449289,6066.421151,0.225034,10.000000,62.270204,48.000000,8.366530,0.764170,77.264042,1.285049,2.383729,39.094550,0.068828,0.124579,0.196023,23.096,0.254981,475.32,87.58,94.2,0.012256,0.987744,0,1
0.699067,6169.085025,0.080000,17.793822,52.606934,41.759015,8.450000,0.721871,89.635144,1.301663,1.463096,25.206520,0.073223,0.152590,0.236063,12.804,0.303130,456.69,101.34,91.3,0.015018,0.984982,0,1
0.529882,5194.408639,0.206720,12.225939,50.000000,34.551615,8.263486,0.639921,110.000000,1.313695,1.878734,25.417047,0.063816,0.123835,0.166076,18.748,0.192855,467.01,72.91,80.5,0.015163,0.984837,0,1
0.527747,6206.911867,0.189579,16.441832,50.000000,26.800874,8.450000,0.811537,104.250559,1.445197,1.483933,35.874677,0.032022,0.052459,0.148973,10.428,0.156489,279.69,39.17,101.7,0.016911,0.983089,0,1
0.312252,7800.000000,0.450000,12.184403,57.279102,29.725144,7.568732,0.620751,91.992900,1.582664,1.537918,24.074760,0.121737,0.075433,0.120280,15.702,0.131936,381.02,43.08,78.1,0.015029,0.984971,1,1
0.720000,6225.703115,0.269435,11.560627,54.770479,30.031887,7.485996,0.874829,94.987160,1.412134,1.300000,31.162325,0.055572,0.102818,0.197875,15.217,0.242374,444.90,82.75,109.5,0.014643,0.985357,0,1
0.669167,4910.713778,0.214424,10.000000,71.128004,24.377647,7.684680,0.808418,102.906094,1.388289,2.400000,37.796086,0.049991,0.087417,0.136109,19.167,0.154817,508.17,65.02,92.3,0.014918,0.985082,0,1
0.343778,6164.263180,0.215632,11.384172,78.669219,40.016428,7.939766,0.715654,84.014037,1.677916,2.400000,37.117899,0.137998,0.084235,0.114642,19.730,0.128280,514.65,55.46,85.7,0.015027,0.984973,1,1
0.720000,7233.445430,0.270976,11.477143,56.891974,44.636877,8.359771,0.934844,104.830111,1.577863,1.968039,30.368648,0.119862,0.252489,0.278610,25.000,0.442105,829.17,217.15,107.3,0.012955,0.987045,0,1
0.646434,4958.042553,0.247914,13.283590,80.292431,20.640067,8.450000,0.788960,93.540870,1.704021,1.683739,33.314680,0.039170,0.072008,0.160905,9.699,0.190893,345.56,52.27,99.2,0.014393,0.985607,0,1
0.607952,6644.322561,0.228559,14.362996,58.798336,47.271756,7.752494,0.874800,101.950591,1.660561,1.679899,31.944185,0.050582,0.085993,0.173700,18.556,0.187973,423.87,69.21,109.5,0.017118,0.982882,0,1
0.421222,6547.588075,0.159119,13.650221,82.000000,32.445487,8.062029,0.709901,98.258116,1.657854,1.942501,25.941779,0.148662,0.098909,0.139857,16.104,0.158920,491.37,64.60,89.1,0.015035,0.984965,1,1
0.252822,7232.231501,0.119756,12.327822,63.723819,36.497148,7.735357,0.629656,84.434999,1.414401,2.400000,42.000000,0.076135,0.039266,0.080407,13.534,0.084216,300.94,22.75,77.6,0.015033,0.984967,1,1
0.599230,7319.171396,0.219397,11.188105,50.000000,46.445536,8.450000,0.688951,61.410608,1.643362,1.493969,18.540239,0.092274,0.189662,0.297869,16.687,0.419348,429.34,120.21,86.5,0.011737,0.988263,0,1
0.677434,7800.000000,0.342979,10.997935,50.000000,33.628659,7.605865,0.620000,62.320685,1.672238,2.286763,39.354621,0.050650,0.091744,0.270333,8.278,0.369660,205.93,52.33,78.0,0.011813,0.988187,0,1
0.408327,7130.937054,0.272819,11.900249,67.930367,26.508807,8.344061,0.900846,89.001338,1.580361,1.781962,39.039741,0.056515,0.105686,0.140274,18.992,0.164506,664.28,87.59,112.3,0.011279,0.988721,0,1
0.539241,5802.067997,0.211297,13.176848,50.348149,36.121342,8.135796,0.823883,104.283692,1.360810,1.450012,38.615613,0.078230,0.154233,0.182090,22.923,0.221746,683.00,116.90,103.2,0.014816,0.985184,0,1
0.720000,5123.943211,0.219897,12.334847,82.000000,35.428475,8.450000,0.764125,85.193240,1.300010,2.153294,42.000000,0.050158,0.095226,0.206750,10.521,0.262551,344.46,66.94,95.8,0.014262,0.985738,0,1
0.631821,6811.353893,0.213003,10.644612,79.906835,40.908603,8.064602,0.810303,107.502505,1.399835,2.276441,37.803875,0.042941,0.068744,0.187477,15.830,0.182180,290.80,51.25,101.5,0.016947,0.983053,0,1
0.634801,5569.944187,0.272929,15.094275,59.064116,48.000000,8.450000,0.778992,76.167260,1.298278,2.400000,36.311384,0.037386,0.061863,0.187054,10.901,0.204655,252.15,44.34,97.7,0.014531,0.985469,0,1
0.514455,7800.000000,0.210049,16.271013,53.423845,46.119004,8.348713,0.696641,98.675152,1.717679,1.359998,23.802487,0.033905,0.054959,0.206204,8.246,0.223135,181.72,35.22,87.5,0.016885,0.983115,0,1
0.635301,7130.611094,0.217659,14.053292,50.394477,42.405619,7.759430,0.821725,94.715136,1.351882,2.392305,39.384407,0.060360,0.111984,0.176595,18.972,0.210012,509.99,84.66,98.3,0.014930,0.985070,0,1
0.685958,7800.000000,0.174010,13.240130,63.343271,32.690334,8.030841,0.647690,60.275181,1.675798,1.421259,21.184302,0.048088,0.086360,0.288225,5.903,0.404257,189.94,51.46,81.5,0.011756,0.988244,0,1
0.586860,7800.000000,0.295271,10.000000,62.749637,37.417631,8.213127,0.685962,56.852723,1.705490,1.620010,27.102973,0.083424,0.170946,0.272617,15.197,0.380189,420.98,107.88,86.2,0.011658,0.988342,0,1
0.612840,4113.270770,0.194105,15.998856,57.783955,39.172770,8.202696,0.950000,88.491398,1.542275,2.096059,24.324942,0.170264,0.108575,0.127588,22.853,0.144403,791.24,94.89,117.2,0.014853,0.985147,1,1
0.336232,7800.000000,0.166186,13.537997,66.333093,27.052866,8.387499,0.950000,62.554356,1.738310,1.611751,39.265692,0.062774,0.119390,0.136084,21.314,0.161208,815.72,104.35,116.2,0.007056,0.992944,0,1
0.717483,4546.883959,0.298855,15.419519,82.000000,23.392540,8.450000,0.765295,102.962492,1.707390,2.261331,42.000000,0.024905,0.038992,0.140046,7.776,0.135220,208.54,27.45,96.0,0.016917,0.983083,0,1
0.626479,7423.379060,0.146555,12.568317,56.876527,48.000000,8.318857,0.878672,66.011745,1.734010,1.454064,28.465991,0.125827,0.269242,0.290231,25.000,0.426136,797.78,217.65,108.9,0.009268,0.990732,0,1
0.515424,7754.230200,0.177747,19.449711,51.346858,32.398172,8.450000,0.902151,85.159562,1.696002,1.843625,38.808695,0.060027,0.119890,0.182243,14.069,0.222500,580.86,99.51,113.7,0.011732,0.988268,0,1
0.508276,4163.080651,0.097477,12.677731,65.997414,25.468239,8.336894,0.691374,91.320434,1.328590,2.034289,39.158783,0.153223,0.101953,0.129224,17.507,0.147988,533.86,64.85,86.1,0.012525,0.987475,1,1
0.718948,6360.273688,0.219744,11.455630,51.549488,24.857333,8.037592,0.706316,88.363306,1.693953,2.369387,31.479133,0.067638,0.133385,0.231592,14.850,0.290947,398.14,86.67,88.7,0.014791,0.985209,0,1
0.304002,6226.520693,0.173933,10.000000,50.000000,40.193549,8.305047,0.744671,88.978940,1.348442,2.379000,37.351962,0.059647,0.102795,0.137965,24.553,0.187090,543.03,70.42,92.0,0.014647,0.985353,0,1
0.715102,3937.173283,0.314503,12.675246,53.452308,37.179087,8.422445,0.732477,98.523600,1.682233,1.300000,23.105268,0.053200,0.094115,0.161385,19.005,0.174103,418.07,63.42,92.1,0.014615,0.985385,0,1
0.703455,7192.461980,0.190053,12.815439,52.800708,32.219062,8.375522,0.925032,110.000000,1.441836,1.713231,33.782355,0.106541,0.224684,0.262322,22.272,0.354719,775.45,191.21,113.4,0.014740,0.985260,0,1
0.720000,7042.656120,0.246302,11.694353,54.385758,24.644099,7.639100,0.665808,103.509285,1.603308,2.257631,34.515049,0.145748,0.095059,0.188444,13.331,0.223771,328.71,58.23,81.8,0.012494,0.987506,1,1
0.404363,4850.143432,0.287470,17.877740,52.654692,31.260209,8.042964,0.685373,100.784718,1.283246,2.308798,28.248810,0.023000,0.008228,0.064310,3.591,0.061141,85.83,5.19,86.1,0.016783,0.983217,1,1
0.527839,7528.410873,0.294082,13.521133,76.815561,32.639921,7.854726,0.790954,80.155970,1.250000,1.673591,32.204239,0.076462,0.157158,0.198605,17.754,0.247705,612.57,114.36,99.1,0.013799,0.986201,0,1
0.720000,4771.871501,0.252451,14.583679,82.000000,24.695774,8.295913,0.695290,110.000000,1.250000,2.213204,38.433091,0.153570,0.105858,0.161660,13.606,0.189194,445.60,67.71,87.3,0.014745,0.985255,1,1
0.651691,7519.931205,0.268356,13.193255,56.736597,31.684669,7.522085,0.863603,68.012366,1.332040,2.186547,36.285718,0.063138,0.122131,0.208621,15.482,0.265190,494.82,97.03,108.1,0.011867,0.988133,0,1
0.660517,6287.546043,0.183719,14.128529,75.681519,34.371984,7.809898,0.852436,68.212785,1.453237,2.160367,32.541596,0.032818,0.055352,0.184053,7.305,0.226968,250.91,43.41,106.7,0.014201,0.985799,0,1
0.676408,5603.847322,0.129640,11.944102,81.455496,38.100819,8.036620,0.707308,98.670039,1.445282,1.983339,34.225821,0.051103,0.093398,0.191911,14.484,0.207255,336.90,60.78,88.8,0.017083,0.982917,0,1
0.696188,5329.070665,0.185850,13.213354,51.112747,35.436369,7.910542,0.620000,104.832278,1.653253,1.724271,26.686307,0.023847,0.033976,0.183314,5.864,0.194078,112.47,19.38,78.0,0.016807,0.983193,0,1
0.678189,7800.000000,0.326509,14.021284,54.812463,36.913692,7.570793,0.757636,91.661761,1.293500,1.491013,36.258999,0.044879,0.080869,0.216034,9.616,0.271058,277.58,56.37,95.6,0.012238,0.987762,0,1
0.377687,3562.876464,0.264080,16.590341,59.469955,32.468112,8.072023,0.732452,59.320536,1.429878,2.072983,39.535391,0.015395,0.021570,0.068584,6.974,0.074544,225.46,14.54,91.9,0.014082,0.985918,0,1
0.668410,7636.999767,0.235834,10.377920,65.652972,48.000000,8.158977,0.824528,58.059327,1.750000,1.624831,32.746015,0.097619,0.200604,0.303450,17.857,0.457934,533.48,152.17,103.3,0.011647,0.988353,0,1
0.461905,6497.706525,0.174747,10.190408,82.000000,33.427884,8.145498,0.813087,107.650987,1.687252,2.087959,37.960761,0.049041,0.083829,0.153690,18.795,0.160051,434.06,62.71,101.9,0.014635,0.985365,0,1
0.681862,5062.841568,0.172898,10.000000,57.627887,41.895544,7.961005,0.689595,72.061301,1.713593,2.137739,38.183935,0.071529,0.136557,0.232212,18.851,0.288320,396.90,86.64,86.6,0.012362,0.987638,0,1
0.720000,6090.589209,0.275931,10.542446,61.211483,37.653260,8.450000,0.757704,83.524309,1.340931,1.881160,32.377351,0.066932,0.127858,0.256863,14.875,0.326949,369.14,89.13,95.0,0.016858,0.983142,0,1
0.552685,5839.470051,0.287372,11.484195,57.754396,27.384214,8.213080,0.668176,110.000000,1.506921,1.300000,26.214000,0.075531,0.153907,0.196390,18.302,0.239548,512.49,94.61,84.0,0.014746,0.985254,0,1
0.554907,7800.000000,0.194355,13.472483,50.000000,27.787463,7.664947,0.620000,102.326692,1.268917,1.893333,38.739121,0.099705,0.060414,0.169807,9.008,0.192286,215.89,34.46,78.0,0.014462,0.985538,1,1
0.707150,5673.367732,0.268229,10.925958,55.732086,32.421302,7.753125,0.804981,42.000000,1.631587,1.902084,36.661223,0.097869,0.203493,0.228861,22.724,0.309385,700.52,150.70,93.1,0.009141,0.990859,0,1
0.596120,4760.715790,0.261104,14.501876,59.666619,32.185174,7.831045,0.801642,74.248851,1.307558,2.095324,40.044613,0.034533,0.059062,0.126246,11.859,0.144642,367.06,43.56,100.5,0.011936,0.988064,0,1
0.701948,7610.345330,0.114623,13.063759,58.804284,45.930257,8.417996,0.950000,93.019331,1.491623,2.347028,42.000000,0.101371,0.205956,0.283369,22.837,0.383272,675.78,180.01,117.9,0.014524,0.985476,0,1
0.621143,7667.634779,0.279948,11.491460,54.196753,29.593108,8.142618,0.739790,71.006127,1.398414,2.326833,19.649739,0.101664,0.216219,0.265554,19.315,0.359392,589.53,147.16,89.0,0.009230,0.990770,0,1
0.692708,7800.000000,0.331895,11.974268,60.002731,43.611533,8.341991,0.802432,58.669887,1.706956,1.300000,38.271653,0.115028,0.245822,0.272911,22.804,0.384679,707.41,181.48,100.6,0.009346,0.990654,0,1
0.694167,5445.306233,0.212892,10.000000,53.178277,36.487646,8.286574,0.650904,97.790079,1.720405,1.300000,23.570011,0.092885,0.189621,0.262436,20.642,0.337101,460.30,113.55,82.7,0.014581,0.985419,0,1
0.294064,5800.269225,0.228853,13.371709,82.000000,38.687785,7.948798,0.684793,79.651745,1.688972,1.306710,37.729455,0.048480,0.088716,0.109178,18.081,0.122567,544.61,55.89,88.5,0.007084,0.992916,0,1
0.315778,5265.060433,0.225941,10.000000,56.096082,39.381781,7.475450,0.631436,96.115524,1.564053,2.189387,22.318858,0.016520,0.015227,0.067637,12.142,0.057004,139.13,8.85,79.4,0.016808,0.983192,0,1
0.602963,5165.832481,0.099459,10.873284,56.327320,18.000000,8.250487,0.836800,106.401295,1.389880,2.392037,33.927293,0.034307,0.052993,0.137978,14.213,0.139084,314.55,40.80,104.8,0.016933,0.983067,0,1
0.283045,7800.000000,0.080000,12.403399,80.420767,28.468428,8.442846,0.671006,86.973758,1.662919,2.393083,41.868839,0.045821,0.085376,0.132251,14.471,0.150483,423.96,52.70,84.3,0.014874,0.985126,0,1
0.654793,7531.256129,0.198027,12.890553,68.097677,44.633161,8.005188,0.678146,60.424750,1.404947,2.271443,33.152119,0.071663,0.144509,0.276201,11.383,0.384500,347.26,90.16,85.2,0.011749,0.988251,0,1
0.720000,6075.011384,0.152105,13.145111,69.965700,30.193819,8.157934,0.652890,110.000000,1.745750,1.934078,29.133443,0.070213,0.144038,0.219509,14.037,0.273365,419.30,86.52,82.1,0.014795,0.985205,0,1
0.577817,7168.322668,0.196132,14.645375,73.493111,40.279091,8.125128,0.889262,68.726578,1.547488,1.661414,24.335849,0.061487,0.120858,0.205118,14.030,0.258761,512.82,98.88,111.3,0.011772,0.988228,0,1
0.720000,6018.403248,0.141295,11.582585,61.512584,32.954561,8.059774,0.876231,110.000000,1.750000,1.650845,19.787831,0.091186,0.186209,0.226415,22.379,0.286235,705.30,150.11,108.2,0.014835,0.985165,0,1
0.649021,4839.674355,0.275499,10.000000,68.159557,39.398581,8.032152,0.755832,67.240023,1.677446,1.824785,32.219650,0.087614,0.176134,0.193616,24.485,0.243258,672.96,122.48,91.2,0.009326,0.990674,0,1
0.520724,6789.763318,0.187297,13.433243,73.295133,48.000000,8.349145,0.797813,93.391827,1.319572,1.323053,34.443159,0.075805,0.152561,0.209903,18.402,0.260697,567.53,111.98,100.0,0.014546,0.985454,0,1
0.449258,7613.510197,0.183301,10.015356,67.205966,38.526926,7.985651,0.806187,64.136873,1.730160,2.045606,34.913025,0.098188,0.201917,0.224294,24.428,0.295469,710.32,149.76,93.1,0.009352,0.990648,0,1
0.626591,6527.737018,0.213570,13.289146,50.000000,25.773106,8.142202,0.644902,101.194305,1.516165,1.896064,36.322147,0.086994,0.047827,0.197658,7.436,0.212078,152.73,28.38,81.1,0.016914,0.983086,1,1
0.720000,7125.597540,0.114290,13.660066,55.018918,45.162042,8.346945,0.905410,56.758945,1.417143,1.745775,26.736295,0.077500,0.153692,0.295178,13.505,0.427838,461.40,128.02,113.3,0.011705,0.988295,0,1
0.720000,7800.000000,0.180703,10.000000,52.197596,48.000000,7.908247,0.658367,63.220572,1.616366,1.838694,18.000000,0.094826,0.193863,0.345055,14.732,0.520402,362.02,117.42,82.8,0.009267,0.990733,0,1
0.711805,7369.656316,0.222894,13.544817,51.060135,33.124983,8.397420,0.847758,100.587514,1.252766,1.747933,36.386900,0.107183,0.229114,0.275029,19.977,0.379136,691.20,178.69,105.1,0.014653,0.985347,0,1
0.499095,7078.858726,0.294898,11.921668,70.534388,36.708146,8.221357,0.927361,73.993629,1.423071,2.028579,36.648023,0.068362,0.131753,0.170223,20.818,0.207777,702.51,112.41,115.7,0.011678,0.988322,0,1
0.412148,5812.416843,0.127527,13.132584,63.644571,30.592393,8.148489,0.788426,97.871237,1.706199,1.947106,39.582794,0.160002,0.104382,0.131041,19.565,0.150133,614.67,75.71,97.7,0.014818,0.985182,1,1
0.535820,7280.943519,0.207353,13.143790,50.000000,44.137896,8.204284,0.664864,58.567305,1.730512,1.865621,24.892239,0.103190,0.221422,0.262005,19.083,0.357022,549.93,135.44,83.6,0.009308,0.990692,0,1
0.676486,4178.163829,0.216738,18.920698,63.538521,38.183041,8.104753,0.737218,90.849498,1.654935,2.074855,22.501358,0.032914,0.058130,0.112579,10.988,0.123205,372.56,39.43,96.4,0.015024,0.984976,0,1
0.614814,4287.407514,0.270015,12.551191,60.821241,37.123286,8.075850,0.764786,96.299297,1.564956,2.275654,23.506591,0.055344,0.100281,0.134780,20.500,0.151562,556.92,70.56,93.5,0.014810,0.985190,0,1
0.601165,7789.343783,0.118808,13.073486,58.949083,48.000000,8.130244,0.908527,97.184064,1.497171,2.198711,35.829264,0.083558,0.161627,0.234788,23.355,0.290433,612.12,135.10,113.6,0.014616,0.985384,0,1
0.543839,6625.215067,0.188354,13.818389,71.880999,28.112902,7.604938,0.802236,94.206268,1.250000,1.740235,30.232571,0.053804,0.101751,0.151073,16.446,0.174882,528.83,75.10,100.5,0.013720,0.986280,0,1
0.637074,6026.282032,0.344475,11.530176,79.942771,35.480716,8.120523,0.654470,104.651862,1.585891,1.936400,29.952255,0.074163,0.151619,0.212186,16.384,0.263314,457.71,91.29,82.2,0.014794,0.985206,0,1
0.647512,7087.395072,0.310222,12.037463,61.305308,48.000000,8.128569,0.758387,77.027587,1.676126,1.834714,24.064860,0.090449,0.184778,0.256628,19.821,0.336848,534.44,128.92,95.1,0.012310,0.987690,0,1
0.664869,4717.562285,0.293408,10.000000,63.542236,28.952446,8.138633,0.950000,89.993799,1.720302,2.149262,41.640785,0.211073,0.140399,0.158603,25.000,0.199662,823.07,122.71,106.2,0.015019,0.984981,1,1
0.720000,6907.135837,0.180255,17.718082,56.765115,33.144829,7.763148,0.620000,108.750157,1.623414,1.935942,36.825357,0.071812,0.041730,0.139232,6.343,0.156415,181.87,23.80,78.0,0.012609,0.987391,1,1
0.575962,6399.597571,0.204097,13.442586,57.601943,31.010889,7.386517,0.865921,106.618330,1.388504,1.300000,25.895492,0.089997,0.049387,0.133632,12.073,0.144332,313.21,39.34,108.4,0.014686,0.985314,1,1
0.668194,7608.382210,0.145552,13.261429,50.000000,48.000000,8.450000,0.691933,110.000000,1.333708,1.400147,38.068602,0.112866,0.244482,0.310936,17.590,0.448424,532.48,155.63,86.9,0.014833,0.985167,0,1
0.294876,5082.593775,0.161797,12.680585,57.818775,40.993592,8.235968,0.797361,55.617742,1.708339,1.490463,25.389037,0.049583,0.085259,0.106461,21.429,0.125831,624.98,62.54,99.9,0.011644,0.988356,0,1
0.575163,6091.657679,0.204594,13.835885,74.212330,38.005639,8.346992,0.620000,59.080398,1.723763,1.799541,28.636895,0.078862,0.167289,0.219356,14.603,0.281895,462.77,95.42,78.0,0.009361,0.990639,0,1
0.616551,7800.000000,0.272316,12.861107,57.141642,18.000000,7.676655,0.916486,108.195936,1.495733,2.097582,35.866035,0.171429,0.114380,0.174207,17.400,0.207794,588.94,96.44,111.4,0.015044,0.984956,1,1
0.720000,5597.223764,0.197793,11.721824,50.913188,22.824602,7.878256,0.950000,60.120699,1.577789,2.101079,37.849422,0.089797,0.183944,0.210897,22.387,0.274358,810.96,160.77,108.7,0.009385,0.990615,0,1
0.602831,6878.711490,0.311194,10.000000,50.686849,31.797774,7.837736,0.642169,93.093569,1.603619,1.592142,19.301754,0.053675,0.095747,0.238049,13.764,0.275991,252.79,56.57,80.8,0.017007,0.982993,0,1
0.694998,7589.981458,0.130104,10.259269,66.431693,48.000000,8.337020,0.858590,57.784441,1.635891,1.902603,34.686011,0.086884,0.173305,0.329547,14.286,0.517099,441.92,136.89,107.5,0.011645,0.988355,0,1
0.720000,7647.458143,0.334725,11.589253,63.498191,44.743889,8.354571,0.950000,94.705131,1.750000,1.584845,27.708600,0.113909,0.238957,0.260543,25.000,0.391331,852.75,208.85,115.5,0.014683,0.985317,0,1
0.697684,7800.000000,0.201013,12.476317,50.000000,46.703248,8.188876,0.861135,59.807714,1.404200,1.799393,24.047026,0.132898,0.287333,0.313171,24.402,0.462934,773.28,227.64,104.7,0.009300,0.990700,0,1
0.720000,7800.000000,0.231253,13.754818,66.879216,36.310681,8.070850,0.933451,99.503634,1.667509,1.346890,20.593367,0.261855,0.190976,0.265390,17.724,0.354991,657.42,164.01,116.7,0.015022,0.984978,1,1
0.656484,7800.000000,0.232668,16.654339,53.160721,38.210979,8.385666,0.893439,78.436712,1.418464,2.097029,21.311011,0.097956,0.208475,0.250853,19.011,0.332714,726.71,171.36,110.8,0.009081,0.990919,0,1
0.573805,5396.905922,0.205503,15.934062,63.943290,36.700365,8.261630,0.923480,65.188553,1.691490,1.903297,33.848015,0.051189,0.096828,0.157869,14.607,0.189555,554.36,82.27,115.5,0.005390,0.994610,0,1
0.692700,7094.669689,0.254274,13.858824,56.187042,41.895994,8.156759,0.652568,94.353680,1.697413,1.856152,37.911270,0.258799,0.192276,0.271211,15.067,0.367304,452.80,115.44,82.1,0.012314,0.987686,1,1
0.720000,7800.000000,0.277431,13.444600,59.734149,47.011040,8.220098,0.945471,85.990146,1.593515,1.740427,26.868091,0.118029,0.250025,0.277800,24.805,0.384210,832.84,217.48,115.8,0.012266,0.987734,0,1
0.720000,5837.318769,0.144484,10.000000,56.156202,34.819170,7.973662,0.791234,45.222912,1.601521,1.956771,33.639912,0.116227,0.247114,0.277910,23.344,0.401082,688.59,179.88,89.8,0.009202,0.990798,0,1
0.677681,7800.000000,0.219405,11.933811,65.044044,48.000000,7.950568,0.934070,60.681105,1.748800,1.541971,25.167260,0.074777,0.146036,0.281375,14.286,0.413288,474.48,125.50,116.8,0.011702,0.988298,0,1
0.513164,7800.000000,0.178433,10.598417,57.460815,47.851864,7.804220,0.679851,99.100572,1.689808,1.885998,22.712068,0.089209,0.179008,0.232035,22.867,0.289391,513.33,111.96,83.7,0.015431,0.984569,0,1
0.697239,5415.810925,0.276631,10.000000,54.252161,28.218605,7.961954,0.620000,43.443036,1.557709,1.921197,38.516541,0.072875,0.148135,0.246316,13.411,0.338776,364.94,84.50,78.0,0.011462,0.988538,0,1
0.548664,6375.887879,0.301777,14.294276,67.301359,43.424661,8.210042,0.783516,93.030455,1.698100,1.300000,38.967843,0.053610,0.101851,0.180480,14.141,0.214966,432.76,73.42,98.2,0.014630,0.985370,0,1
0.684216,6431.605880,0.428962,10.093130,55.207602,47.317828,8.372794,0.920573,42.000000,1.356046,1.300000,32.678598,0.117396,0.244454,0.262031,25.000,0.511299,840.55,207.04,108.7,0.009137,0.990863,0,1
0.720000,6054.180950,0.286282,10.000000,67.782685,44.544640,7.410298,0.767667,78.498709,1.372951,1.777704,34.092352,0.249892,0.174308,0.228623,22.765,0.294108,572.83,123.11,92.6,0.010020,0.989980,1,1
0.720000,6292.964665,0.136110,10.704839,56.351136,32.224690,8.448599,0.823397,42.500265,1.380887,1.841051,37.202572,0.098952,0.206981,0.277436,18.700,0.403625,601.22,156.79,102.9,0.011433,0.988567,0,1
0.335994,5849.439642,0.287833,14.258286,78.599034,26.946750,7.769927,0.803162,89.039160,1.750000,1.946227,41.085681,0.038357,0.064504,0.089699,16.993,0.098146,565.27,47.66,99.8,0.013744,0.986256,0,1
0.708107,7672.070492,0.246572,14.193092,55.548668,48.000000,7.582325,0.831296,76.228223,1.633697,1.551276,32.149854,0.068982,0.134414,0.256474,14.278,0.340073,426.40,102.80,104.1,0.011885,0.988115,0,1
0.602983,7800.000000,0.168536,18.559087,50.000000,47.363784,8.348232,0.932923,102.460913,1.750000,1.480220,28.121566,0.090482,0.189314,0.230321,19.483,0.295330,750.51,162.49,116.7,0.014670,0.985330,0,1
0.685816,7800.000000,0.235733,12.624332,50.000000,27.613797,8.450000,0.740686,88.092095,1.365656,1.420259,39.592758,0.094874,0.201194,0.292635,14.908,0.416199,498.41,137.10,92.9,0.011581,0.988419,0,1
0.630859,7800.000000,0.140651,13.011822,61.422773,35.677046,7.803997,0.777479,64.338932,1.673668,1.917084,36.408549,0.068635,0.136906,0.252441,12.663,0.341859,412.68,97.93,97.5,0.005419,0.994581,0,1
0.399000,5171.797002,0.157221,14.861552,55.377344,38.528321,8.254646,0.813758,45.385841,1.691116,1.605613,32.540360,0.061056,0.114098,0.126478,22.147,0.148432,718.49,85.42,102.0,0.009202,0.990798,0,1
0.673776,6214.193825,0.220608,10.782181,54.610133,35.376292,7.915599,0.936229,92.942649,1.719312,1.300000,38.826647,0.090861,0.182165,0.233357,22.535,0.342536,715.29,156.90,117.1,0.014766,0.985234,0,1
0.656092,6270.479925,0.337763,11.194630,59.285608,33.252656,8.250767,0.949682,85.281414,1.658540,1.583996,21.181048,0.086857,0.173051,0.187974,25.000,0.251860,855.69,151.20,116.4,0.015012,0.984988,0,1
0.560004,7800.000000,0.150853,13.121080,67.674557,32.513566,8.115153,0.869095,97.018849,1.646106,1.672122,41.059742,0.090873,0.190068,0.230006,19.576,0.300369,702.90,151.97,107.8,0.015020,0.984980,0,1
0.595322,6116.204231,0.185387,12.753936,67.207736,25.322360,8.091063,0.948078,100.367220,1.530873,1.731853,33.245033,0.054828,0.102700,0.174798,15.891,0.204612,545.18,89.58,118.5,0.014584,0.985416,0,1
0.662665,6724.285287,0.236323,12.721161,50.000000,20.136334,7.864245,0.888475,103.427214,1.384189,1.854922,39.050823,0.220650,0.156064,0.204080,19.023,0.255313,664.98,127.57,109.3,0.015033,0.984967,1,1
0.643231,4486.851849,0.175156,19.320459,64.172846,29.120122,8.157176,0.779535,100.281895,1.600134,2.267669,24.437529,0.094746,0.057890,0.102111,12.133,0.110545,432.54,41.52,101.2,0.012542,0.987458,1,1
0.720000,6359.790967,0.200982,15.091076,79.242051,48.000000,8.147296,0.692231,85.082002,1.703867,1.842390,29.057766,0.054268,0.105226,0.232919,9.705,0.294555,306.08,67.01,86.9,0.014219,0.985781,0,1
0.720000,7366.441393,0.323393,10.000000,59.885284,48.000000,8.193302,0.724855,58.724171,1.665272,1.404700,18.707462,0.099057,0.204471,0.309009,17.834,0.453984,469.43,136.36,91.1,0.011789,0.988211,0,1
0.422901,6641.935937,0.125865,12.444026,63.804048,31.087089,8.422071,0.707688,89.973938,1.263433,2.400000,34.684583,0.191863,0.133518,0.169421,18.342,0.202699,545.85,86.93,86.3,0.014636,0.985364,1,1
0.691710,7684.010707,0.170969,10.000000,55.980303,48.000000,8.033820,0.635991,65.278214,1.481552,1.846581,19.703179,0.403171,0.312617,0.369311,20.504,0.585381,526.91,182.92,78.2,0.010007,0.989993,1,1
0.581164,4770.306200,0.293502,17.102481,53.222936,37.202874,7.815110,0.950000,105.892200,1.416269,2.000870,34.287915,0.042871,0.070901,0.102503,19.455,0.111946,643.13,61.97,118.0,0.014880,0.985120,0,1
0.500095,7800.000000,0.127053,12.441041,54.385765,47.109029,7.899541,0.883804,62.499885,1.682749,1.952929,20.766843,0.091245,0.184705,0.239560,21.429,0.349303,666.93,150.18,110.6,0.011780,0.988220,0,1
0.719553,7313.292567,0.295362,12.381086,65.046100,46.383027,8.128545,0.837256,59.353175,1.749748,1.735931,37.681604,0.113948,0.243159,0.271864,22.680,0.382438,732.92,187.30,101.7,0.007011,0.992989,0,1
0.720000,7800.000000,0.197801,10.000000,65.018080,34.311442,8.305946,0.869943,91.539912,1.727708,1.328344,26.212203,0.364826,0.275627,0.306664,23.449,0.444179,765.26,220.60,107.7,0.015020,0.984980,1,1
0.620925,4712.975680,0.102184,15.100371,76.749098,35.035218,8.298763,0.819137,43.131995,1.312946,1.475737,28.514573,0.070905,0.148383,0.142092,18.015,0.170091,837.20,111.82,102.6,0.009162,0.990838,0,1
0.411192,7800.000000,0.275857,13.991068,82.000000,25.844492,8.298495,0.693571,93.993768,1.729291,2.176527,38.707055,0.048597,0.093860,0.162816,12.154,0.191383,391.32,59.89,87.1,0.014893,0.985107,0,1
0.625635,5089.159571,0.270412,16.582631,75.363324,33.097275,8.257450,0.620000,85.661734,1.749022,1.962158,39.534638,0.053117,0.107188,0.164786,11.802,0.194711,394.71,61.14,80.4,0.013538,0.986462,0,1
0.720000,7361.552353,0.208035,11.261039,68.378889,36.034774,7.534110,0.848612,102.447661,1.748293,1.338069,40.494529,0.270309,0.195338,0.254474,20.501,0.340289,637.55,152.50,106.3,0.015044,0.984956,1,1
0.611951,5431.424507,0.202085,10.000000,54.691782,33.889977,8.278984,0.819661,73.660114,1.563755,2.029435,35.409884,0.073237,0.142155,0.219000,18.923,0.293212,520.73,107.20,103.1,0.012350,0.987650,0,1
0.574572,5377.563618,0.173478,13.996617,51.276531,24.576306,8.360514,0.933406,104.405652,1.694171,1.429944,22.710223,0.206114,0.141898,0.163883,21.678,0.193709,790.99,121.85,116.7,0.014860,0.985140,1,1
0.682429,7731.001662,0.233969,10.000000,63.385469,18.416096,8.100357,0.817762,68.765893,1.641696,2.171432,24.717270,0.077720,0.157981,0.269413,13.817,0.372186,469.33,118.86,102.4,0.011775,0.988225,0,1
0.720000,6155.744262,0.182832,14.725147,50.230897,21.543059,7.826860,0.950000,106.310747,1.336614,1.742576,31.998424,0.029724,0.046613,0.161596,9.132,0.178019,268.20,40.74,118.8,0.016953,0.983047,0,1
0.658180,3715.612941,0.229345,15.516012,61.661396,28.121078,8.301428,0.704727,110.000000,1.250000,1.989392,37.587427,0.044865,0.083308,0.121074,14.895,0.135027,474.59,54.01,88.5,0.014742,0.985258,0,1
0.384662,6585.167908,0.290624,12.132756,78.865499,42.806851,7.961076,0.792848,64.959866,1.631984,1.645949,41.563990,0.065679,0.125013,0.140102,22.397,0.165985,692.41,91.19,97.8,0.004703,0.995297,0,1
0.654232,7800.000000,0.213391,11.204571,58.811687,35.053916,8.283598,0.755533,64.620000,1.452928,2.282424,35.616582,0.116894,0.252682,0.302168,19.743,0.441003,618.36,175.64,88.0,0.009321,0.990679,0,1
0.720000,7800.000000,0.180990,11.488028,57.363603,23.019329,8.300706,0.893650,92.906822,1.423427,1.877703,25.328549,0.095950,0.201494,0.281317,17.258,0.390664,626.46,165.66,111.8,0.012238,0.987762,0,1
0.646897,7219.637434,0.450000,12.036531,59.304467,43.702202,7.690109,0.664602,42.000000,1.334105,1.300000,37.014715,0.093465,0.196320,0.223847,20.490,0.295874,570.47,120.04,83.6,0.009141,0.990859,0,1
0.720000,7140.345939,0.181722,12.266791,50.729439,22.118090,8.415393,0.693601,102.476459,1.344177,1.300000,39.450730,0.090167,0.190569,0.292231,13.672,0.408206,442.68,121.60,87.1,0.014587,0.985413,0,1
0.524074,7800.000000,0.185863,12.859429,50.053483,26.883842,8.237106,0.941027,84.389320,1.748275,1.472533,28.547722,0.081691,0.165778,0.216808,19.579,0.278037,704.23,143.52,117.7,0.011397,0.988603,0,1
0.720000,7603.557981,0.290908,14.152098,61.209420,44.852076,8.450000,0.894058,89.270592,1.652427,1.716891,24.909026,0.066978,0.128067,0.262959,14.480,0.332559,426.16,105.34,111.9,0.016883,0.983117,0,1
0.720000,5828.951805,0.229883,12.349870,68.096751,44.209871,7.463227,0.862868,103.036520,1.676542,1.802712,32.996076,0.061039,0.111580,0.165501,20.917,0.193562,569.36,88.58,105.3,0.014950,0.985050,0,1
0.350591,7788.095130,0.281027,10.929002,76.031595,26.186748,7.786941,0.670996,90.094962,1.485693,2.205349,39.669577,0.143460,0.092615,0.137722,16.758,0.157796,441.63,57.17,82.1,0.015024,0.984976,1,1
0.701516,7800.000000,0.189068,13.592682,65.018008,29.751498,8.181001,0.948633,88.468018,1.585975,1.465555,25.800496,0.103620,0.221294,0.261093,19.872,0.353237,786.92,193.13,118.6,0.013720,0.986280,0,1
0.493864,7800.000000,0.301339,10.371572,50.243087,19.680221,7.811452,0.620000,108.897167,1.650713,2.103970,27.680511,0.056748,0.108361,0.181717,15.357,0.213077,361.85,61.81,76.6,0.014937,0.985063,0,1
0.720000,7291.150352,0.257206,15.224361,69.090031,34.140709,8.427656,0.832689,93.996422,1.681672,1.328123,24.830548,0.093270,0.199388,0.250572,16.906,0.330954,648.50,152.75,104.3,0.013365,0.986635,0,1
0.623578,7747.918952,0.125356,12.895154,56.225116,19.278943,7.996592,0.636607,104.268134,1.492733,1.898648,26.480285,0.107369,0.064560,0.224250,7.205,0.261473,179.38,37.81,80.1,0.014492,0.985508,1,1
0.680205,7800.000000,0.333973,10.734403,52.752922,47.248668,7.695562,0.874175,101.147983,1.600406,2.237258,32.607749,0.050419,0.077879,0.214264,19.798,0.235980,310.98,62.63,109.4,0.016922,0.983078,0,1
0.651809,5364.514354,0.140578,12.533639,51.516888,48.000000,8.324530,0.696216,79.959481,1.314692,1.464469,35.167147,0.071202,0.140039,0.234053,16.394,0.297117,407.70,89.70,87.4,0.012183,0.987817,0,1
0.302784,7800.000000,0.450000,13.029213,70.056933,34.026359,8.133053,0.623692,82.583569,1.518630,1.599821,38.240634,0.041416,0.075530,0.118621,13.985,0.133536,388.68,43.34,79.6,0.011837,0.988163,0,1
0.541725,7270.529971,0.302330,12.947678,56.836831,24.698140,7.867779,0.736404,96.695983,1.428522,1.907780,42.000000,0.054557,0.104743,0.184707,13.735,0.222205,408.71,70.96,92.4,0.014722,0.985278,0,1
0.720000,5575.218591,0.314782,10.000000,53.247231,34.657577,8.303306,0.868676,43.288677,1.750000,1.300000,42.000000,0.088160,0.177537,0.222291,21.429,0.342732,679.03,141.88,108.5,0.006872,0.993128,0,1
0.599461,6867.718285,0.245211,12.851205,53.136141,31.314012,8.449414,0.868767,93.880859,1.250000,1.942535,33.319620,0.092510,0.191333,0.220673,21.999,0.283242,737.23,152.93,106.1,0.014608,0.985392,0,1
0.589497,7274.068622,0.182485,14.985696,50.000000,48.000000,8.450000,0.743477,110.000000,1.428193,1.334684,38.420428,0.095142,0.201619,0.251911,18.352,0.333964,582.39,137.91,93.3,0.014762,0.985238,0,1
0.516444,7800.000000,0.230930,10.000000,53.365453,24.982061,7.997112,0.778910,73.874855,1.450906,1.947316,25.732533,0.098361,0.205706,0.237786,21.890,0.313086,659.49,147.41,93.3,0.007012,0.992988,0,1
0.706376,7324.823466,0.228297,10.087672,55.312465,42.761632,8.360916,0.926432,93.732592,1.572565,1.941784,27.903301,0.130800,0.278989,0.309083,25.000,0.545515,818.44,237.79,104.1,0.014988,0.985012,0,1
0.627705,7800.000000,0.100303,10.101033,60.465047,46.911130,8.450000,0.950000,96.001679,1.467875,2.400000,42.000000,0.081680,0.150393,0.303911,20.149,0.459138,460.11,131.44,118.5,0.017073,0.982927,0,1
0.619523,5505.148488,0.249970,10.293769,55.104172,31.745594,8.448429,0.877594,92.453850,1.750000,1.986807,26.930745,0.079075,0.153220,0.197662,23.277,0.258495,665.81,123.71,109.8,0.014510,0.985490,0,1
0.548859,7483.511903,0.316844,18.341650,50.000000,45.600445,7.550634,0.745939,85.388802,1.648995,1.815265,29.803800,0.033886,0.058440,0.125388,11.380,0.139652,340.27,40.11,93.6,0.014254,0.985746,0,1
0.425073,6991.061769,0.140438,10.000000,68.490490,30.655868,8.375327,0.736709,46.014642,1.750000,1.879681,37.924839,0.073828,0.148332,0.200274,18.084,0.260397,534.03,100.54,92.2,0.011514,0.988486,0,1
0.720000,7261.849196,0.288590,11.477224,55.914506,37.814948,8.437463,0.711612,100.084044,1.250000,2.208307,36.349391,0.108807,0.232514,0.296554,18.947,0.418600,546.07,152.22,85.3,0.014798,0.985202,0,1
0.534858,4773.790391,0.144235,15.052634,53.516368,28.986939,8.138504,0.708566,89.662177,1.250000,2.160437,39.551535,0.110168,0.068828,0.125988,12.813,0.140866,378.86,44.87,89.0,0.014702,0.985298,1,1
0.720000,5560.844670,0.115717,10.761914,50.000000,23.290599,8.380025,0.862101,95.441796,1.257474,1.429879,38.051632,0.250560,0.180285,0.238009,19.313,0.315224,639.12,142.99,106.7,0.015019,0.984981,1,1
0.700929,6476.263236,0.080000,12.255251,51.833938,43.222644,7.538046,0.712920,110.000000,1.436044,2.400000,34.428241,0.041472,0.069171,0.148935,15.393,0.165462,324.06,45.37,86.7,0.015200,0.984800,0,1
0.283514,4930.518971,0.234165,19.017963,50.000000,46.310220,7.933447,0.657721,75.276514,1.622634,2.400000,33.228492,0.014184,0.016910,0.042404,9.243,0.043468,256.71,10.23,84.7,0.009560,0.990440,0,1
0.644537,7049.356852,0.172269,12.813244,66.317734,38.368485,8.325302,0.876079,81.420734,1.493637,2.400000,39.418553,0.072719,0.143194,0.242698,16.409,0.308519,505.89,115.41,109.6,0.017329,0.982671,0,1
0.608782,6360.949967,0.129994,10.000000,55.455242,34.277963,8.023002,0.923502,46.161150,1.427630,2.024985,33.394265,0.095606,0.194470,0.255194,21.429,0.385395,688.78,165.23,115.2,0.011521,0.988479,0,1
0.477848,6462.180271,0.216014,14.428377,61.800179,37.107918,8.073961,0.659006,91.059147,1.685795,2.119295,22.348394,0.110416,0.069158,0.149598,11.344,0.165042,298.17,41.93,82.8,0.014528,0.985472,1,1
0.309274,7800.000000,0.186772,11.597608,55.752033,42.243634,8.211813,0.814797,91.696908,1.716284,1.300000,36.477299,0.080276,0.156531,0.169929,25.000,0.230901,734.58,117.34,102.1,0.014709,0.985291,0,1
0.611034,7800.000000,0.241544,10.422931,54.872697,47.758061,8.450000,0.947670,86.937140,1.731520,2.222791,28.533073,0.082908,0.152974,0.302524,20.025,0.491304,469.00,133.37,118.2,0.014646,0.985354,0,1
0.720000,6869.240261,0.138730,10.000000,50.897006,31.961348,7.833039,0.890917,100.973418,1.282106,1.857487,33.032881,0.088772,0.173114,0.251030,23.753,0.323302,601.32,141.89,111.5,0.014640,0.985360,0,1
0.720000,5942.379927,0.278594,12.587069,50.000000,25.187446,8.001933,0.674300,69.123255,1.250000,1.890620,38.882194,0.075451,0.156081,0.238196,13.918,0.315051,432.44,96.83,84.7,0.011851,0.988149,0,1
0.720000,6063.161460,0.297444,11.812446,56.549806,44.799692,8.333922,0.800968,67.000882,1.309205,1.439722,35.473082,0.110448,0.231926,0.250152,25.000,0.340648,726.81,170.90,99.4,0.009187,0.990813,0,1
0.720000,7650.749656,0.083706,11.140610,55.469654,45.829888,7.951086,0.830782,66.526336,1.702513,1.908843,30.006350,0.123942,0.265046,0.346036,20.695,0.539031,622.80,202.58,103.7,0.009162,0.990838,0,1
0.720000,7800.000000,0.183090,14.465601,60.724554,34.207804,8.100013,0.835189,95.273465,1.250000,1.661792,37.143022,0.058902,0.113275,0.265245,9.725,0.358697,349.09,87.04,104.6,0.014585,0.985415,0,1
0.619635,6088.363293,0.215369,12.379863,78.352582,42.226356,7.854282,0.713471,75.346921,1.675265,1.730423,31.423447,0.074183,0.151568,0.222309,15.583,0.285823,476.09,99.49,89.6,0.009399,0.990601,0,1
0.680808,6536.241664,0.100119,14.476296,62.255946,43.725859,7.378133,0.707736,87.298048,1.349590,2.400000,30.150943,0.018890,0.004578,0.089668,1.623,0.097337,35.36,2.98,88.9,0.016676,0.983324,1,1
0.623467,6765.655401,0.284271,12.869314,52.851222,41.801990,8.450000,0.901406,88.994485,1.480514,2.007703,25.698646,0.101930,0.210024,0.230989,25.000,0.318112,802.16,174.17,108.5,0.014645,0.985355,0,1
0.674396,7307.888661,0.204432,12.786728,82.000000,37.906871,8.049296,0.918875,93.778492,1.409716,1.924671,34.934852,0.055312,0.104762,0.230566,11.424,0.299507,408.62,88.56,115.5,0.014589,0.985411,0,1
0.720000,7800.000000,0.236003,11.968554,55.175656,19.339234,8.272872,0.950000,99.636583,1.612100,1.693695,23.972612,0.088504,0.183946,0.252821,17.617,0.336573,676.49,160.77,118.5,0.011741,0.988259,0,1
0.693441,7032.301473,0.236355,11.219490,50.184335,18.314977,8.093468,0.711595,107.392303,1.369313,2.400000,19.983439,0.044120,0.075419,0.207368,12.530,0.224710,253.30,49.37,89.3,0.014677,0.985323,0,1
0.450284,5519.165678,0.188443,10.905414,52.280047,42.139281,8.126383,0.779823,97.575204,1.696988,1.862966,37.040804,0.044068,0.066532,0.144139,20.726,0.159843,352.30,47.73,97.8,0.016800,0.983200,0,1
0.688528,7735.748067,0.229596,10.279195,66.999402,34.889000,7.924266,0.853110,85.730244,1.689831,2.399703,39.754463,0.296474,0.216207,0.277788,21.294,0.386418,649.86,169.69,94.0,0.015013,0.984987,1,1
0.720000,5994.564440,0.234788,13.546254,50.000000,20.662793,7.873334,0.893286,110.000000,1.250000,2.364064,40.163886,0.056178,0.105145,0.161027,17.460,0.189056,570.87,86.41,107.3,0.014862,0.985138,0,1
0.720000,7099.650354,0.361031,10.815550,55.996390,30.030069,8.396574,0.914083,90.169946,1.464076,1.833060,32.874320,0.282109,0.202942,0.223672,24.855,0.289080,811.72,170.67,109.1,0.014657,0.985343,1,1
0.512012,5464.484182,0.080000,10.378751,60.975709,33.687428,8.170051,0.664883,76.411777,1.347804,2.400000,35.174585,0.218621,0.153310,0.189639,20.387,0.234143,526.08,93.78,78.7,0.007522,0.992478,1,1
0.575506,7800.000000,0.214086,10.000000,75.524450,21.661052,7.966279,0.670106,97.767656,1.735011,2.054507,39.265428,0.245474,0.179645,0.249560,16.327,0.330274,472.11,110.75,81.8,0.012503,0.987497,1,1
0.720000,6520.765116,0.245647,12.355339,50.000000,37.023611,7.837253,0.885754,99.458035,1.373995,1.935833,39.851317,0.053782,0.091685,0.215190,17.475,0.245300,369.36,74.71,110.8,0.017059,0.982941,0,1
0.695279,6142.573199,0.085044,13.028185,50.000000,23.299345,7.825339,0.880470,100.967509,1.250000,1.337495,38.333019,0.049019,0.091128,0.204933,11.125,0.256987,383.19,73.82,110.4,0.014517,0.985483,0,1
0.662344,7191.238897,0.241184,11.745532,54.387467,32.098854,8.450000,0.620000,72.403116,1.629158,2.078503,34.425742,0.107592,0.234390,0.298691,16.000,0.427997,476.18,133.70,76.8,0.009202,0.990798,0,1
0.720000,5405.475149,0.248187,10.000000,50.397639,45.222220,8.309985,0.727604,75.699814,1.306216,1.300000,31.132275,0.107640,0.222818,0.281083,22.736,0.419182,564.51,149.15,90.4,0.009852,0.990148,0,1
0.277281,7294.202727,0.278048,14.822530,70.803959,44.938322,8.236872,0.743868,56.365790,1.491459,2.306108,25.614826,0.037332,0.065232,0.113772,13.591,0.128665,417.43,44.64,93.3,0.011695,0.988305,0,1
0.581324,6217.308583,0.247364,16.163180,53.706737,26.094774,7.878565,0.891478,106.944104,1.250000,1.787375,31.145940,0.155413,0.102711,0.145915,17.163,0.167575,614.17,84.24,111.5,0.012544,0.987456,1,1
0.720000,6705.868273,0.167261,10.000000,72.698589,33.553636,8.144631,0.789077,95.001404,1.716311,1.485356,34.683016,0.098278,0.205516,0.282903,18.483,0.391953,561.03,149.19,98.9,0.014702,0.985298,0,1
0.720000,6539.523375,0.175353,10.000000,51.158471,18.000000,8.441876,0.882585,63.720340,1.750000,1.800531,30.772211,0.064453,0.125544,0.252832,12.265,0.346262,428.92,101.94,110.2,0.011781,0.988219,0,1
0.720000,7800.000000,0.275497,11.043572,67.878323,46.074204,8.383513,0.777671,91.122814,1.361161,2.026055,35.568700,0.089071,0.177166,0.303784,18.604,0.395327,443.89,126.75,97.5,0.014551,0.985449,0,1
0.706461,6984.124722,0.447955,10.248258,55.590279,42.827477,8.346890,0.931967,42.000000,1.384961,1.300000,32.725995,0.105845,0.216954,0.232576,25.000,0.421342,850.87,186.02,110.0,0.009137,0.990863,0,1
0.720000,3965.241273,0.095053,16.308182,63.573446,43.670462,8.211137,0.842774,71.535020,1.680797,2.077260,36.062461,0.067968,0.134109,0.158639,19.908,0.189437,697.30,103.98,104.3,0.006996,0.993004,0,1
0.631944,7664.606546,0.252387,10.000000,61.345711,43.143313,7.811597,0.664872,59.612927,1.652766,1.822545,18.000000,0.123063,0.266362,0.311850,21.083,0.453316,555.81,162.93,81.9,0.009325,0.990675,0,1
0.616639,5910.638420,0.171475,12.644338,59.332789,32.937251,7.909756,0.620000,92.184647,1.604081,1.965899,35.156603,0.157137,0.106274,0.189714,13.364,0.223959,339.92,60.62,78.0,0.014915,0.985085,1,1
0.720000,6809.240948,0.314509,10.326534,78.882703,23.084918,8.132953,0.678600,103.272745,1.250000,2.091130,40.664042,0.257946,0.190442,0.262658,16.166,0.353963,481.56,118.90,82.8,0.014764,0.985236,1,1
0.626057,6961.056351,0.205735,10.000000,66.217152,32.052850,8.298272,0.620070,91.067433,1.376741,2.400000,36.590163,0.080973,0.164808,0.267232,15.672,0.345532,374.27,94.02,78.0,0.014541,0.985459,0,1
0.625084,7800.000000,0.177882,10.000000,55.656516,25.078900,8.077098,0.877129,65.276179,1.490184,1.999867,18.000000,0.083901,0.170397,0.270602,16.358,0.373878,540.57,137.50,109.8,0.011737,0.988263,0,1
0.612352,7800.000000,0.337363,10.712436,66.348108,48.000000,8.211161,0.655811,52.085283,1.590625,1.770147,18.000000,0.099303,0.209602,0.280911,17.975,0.392449,478.92,126.46,82.5,0.011591,0.988409,0,1
0.568639,7800.000000,0.232676,11.408697,52.649095,18.329519,7.918573,0.932507,104.296406,1.589898,1.971948,39.855369,0.067951,0.132464,0.200049,17.887,0.247579,604.33,113.64,116.6,0.014914,0.985086,0,1
0.720000,6156.460474,0.450000,10.000000,54.133786,45.175984,8.450000,0.706196,79.301851,1.717827,1.300000,30.476497,0.081781,0.157248,0.240445,22.108,0.324004,452.02,102.16,88.7,0.012160,0.987840,0,1
0.720000,7756.636528,0.232123,12.584084,72.876885,30.666732,8.116463,0.854849,94.453798,1.675121,1.308129,24.666814,0.091800,0.193130,0.272911,16.197,0.373200,592.08,151.89,107.0,0.011382,0.988618,0,1
0.591799,5648.780732,0.113259,12.801424,50.000000,20.584436,8.438139,0.698044,99.913787,1.250000,1.546974,30.267210,0.221000,0.160757,0.203624,16.909,0.253357,539.37,103.24,87.7,0.014711,0.985289,1,1
0.573005,7268.331313,0.166306,11.354030,82.000000,21.142077,8.450000,0.665949,101.470381,1.299338,2.006365,40.978243,0.251270,0.187411,0.247942,15.419,0.329672,492.66,114.82,82.7,0.014628,0.985372,1,1
0.589868,7183.648231,0.211390,10.950440,52.132211,46.285018,8.185325,0.840257,88.491446,1.556172,1.888563,24.995578,0.115115,0.240791,0.266943,25.000,0.418810,741.81,186.14,99.0,0.014841,0.985159,0,1
0.547205,6665.439305,0.181981,10.945523,52.570447,23.921216,8.335478,0.846933,87.977753,1.563753,1.901894,32.752578,0.090522,0.186269,0.212517,22.251,0.271545,726.53,145.14,102.2,0.012515,0.987485,0,1
0.409108,7800.000000,0.166488,11.386153,57.289224,28.581174,8.052880,0.950000,91.386193,1.432990,2.315374,37.297210,0.182687,0.118737,0.165690,21.418,0.196462,666.31,103.78,107.8,0.014977,0.985023,1,1
0.569272,6433.287966,0.235032,11.531753,57.448672,29.947116,8.450000,0.913965,85.694134,1.551341,1.809270,36.845371,0.076299,0.151209,0.195419,20.667,0.245516,692.15,127.14,114.4,0.012094,0.987906,0,1
0.689793,7800.000000,0.224470,13.247607,55.141977,18.000000,7.793472,0.704443,103.024982,1.693267,1.389616,29.390020,0.083091,0.175162,0.259454,13.871,0.343579,465.46,113.52,88.5,0.014059,0.985941,0,1
0.720000,7800.000000,0.228130,10.982722,68.926838,45.140751,7.868701,0.806499,79.080003,1.750000,2.249665,31.196056,0.279751,0.201858,0.299703,18.548,0.420521,531.64,149.77,93.9,0.010024,0.989976,1,1
0.720000,6673.313340,0.296833,10.000000,55.456640,41.232614,7.555816,0.767970,69.838824,1.356143,1.773974,33.862391,0.079893,0.156300,0.269184,17.951,0.363239,436.43,110.43,96.3,0.012377,0.987623,0,1
0.368514,7497.408781,0.183823,14.279317,52.290187,32.494253,7.881224,0.707249,109.218730,1.260862,1.422772,39.463210,0.052657,0.098977,0.140584,16.905,0.160378,487.34,64.40,88.8,0.014851,0.985149,0,1
0.720000,7296.898122,0.227190,13.780429,64.373374,35.894470,7.987066,0.733898,109.315401,1.715735,1.455789,21.805618,0.048307,0.086891,0.245036,10.075,0.284415,254.71,58.67,92.1,0.017077,0.982923,0,1
0.720000,7256.927225,0.113439,12.798368,66.546150,29.776415,8.013417,0.754495,97.005054,1.740553,1.983064,42.000000,0.051271,0.095315,0.245810,9.521,0.311702,286.34,66.16,94.6,0.017043,0.982957,0,1
0.594509,7800.000000,0.292252,12.365457,50.000000,46.549019,8.095972,0.687772,110.000000,1.723134,1.498961,36.662113,0.098456,0.206782,0.268287,19.321,0.360427,518.82,130.84,87.5,0.015185,0.984815,0,1
0.610294,6988.523609,0.151583,10.000000,71.769968,42.027321,8.338286,0.889692,93.317548,1.533023,1.812484,29.396496,0.113069,0.237343,0.260186,25.000,0.372411,794.31,194.27,105.3,0.014655,0.985345,0,1
0.536340,4843.814786,0.185685,12.723070,54.551657,22.172755,8.450000,0.644234,101.838197,1.692155,1.484384,26.970632,0.045780,0.083525,0.158424,13.914,0.169323,332.43,49.50,81.0,0.017113,0.982887,0,1
0.643333,7800.000000,0.450000,10.702968,57.737841,18.000000,7.453209,0.627616,90.192482,1.498491,2.236590,25.036103,0.060961,0.029817,0.168197,4.992,0.192636,108.89,17.22,79.5,0.014408,0.985592,1,1
0.467333,7800.000000,0.208510,14.563543,57.674515,35.080968,8.047415,0.656277,84.917782,1.674145,1.308111,41.386055,0.033716,0.057679,0.197866,6.692,0.235924,187.24,34.83,84.1,0.019267,0.980733,0,1
0.651060,7135.147152,0.146761,10.911196,82.000000,37.770911,7.928038,0.763811,74.557506,1.718779,2.292793,36.398668,0.086704,0.179550,0.265572,16.174,0.364536,505.42,126.17,95.5,0.009343,0.990657,0,1
0.408536,6363.457084,0.189506,13.491891,53.980406,37.635781,8.194864,0.877785,97.741999,1.738460,1.375401,37.502985,0.054337,0.093775,0.150310,21.446,0.163932,535.98,75.73,109.9,0.017029,0.982971,0,1
0.713340,7800.000000,0.149860,12.666583,61.300276,25.699695,8.450000,0.950000,108.817183,1.390235,2.316614,39.878533,0.102210,0.216690,0.267788,19.624,0.366703,752.37,189.39,110.7,0.014648,0.985352,0,1
0.557507,7003.551746,0.239441,13.840931,52.977847,39.791186,8.298146,0.823179,46.272713,1.382399,1.793026,36.641369,0.095638,0.199537,0.223517,21.964,0.297597,719.23,151.11,100.6,0.009216,0.990784,0,1
0.622404,5777.414147,0.151952,10.278278,58.270372,22.984207,8.098919,0.815554,42.000000,1.258602,1.720016,31.475546,0.090013,0.186343,0.216469,20.990,0.288514,687.11,139.81,92.7,0.009140,0.990860,0,1
0.719418,4624.536140,0.258198,10.815085,63.473936,36.132878,8.440773,0.668010,86.323821,1.560890,2.011638,23.737066,0.052798,0.097017,0.210127,13.686,0.241294,301.86,59.62,84.0,0.016901,0.983099,0,1
0.720000,7095.473276,0.192778,14.348407,51.914980,48.000000,8.450000,0.945060,98.183040,1.487604,1.858782,25.734077,0.061916,0.108700,0.239864,19.036,0.273563,419.17,94.51,118.2,0.016777,0.983223,0,1
0.709123,7318.210257,0.173216,14.985667,65.043026,40.597832,8.031206,0.906186,92.242139,1.432973,2.170725,30.947280,0.048032,0.086711,0.218209,11.268,0.263263,352.44,72.29,113.4,0.017062,0.982938,0,1
0.720000,4436.866631,0.209258,10.000000,55.630096,48.000000,8.385805,0.714823,101.177683,1.529883,1.407967,36.345277,0.067047,0.119439,0.232105,20.849,0.296411,360.02,78.55,89.7,0.016804,0.983196,0,1
0.272991,3748.813801,0.450000,10.872529,67.235724,31.175992,7.492170,0.620000,91.989185,1.315676,1.548377,28.668259,0.014009,0.015926,0.051978,8.936,0.051777,185.92,9.08,78.0,0.016954,0.983046,0,1
0.690075,7519.284272,0.152792,10.000000,54.625420,40.153976,8.432679,0.810800,56.457954,1.453747,1.873269,18.029476,0.141294,0.306967,0.334119,25.000,0.512697,729.06,228.98,95.4,0.009270,0.990730,0,1
0.534932,7366.364662,0.160829,10.799425,62.228239,21.585356,7.698124,0.836694,84.113648,1.675565,1.300000,38.244138,0.089572,0.186225,0.219719,20.348,0.285553,694.06,143.35,104.8,0.013895,0.986105,0,1
0.536693,7800.000000,0.182043,13.307343,51.713441,26.188408,8.287738,0.909447,46.402083,1.365281,1.818420,28.454152,0.079608,0.162849,0.217572,17.852,0.287262,666.22,136.25,113.8,0.009219,0.990781,0,1
0.379314,6407.565639,0.167927,12.133397,54.956095,22.807949,8.078570,0.756598,110.000000,1.706593,1.945426,26.785815,0.050591,0.091386,0.123747,18.874,0.137790,546.85,63.61,94.1,0.014831,0.985169,0,1
0.645098,6883.665847,0.243175,14.166263,50.000000,22.047051,8.450000,0.688019,110.000000,1.254835,1.722810,40.976469,0.235246,0.174687,0.240269,14.402,0.313325,489.58,110.57,86.4,0.014627,0.985373,1,1
0.329000,7800.000000,0.264244,11.219075,64.053031,45.893694,7.717129,0.673854,102.052469,1.581463,2.115096,31.231844,0.045239,0.075584,0.119507,19.443,0.130599,417.12,46.86,82.4,0.015133,0.984867,0,1
0.720000,7483.000388,0.208480,10.917019,69.847186,48.000000,8.009403,0.771049,94.734665,1.388014,1.520513,28.377811,0.121023,0.259803,0.311684,21.526,0.449748,629.03,184.30,95.5,0.014780,0.985220,0,1
0.676057,5849.119925,0.238883,10.070664,55.987274,26.845897,7.581508,0.895948,95.042432,1.250000,1.399357,24.225056,0.248633,0.173216,0.205991,24.335,0.256680,737.36,142.78,110.7,0.015021,0.984979,1,1
0.535670,6097.525389,0.246719,10.002494,57.020670,38.988167,8.424620,0.939309,67.468536,1.447692,1.908302,26.377322,0.102367,0.208647,0.230526,25.000,0.384672,832.07,180.31,106.2,0.009019,0.990981,0,1
0.598325,5504.479574,0.161455,10.529966,58.754795,48.000000,7.992834,0.863559,65.100174,1.347943,1.499347,18.661619,0.116416,0.243846,0.263104,25.000,0.443103,783.32,193.73,105.5,0.009133,0.990867,0,1
0.690559,7800.000000,0.172248,10.789996,55.201022,32.309991,7.930713,0.730292,103.121706,1.682279,1.300000,38.670810,0.115245,0.247982,0.312494,19.061,0.454161,567.20,166.61,91.6,0.012368,0.987632,0,1
0.573718,4414.129207,0.209382,12.604893,79.198522,28.651465,7.478870,0.682783,89.028933,1.750000,1.704455,40.285338,0.030680,0.051101,0.110758,11.388,0.122979,308.31,32.10,85.8,0.011815,0.988185,0,1
0.600247,7695.144734,0.201551,10.000000,66.072783,31.699640,8.116957,0.851296,66.347925,1.750000,1.727714,28.836458,0.096103,0.199795,0.260487,19.804,0.358448,639.05,156.48,106.6,0.011756,0.988244,0,1
0.568719,5753.738291,0.345354,11.937685,57.249966,34.661262,8.298326,0.923818,90.853999,1.428848,2.277260,36.435541,0.074953,0.143091,0.163403,25.000,0.199719,791.77,121.61,106.6,0.014691,0.985309,0,1
0.565701,5606.916496,0.258645,12.519917,71.862853,48.000000,7.350000,0.919933,57.412692,1.729151,1.405427,27.056881,0.081653,0.160299,0.173605,25.000,0.227687,831.35,135.67,114.1,0.009362,0.990638,0,1
0.429734,4645.846074,0.204542,13.935935,81.218809,29.219157,8.395432,0.930962,86.813801,1.606986,1.307975,22.795556,0.049588,0.087259,0.101188,20.924,0.111910,785.73,74.74,117.2,0.013852,0.986148,0,1
0.517425,6998.142413,0.246274,13.525262,74.492056,29.169956,7.691449,0.825072,102.685998,1.320960,1.913702,26.112953,0.145644,0.093955,0.143298,16.852,0.163005,529.46,71.32,103.3,0.015037,0.984963,1,1
0.292707,6584.902218,0.225955,12.686212,71.855772,31.464407,7.849151,0.683499,106.295572,1.406698,1.372554,36.331109,0.026636,0.040259,0.093054,12.317,0.094155,289.42,25.32,85.9,0.014728,0.985272,0,1
0.555079,7800.000000,0.080000,10.292246,60.379941,44.505741,8.080488,0.651098,65.970245,1.604633,2.400000,20.613153,0.063298,0.120660,0.278636,11.373,0.378859,275.95,72.28,82.2,0.014709,0.985291,0,1
0.596438,7800.000000,0.283184,10.000000,75.510538,48.000000,8.403482,0.672210,57.038600,1.669523,1.599146,37.177928,0.087028,0.179187,0.287669,14.945,0.414038,409.81,110.81,84.5,0.011648,0.988352,0,1
0.688690,7800.000000,0.262116,11.607354,56.628169,36.856360,8.450000,0.788671,66.033161,1.399349,1.976840,29.928191,0.118639,0.255978,0.295103,21.217,0.423719,669.55,185.73,94.8,0.009275,0.990725,0,1
0.654311,7489.396493,0.197823,12.020504,54.444382,22.108576,7.742992,0.898001,89.556869,1.697620,1.886243,30.945399,0.061523,0.118268,0.220218,14.409,0.276933,472.01,97.71,112.3,0.014283,0.985717,0,1
0.612191,6515.890752,0.107512,14.924749,52.119134,39.107522,8.244077,0.882701,83.148825,1.404819,2.018456,39.960564,0.076726,0.153584,0.213764,18.846,0.271025,620.71,124.72,110.5,0.014806,0.985194,0,1
0.614907,7536.950366,0.123238,10.735709,76.892499,47.875635,7.850924,0.866339,92.929843,1.317672,1.627581,35.762624,0.064301,0.119191,0.250730,16.054,0.308947,403.08,95.00,108.4,0.017019,0.982981,0,1
0.630671,6660.485051,0.278058,10.775871,52.084955,19.520749,8.342545,0.778524,86.617909,1.351973,1.817583,36.521392,0.077367,0.158201,0.219630,16.976,0.283130,548.84,113.31,97.6,0.011936,0.988064,0,1
0.626188,7706.695365,0.231032,10.374609,60.567907,31.153209,8.163060,0.742397,88.037183,1.454245,2.400000,37.782034,0.086556,0.176128,0.269417,17.648,0.358151,475.01,120.30,92.4,0.014538,0.985462,0,1
0.550723,7490.102692,0.209462,12.595541,60.432339,41.692140,7.850381,0.950000,100.196552,1.585645,1.947975,29.905118,0.048374,0.079454,0.182802,18.140,0.196301,404.13,69.44,118.8,0.017054,0.982946,0,1
0.720000,5660.596299,0.206421,10.000000,54.019213,22.331981,8.430739,0.944580,100.509232,1.304982,1.932749,36.571737,0.268478,0.191856,0.214609,24.213,0.275697,826.47,166.73,110.5,0.014613,0.985387,1,1
0.333506,6108.962286,0.230172,12.248053,58.133557,36.174567,7.984485,0.678446,89.539402,1.642194,2.136217,34.305143,0.039081,0.064198,0.109895,16.991,0.117212,387.90,40.07,85.2,0.014568,0.985432,0,1
0.720000,7343.680614,0.306432,12.103845,58.928930,46.089821,7.611083,0.931036,107.610358,1.578808,2.228813,29.514749,0.063622,0.111389,0.200514,22.615,0.227880,506.20,95.41,116.4,0.014762,0.985238,0,1
0.720000,7800.000000,0.208941,10.000000,56.655458,42.367583,8.036845,0.620000,98.213949,1.513632,1.835391,34.464679,0.117977,0.253865,0.343985,17.847,0.515998,447.83,144.80,76.4,0.014950,0.985050,0,1
0.661414,6979.861265,0.265295,11.840207,65.677011,32.142551,7.928974,0.838394,102.040564,1.609141,2.400000,35.750021,0.046213,0.078519,0.181190,15.603,0.195396,355.59,60.56,105.0,0.014659,0.985341,0,1
0.720000,6337.265595,0.275765,10.597689,63.218510,19.274021,8.245160,0.950000,83.121752,1.555051,2.068696,39.848037,0.074651,0.149514,0.202850,18.609,0.258238,685.32,130.68,118.5,0.011529,0.988471,0,1
0.720000,6083.401827,0.134214,10.000000,53.411914,25.805009,8.450000,0.865188,109.364280,1.686000,2.092038,25.435895,0.103896,0.216695,0.253539,23.207,0.336298,723.73,172.48,101.6,0.014783,0.985217,0,1
0.668727,4673.363108,0.120705,14.465166,50.000000,22.821993,8.300305,0.713984,96.516049,1.388092,1.917993,38.547196,0.044449,0.081418,0.162594,12.665,0.181074,349.92,53.48,89.6,0.017126,0.982874,0,1
0.720000,6578.722978,0.262682,11.629014,54.593412,30.713527,8.037258,0.634651,108.940402,1.429134,2.059873,30.300224,0.061864,0.118837,0.235081,13.930,0.281279,314.00,69.39,79.8,0.014660,0.985340,0,1
0.639021,7800.000000,0.265999,12.214920,64.686033,41.792112,7.716617,0.784178,59.868148,1.629059,1.866199,18.000000,0.106751,0.227506,0.270358,20.505,0.371434,645.85,164.13,96.8,0.007024,0.992976,0,1
0.647197,5813.928807,0.253618,10.808623,53.534824,29.725858,8.450000,0.794996,90.362782,1.332563,2.078479,31.549187,0.068528,0.130499,0.215934,18.827,0.259168,470.23,95.45,99.6,0.014515,0.985485,0,1
0.720000,7430.261186,0.183519,14.142824,66.501629,30.648595,7.429388,0.636453,105.406160,1.666974,1.483609,24.676913,0.049632,0.021329,0.178757,2.838,0.208141,74.32,12.49,80.4,0.016815,0.983185,1,1
0.720000,6297.798994,0.151858,10.000000,50.000000,24.897947,8.450000,0.675405,93.836880,1.293577,1.705599,36.092812,0.327168,0.248198,0.300126,18.849,0.431525,546.66,154.22,83.3,0.014590,0.985410,1,1
0.720000,7246.326579,0.310585,13.302400,52.104643,29.939676,7.625730,0.690582,104.705534,1.576819,2.251318,34.051087,0.092602,0.052928,0.167799,9.401,0.186194,213.19,33.63,86.7,0.014464,0.985536,1,1
0.639208,4475.036036,0.242724,13.990750,62.043231,31.528975,7.906940,0.651847,83.243329,1.655995,2.081402,42.000000,0.026369,0.043603,0.140348,7.017,0.161880,198.21,26.15,82.0,0.014122,0.985878,0,1
0.710834,6979.651315,0.185514,15.436848,50.000000,39.710596,8.128909,0.917382,74.460688,1.393911,2.028446,37.927303,0.088077,0.181511,0.251902,18.188,0.340262,646.97,153.19,114.7,0.011780,0.988220,0,1
0.663097,7800.000000,0.234390,10.000000,50.000000,42.412925,8.329880,0.808058,57.372920,1.429737,1.746350,18.000000,0.143968,0.314076,0.340762,25.000,0.573048,728.93,233.49,96.2,0.009174,0.990826,0,1
0.384412,6170.100317,0.276739,15.328670,82.000000,25.676404,8.330720,0.687279,110.000000,1.649803,2.144796,41.446273,0.116938,0.075330,0.114057,13.712,0.126485,444.27,47.63,86.3,0.014731,0.985269,1,1
0.391611,6319.068644,0.173966,13.193023,82.000000,33.335710,8.060814,0.747999,107.225116,1.685868,1.793849,30.595068,0.021925,0.030723,0.112804,9.408,0.101968,199.39,21.14,93.8,0.016952,0.983048,0,1
0.601786,6592.572685,0.188453,10.000000,56.869217,21.352307,8.010198,0.658441,60.558997,1.430102,1.980959,20.806565,0.058728,0.113965,0.249385,10.269,0.333484,294.49,69.04,82.8,0.014091,0.985909,0,1
0.682740,7449.718498,0.239665,11.947077,57.687302,46.217015,8.283520,0.925118,96.286290,1.737894,1.316143,25.984679,0.072833,0.133372,0.268131,19.661,0.348749,450.38,113.51,115.7,0.016778,0.983222,0,1
0.548225,7800.000000,0.267545,14.531275,59.920923,48.000000,8.255292,0.909284,83.378943,1.582806,1.636713,27.982834,0.083965,0.168464,0.222722,21.173,0.281826,673.14,140.93,113.7,0.014724,0.985276,0,1
0.388561,5367.300158,0.219474,11.397754,77.233805,28.864203,7.733890,0.745056,82.187825,1.745900,2.136660,37.029250,0.030938,0.049417,0.101061,13.239,0.110313,356.57,33.87,93.5,0.014238,0.985762,0,1
0.655222,7800.000000,0.380645,10.007120,68.388021,27.790708,8.128640,0.950000,90.092721,1.697137,2.251689,26.802309,0.261689,0.185826,0.217674,23.680,0.277204,793.75,162.41,107.0,0.012520,0.987480,1,1
0.576284,4655.607677,0.080000,13.002411,56.690300,18.235078,8.371216,0.665410,100.827469,1.278354,2.400000,38.528724,0.132960,0.086972,0.144490,13.992,0.161132,392.01,53.24,82.5,0.014737,0.985263,1,1
0.711267,7800.000000,0.288118,13.846773,55.678527,47.633622,8.248649,0.658986,93.786382,1.603800,1.817374,27.318556,0.060981,0.114821,0.271582,12.192,0.332510,272.68,69.61,82.8,0.014571,0.985429,0,1
0.720000,7382.264410,0.191540,10.000000,52.008676,47.732654,7.704822,0.806761,66.989215,1.646246,1.654906,28.857139,0.118949,0.250826,0.327143,21.429,0.535349,605.40,186.17,101.6,0.012370,0.987630,0,1
0.550262,7800.000000,0.254633,12.194727,70.721944,34.781771,7.929039,0.697762,93.833693,1.610656,1.427445,25.263597,0.087859,0.184807,0.242336,17.121,0.314715,520.80,118.64,87.6,0.015022,0.984978,0,1
0.362359,6881.353191,0.235994,11.984290,51.477797,28.443265,7.870711,0.696369,93.365182,1.529044,2.048973,28.758773,0.050501,0.090879,0.128622,18.680,0.143982,481.56,58.22,86.4,0.014836,0.985164,0,1
0.716325,7158.208809,0.193751,10.867042,69.851115,35.783717,7.922984,0.858146,87.059438,1.652259,1.300000,27.161625,0.081778,0.165493,0.273096,15.642,0.375666,508.96,130.66,107.4,0.011949,0.988051,0,1
0.458023,6863.350925,0.250463,10.999715,75.612331,27.803397,7.557310,0.950000,108.551458,1.336063,1.845443,37.783490,0.037940,0.059119,0.119834,17.339,0.125442,458.71,51.67,118.8,0.017404,0.982596,0,1
0.644135,7733.931673,0.087684,12.128533,55.148122,42.700268,8.225753,0.872618,71.308212,1.722930,2.024217,29.565589,0.128234,0.275879,0.306378,24.045,0.447618,769.03,221.48,103.6,0.009152,0.990848,0,1
0.429483,6834.868920,0.080000,11.464880,59.615005,35.934844,8.450000,0.666372,89.495409,1.357681,1.300000,30.929530,0.215906,0.153190,0.210235,17.712,0.261796,475.23,93.92,83.8,0.014682,0.985318,1,1
0.707472,6797.136376,0.169531,10.000000,62.678141,48.000000,8.165387,0.922816,106.040902,1.721051,1.916857,42.000000,0.093532,0.178754,0.280500,24.466,0.427726,575.57,151.76,111.9,0.017277,0.982723,0,1
0.501970,3147.347141,0.104990,13.109830,75.696688,26.832396,8.450000,0.790790,89.641345,1.375444,2.049738,35.674862,0.044836,0.077801,0.093043,19.379,0.102546,647.17,56.60,97.7,0.010969,0.989031,0,1
0.720000,5661.414552,0.203333,14.912408,82.000000,20.945697,8.440439,0.699054,99.396778,1.250000,1.652737,41.080775,0.060966,0.124438,0.208431,11.308,0.261552,408.47,80.03,91.5,0.011966,0.988034,0,1
0.720000,5959.294100,0.243543,10.511128,75.865923,33.319824,8.125706,0.620000,91.296892,1.250000,1.691504,40.950877,0.065912,0.130759,0.253208,12.127,0.326303,313.36,74.58,78.0,0.014598,0.985402,0,1
0.720000,7600.589784,0.238861,12.014301,66.516671,34.734146,8.296100,0.880520,88.569138,1.508938,2.400000,30.805742,0.090176,0.185199,0.269432,18.233,0.360662,592.36,150.03,110.2,0.014542,0.985458,0,1
0.681284,6475.540883,0.154778,12.397309,62.450890,30.402337,8.343472,0.898091,86.811549,1.271083,2.380709,35.095836,0.272880,0.199595,0.238074,20.834,0.314284,736.92,164.91,104.5,0.015016,0.984984,1,1
0.555641,4558.112152,0.175647,10.000000,54.208710,28.550628,8.229277,0.699790,108.251253,1.258197,2.129341,34.903859,0.035675,0.052386,0.133639,16.860,0.128264,268.48,33.73,87.9,0.016867,0.983133,0,1
0.642923,7750.988188,0.117195,10.000000,60.627879,42.869387,7.972196,0.930914,60.523084,1.725640,1.950111,41.704276,0.101110,0.207404,0.322085,17.857,0.542713,586.70,177.63,116.1,0.009313,0.990687,0,1
0.598795,7800.000000,0.255637,11.273325,50.000000,34.929750,7.998511,0.950000,89.692492,1.378136,1.353466,35.953093,0.096819,0.196338,0.250934,22.557,0.377501,727.49,171.60,118.8,0.014745,0.985255,0,1
0.446019,7800.000000,0.140058,15.078195,65.400463,33.846409,7.867449,0.631347,79.482351,1.267316,1.334102,21.469036,0.048611,0.094826,0.191354,9.737,0.232016,306.21,55.08,82.2,0.011864,0.988136,0,1
0.412847,6535.063367,0.231555,10.000000,78.715931,33.896713,8.425210,0.725638,90.517920,1.645397,1.900448,34.293422,0.215254,0.149779,0.172867,21.630,0.209662,615.34,99.99,88.2,0.014649,0.985351,1,1
0.675420,7050.876064,0.200508,12.095126,72.977616,30.619178,8.219857,0.787524,98.599944,1.352383,1.491692,23.922733,0.057890,0.111480,0.249019,10.552,0.322387,345.05,80.77,98.7,0.017069,0.982931,0,1
0.545511,7509.400008,0.105783,13.053737,63.470848,26.060797,8.091047,0.929718,84.764398,1.340783,1.759161,36.060082,0.087460,0.181328,0.212466,20.328,0.272622,776.58,155.10,114.3,0.013771,0.986229,0,1
0.720000,6024.079264,0.153594,11.195579,50.000000,24.625225,8.450000,0.809613,110.000000,1.250000,1.485581,30.007024,0.102847,0.217865,0.255915,20.909,0.342353,674.57,162.28,101.3,0.014649,0.985351,0,1
0.720000,5422.639709,0.173942,11.826147,58.676617,20.343922,8.450000,0.837777,77.494164,1.426214,1.767065,32.071557,0.085970,0.178820,0.212588,19.450,0.272547,689.71,137.83,102.7,0.009440,0.990560,0,1
0.539753,5824.250519,0.100237,10.000000,66.086276,20.745686,8.060351,0.786961,110.000000,1.325867,2.400000,33.673606,0.059914,0.112111,0.154855,19.738,0.180183,557.61,81.17,91.2,0.014857,0.985143,0,1
0.520359,5268.807159,0.234954,10.755285,70.466783,30.639145,7.950071,0.907290,86.282140,1.675510,2.339840,34.564869,0.053952,0.096762,0.140118,19.827,0.163049,613.22,80.77,114.1,0.012431,0.987569,0,1
0.701122,6669.075527,0.158691,10.000000,67.947387,23.649275,7.847059,0.770029,98.014709,1.330748,1.493904,37.706875,0.099988,0.211915,0.263747,19.143,0.359488,605.54,150.13,95.7,0.015021,0.984979,0,1
0.513931,7665.915807,0.080000,10.632843,50.657023,38.473171,8.206410,0.690645,88.148500,1.469503,2.400000,22.344588,0.094406,0.193558,0.246635,21.841,0.319032,530.48,122.99,81.2,0.012481,0.987519,0,1
0.289295,7800.000000,0.232409,12.994758,76.010661,34.482737,7.723944,0.665897,86.414347,1.373861,2.235512,39.983284,0.026721,0.042609,0.098509,10.775,0.107648,281.90,26.10,84.2,0.014588,0.985412,0,1
0.598721,7800.000000,0.134742,10.515703,56.828552,44.749354,8.330111,0.790152,51.246721,1.520141,1.963536,30.036514,0.116443,0.246143,0.315184,21.176,0.474668,603.94,178.93,98.8,0.011601,0.988399,0,1
0.553760,7639.418820,0.213450,10.679074,70.227624,26.867473,8.347577,0.671625,100.260446,1.286185,2.024913,42.000000,0.234563,0.169579,0.255858,15.627,0.331542,435.67,104.78,82.4,0.014706,0.985294,1,1
0.554805,7800.000000,0.112256,10.000000,56.698335,46.453189,7.985907,0.876970,85.395556,1.474829,2.400000,29.350407,0.104293,0.211179,0.254786,25.000,0.410484,711.41,170.38,92.6,0.012600,0.987400,0,1
0.720000,7466.526819,0.245454,13.939680,82.000000,18.342780,8.296141,0.905532,110.000000,1.498477,2.346386,35.068990,0.231607,0.169021,0.229058,16.236,0.294740,653.97,140.81,109.7,0.014839,0.985161,1,1
0.700006,7454.382669,0.223208,10.988365,82.000000,25.012043,8.450000,0.637891,104.991033,1.479967,1.652740,42.000000,0.073906,0.149366,0.292468,11.579,0.380951,318.84,87.66,80.2,0.014557,0.985443,0,1
0.626940,7079.367515,0.176024,13.124935,54.789655,48.000000,8.356061,0.620000,73.225265,1.732715,2.036968,38.215259,0.304300,0.231073,0.294303,16.456,0.419281,476.44,131.80,77.4,0.010013,0.989987,1,1
0.639164,7800.000000,0.159043,10.000000,70.173725,47.528323,8.133658,0.876792,62.945056,1.387182,2.348434,25.700701,0.130388,0.278450,0.313283,25.000,0.475608,762.72,224.61,95.6,0.009217,0.990783,0,1
0.720000,5337.354177,0.258439,11.801674,58.912532,18.162018,8.218921,0.899738,95.952690,1.493533,2.056808,40.370366,0.064785,0.127502,0.181249,17.096,0.222636,619.47,105.54,112.6,0.011801,0.988199,0,1
0.712529,5469.735864,0.264694,12.210965,59.325622,23.944137,8.363550,0.670726,80.447795,1.266887,1.793059,40.512855,0.062141,0.124345,0.223863,11.939,0.285330,364.63,76.73,84.3,0.014215,0.985785,0,1
0.670123,7593.897281,0.141737,16.784946,52.882845,36.826915,7.922802,0.920114,109.638898,1.250000,1.917937,27.811937,0.055229,0.102707,0.193538,15.294,0.225485,477.90,86.94,115.1,0.014661,0.985339,0,1
0.677543,7800.000000,0.268275,11.102478,65.152792,39.035475,7.883347,0.821952,101.671386,1.670645,2.371677,40.269974,0.085364,0.171332,0.243119,20.218,0.317003,566.93,129.56,93.8,0.014934,0.985066,0,1
0.588120,4877.600004,0.248589,16.697272,74.135225,29.999737,8.360601,0.845304,78.657737,1.386568,1.930931,26.726499,0.024754,0.040384,0.128520,7.178,0.142645,259.96,31.41,105.8,0.014368,0.985632,0,1
0.709939,7800.000000,0.364788,10.000000,50.000000,30.958851,8.295746,0.946375,99.358251,1.703549,2.044334,28.786853,0.068828,0.122959,0.254958,20.028,0.330951,446.70,107.06,118.3,0.016886,0.983114,0,1
0.694770,7800.000000,0.226701,12.155504,50.869966,48.000000,8.018100,0.874418,65.189933,1.396877,1.770196,28.024147,0.113159,0.238044,0.304505,21.404,0.452451,669.02,191.50,109.4,0.011785,0.988215,0,1
0.380132,5546.768346,0.196801,10.000000,55.830328,29.408057,7.483828,0.738078,97.349591,1.250000,1.398648,21.567494,0.050830,0.085561,0.113044,22.841,0.123553,546.75,58.10,92.6,0.014993,0.985007,0,1
0.720000,7800.000000,0.223559,12.389618,71.864655,25.640504,7.965880,0.800883,91.090704,1.459461,2.275276,31.593710,0.072664,0.146759,0.252041,13.674,0.333522,456.42,108.13,100.4,0.012178,0.987822,0,1
0.683413,7800.000000,0.090410,11.861383,53.666149,44.809264,7.907566,0.869072,103.671975,1.690801,1.964507,36.707838,0.078610,0.144489,0.259993,23.445,0.310481,472.70,115.53,108.8,0.017245,0.982755,0,1
0.720000,7084.843504,0.131815,12.502875,54.551037,47.778481,8.315094,0.848606,58.739375,1.385321,1.782296,22.506181,0.133004,0.287848,0.313969,24.228,0.464716,761.45,224.73,103.8,0.009290,0.990710,0,1
0.709299,7358.427027,0.381908,10.000000,77.511782,28.364879,8.155087,0.700806,110.000000,1.250000,2.238957,41.379335,0.091337,0.190754,0.267404,17.185,0.361114,489.29,122.99,83.0,0.014859,0.985141,0,1
0.572968,7739.252093,0.180669,11.433977,65.384938,23.142963,7.882452,0.682148,84.296287,1.669382,2.091442,40.535204,0.082995,0.173647,0.240716,15.776,0.316808,481.62,108.98,83.7,0.013568,0.986432,0,1
0.573229,7800.000000,0.234969,12.570761,72.812182,26.149031,7.691427,0.622436,92.202961,1.730835,1.894394,41.053558,0.171518,0.119744,0.204195,12.682,0.251866,357.24,68.57,78.3,0.014027,0.985973,1,1
0.699253,6885.256356,0.162722,14.441635,63.453222,38.818913,8.341638,0.874765,91.562519,1.448371,2.400000,36.832517,0.233794,0.166910,0.243589,17.430,0.313463,586.64,134.33,105.1,0.014690,0.985310,1,1
0.660564,6354.931861,0.173277,11.337753,69.902238,20.096598,8.450000,0.680377,108.608888,1.284836,1.563647,33.684516,0.259197,0.193658,0.250910,16.077,0.332823,513.96,121.22,85.5,0.014601,0.985399,1,1
0.501585,5750.310867,0.239556,13.061033,70.576184,20.161605,8.078966,0.731892,94.327770,1.719303,2.397179,34.459751,0.039482,0.070746,0.132739,12.733,0.149379,381.78,47.64,91.8,0.014702,0.985298,0,1
0.688949,7551.540263,0.189938,13.130874,61.985826,43.735878,8.306203,0.950000,95.390085,1.490079,1.910288,34.042666,0.113194,0.239232,0.272760,23.656,0.376180,815.50,209.09,114.4,0.012275,0.987725,0,1
0.720000,5269.158532,0.270153,12.763608,52.293735,24.752948,8.345111,0.947887,105.936390,1.333725,1.902409,34.047120,0.078582,0.156387,0.182115,22.341,0.222021,796.66,136.38,115.4,0.014667,0.985333,0,1
0.676392,6740.115169,0.217770,10.578393,52.172576,29.096587,7.603754,0.766347,108.232134,1.267054,1.970059,38.152296,0.068158,0.130192,0.197958,19.533,0.241069,493.28,91.79,91.8,0.015013,0.984987,0,1
0.460899,5287.726607,0.080000,10.000000,58.522011,44.409242,8.043302,0.763464,66.235055,1.703649,1.830531,35.262136,0.090667,0.181563,0.197660,25.000,0.291793,686.37,127.53,90.8,0.010006,0.989994,0,1
0.720000,7115.730136,0.205585,12.863350,60.909265,39.192620,8.154818,0.906428,80.669869,1.468946,2.400000,35.963743,0.299890,0.220690,0.266453,21.629,0.365653,734.78,184.04,104.7,0.015015,0.984985,1,1
0.558847,7800.000000,0.427610,12.575033,70.273545,31.815239,8.316289,0.950000,95.327493,1.414616,2.124043,39.071399,0.064210,0.122713,0.169038,19.590,0.201030,674.97,107.25,118.8,0.014599,0.985401,0,1
0.560808,7800.000000,0.220955,12.718638,59.814925,36.361995,7.949203,0.634260,94.554917,1.725368,2.083705,34.619236,0.156620,0.104550,0.215503,12.246,0.258456,301.16,61.01,79.8,0.014807,0.985193,1,1
0.526275,5854.016453,0.134211,13.861846,75.843984,22.572570,8.450000,0.904365,95.712422,1.267963,1.816895,25.576811,0.055540,0.106995,0.153055,16.136,0.179409,618.75,89.02,113.1,0.011824,0.988176,0,1
0.530656,7710.554993,0.258635,13.008942,65.438860,20.762872,8.043954,0.746885,86.184702,1.750000,2.400000,39.946216,0.061643,0.123154,0.201611,13.381,0.251942,446.53,84.62,93.4,0.011326,0.988674,0,1
0.708893,6649.795275,0.257643,10.000000,63.671839,36.193761,8.214124,0.930439,95.837500,1.281173,2.272873,33.863778,0.104936,0.215760,0.252192,25.000,0.347037,779.09,184.69,102.7,0.014758,0.985242,0,1
0.668409,6827.108473,0.270723,14.732824,78.125850,35.314571,8.304965,0.893402,93.771256,1.666261,2.320950,35.796459,0.066432,0.132470,0.203313,15.510,0.251235,569.72,108.88,111.8,0.014698,0.985302,0,1
0.698926,7744.386182,0.200865,10.000000,75.670807,48.000000,8.224890,0.877820,97.491824,1.710696,1.864359,30.544485,0.126042,0.268121,0.305194,24.996,0.439809,754.78,216.53,103.1,0.014783,0.985217,0,1
0.546427,7800.000000,0.274694,11.243495,73.038592,20.645027,7.878490,0.657852,98.225098,1.747949,1.978113,41.019006,0.088088,0.049476,0.191157,7.480,0.208959,166.64,29.94,82.7,0.016832,0.983168,1,1
0.720000,6962.875098,0.132081,10.000000,62.250569,48.000000,8.037130,0.715557,65.569655,1.389867,2.400000,39.804230,0.094058,0.190071,0.327071,16.672,0.478888,406.98,125.13,88.1,0.012345,0.987655,0,1
0.684908,6614.152423,0.290982,10.000000,53.566713,23.354442,8.143690,0.888123,102.104490,1.250000,2.112294,39.432221,0.093470,0.191241,0.229871,22.723,0.299548,723.15,156.26,102.3,0.014758,0.985242,0,1
0.720000,5491.040179,0.241210,12.482458,57.634514,27.470878,7.688725,0.857276,89.904771,1.255031,1.354549,36.855529,0.054275,0.102573,0.187302,14.157,0.230031,459.49,80.90,107.3,0.012091,0.987909,0,1
0.720000,7411.384100,0.256127,15.792266,62.240034,27.154466,8.189928,0.642573,95.097398,1.250000,1.553101,36.442395,0.064585,0.131598,0.263211,8.886,0.352553,314.43,77.80,86.8,0.012084,0.987916,0,1
0.720000,4349.617709,0.274707,10.000000,69.440216,29.332786,7.354557,0.780379,104.155054,1.374807,1.748198,38.946340,0.138622,0.082933,0.128780,19.794,0.144993,491.86,59.54,95.0,0.012532,0.987468,1,1
0.670002,7800.000000,0.200336,12.585547,55.955293,31.993661,7.439805,0.805227,101.035034,1.745607,1.300000,38.996966,0.099789,0.055971,0.203807,9.049,0.235361,216.43,41.46,100.9,0.016951,0.983049,1,1
0.696683,5642.113363,0.374906,10.000000,59.073845,46.473071,8.162462,0.937537,97.527997,1.250000,2.243450,38.094312,0.088628,0.170532,0.226952,24.638,0.381473,689.48,147.09,98.4,0.015484,0.984516,0,1
0.456131,6581.030276,0.217321,10.000000,70.017378,20.463075,8.450000,0.728347,103.074366,1.671840,1.558579,33.192993,0.214746,0.152060,0.181173,19.676,0.220991,598.30,101.89,91.3,0.014639,0.985361,1,1
0.554486,6818.655091,0.277571,12.314706,82.000000,19.309696,7.894454,0.620786,93.301731,1.349920,2.087085,42.000000,0.165833,0.115827,0.185806,13.069,0.225083,378.75,66.15,78.4,0.014183,0.985817,1,1
0.423935,6698.438996,0.136008,10.518260,57.809109,26.056726,8.450000,0.902540,102.932874,1.672588,1.954612,38.596477,0.058792,0.104824,0.165834,21.236,0.185402,558.36,87.04,112.9,0.016977,0.983023,0,1
0.592801,6625.185304,0.274703,13.256302,52.577328,37.037816,8.366666,0.866989,96.187895,1.653727,2.300286,34.123463,0.086949,0.175691,0.210714,22.630,0.265399,707.50,140.14,103.2,0.014723,0.985277,0,1
0.535312,6754.015498,0.179248,15.797500,58.643006,32.916421,8.294120,0.927236,87.984627,1.691209,2.400000,23.289569,0.056152,0.106443,0.164769,16.549,0.192752,586.27,90.80,116.0,0.014668,0.985332,0,1
0.547495,5115.770814,0.234916,15.341300,50.706563,42.263109,8.396014,0.942148,110.000000,1.750000,2.024439,21.501998,0.069585,0.129828,0.147985,25.000,0.178693,808.97,112.53,115.4,0.015252,0.984748,0,1
0.720000,7513.076283,0.231139,10.000000,65.038001,35.872353,8.152605,0.940878,88.082643,1.701827,2.048893,20.889605,0.339268,0.250651,0.282813,25.000,0.399799,816.14,216.97,107.8,0.012321,0.987679,1,1
0.720000,7235.466689,0.097057,11.457904,50.000000,18.000000,8.183919,0.930888,103.682332,1.604199,1.476382,33.983156,0.078957,0.159067,0.264878,15.596,0.353561,547.13,136.23,116.4,0.014711,0.985289,0,1
0.720000,6902.209077,0.137965,10.064688,55.397298,24.131740,8.450000,0.950000,110.000000,1.283525,1.943960,34.898861,0.111332,0.234848,0.268449,23.504,0.368990,813.41,205.26,111.2,0.014659,0.985341,0,1
0.595281,4196.919781,0.322552,11.183948,62.003809,39.852158,8.167927,0.901753,87.780266,1.302172,1.908338,33.693986,0.067945,0.125534,0.137337,25.000,0.190188,806.72,104.14,107.2,0.012288,0.987712,0,1
0.553763,6275.729846,0.176283,12.128629,51.752478,22.470675,8.348947,0.692784,98.057695,1.348861,1.809552,35.420668,0.067029,0.134306,0.204944,15.385,0.251020,444.34,85.60,87.0,0.014554,0.985446,0,1
0.536406,5705.029715,0.114247,13.782473,56.334158,48.000000,8.198682,0.717564,105.736853,1.318518,1.300000,38.014555,0.077066,0.154197,0.190047,20.752,0.232063,569.82,101.79,90.1,0.014914,0.985086,0,1
0.594780,7163.795560,0.232494,14.771603,58.963997,24.713846,7.762917,0.662118,90.832694,1.288546,2.139734,32.505947,0.057829,0.029834,0.149242,4.611,0.170863,129.54,18.17,83.7,0.016811,0.983189,1,1
0.422743,7409.802200,0.197222,15.272441,50.000000,18.000000,8.450000,0.698510,110.000000,1.670605,1.658546,36.608792,0.172307,0.122119,0.168466,14.362,0.199671,495.57,78.48,87.7,0.014631,0.985369,1,1
0.718180,5892.649349,0.131766,11.305991,61.678625,24.857986,8.214117,0.718810,90.292403,1.313755,1.966112,39.789792,0.094383,0.200671,0.252732,17.589,0.340009,558.60,132.70,88.3,0.012520,0.987480,0,1
0.675234,7231.483904,0.178132,12.700118,65.112711,18.000000,8.127432,0.912210,105.675185,1.334352,2.342208,40.094684,0.226309,0.162356,0.216621,17.795,0.275863,669.15,136.25,108.4,0.015036,0.984964,1,1
0.685393,6268.351785,0.210972,10.555553,54.710562,43.567045,8.052266,0.620000,79.939375,1.717584,1.738499,21.765305,0.112030,0.239991,0.296418,19.897,0.414708,491.30,136.89,77.3,0.009909,0.990091,0,1
0.565928,7800.000000,0.155916,10.364781,63.638342,43.752238,7.796916,0.950000,93.020427,1.498281,2.052027,42.000000,0.058956,0.101851,0.219541,18.795,0.286012,431.35,89.02,118.5,0.016998,0.983002,0,1
0.652221,7800.000000,0.285422,15.529071,58.029563,36.494919,7.722613,0.917515,77.835642,1.416309,2.088348,35.656095,0.032235,0.052641,0.194306,7.138,0.240955,243.28,44.43,114.9,0.014354,0.985646,0,1
0.604015,6489.903607,0.233254,13.554755,50.000000,20.743877,7.644196,0.667421,103.123223,1.545775,1.631702,40.026107,0.148708,0.100312,0.169534,13.427,0.199461,386.50,61.59,83.9,0.015037,0.984963,1,1
0.463713,7389.682005,0.324646,14.733899,57.136649,48.000000,7.718556,0.728203,97.869425,1.686505,1.300000,38.646577,0.057953,0.109439,0.175919,16.949,0.204246,443.37,73.32,91.4,0.014895,0.985105,0,1
0.658647,6142.591934,0.120212,11.552570,52.694697,18.000000,8.371813,0.792942,106.362047,1.366788,1.794366,32.840349,0.075003,0.151989,0.222549,16.663,0.279375,530.01,110.88,99.4,0.014571,0.985429,0,1
0.445001,7800.000000,0.208822,10.000000,67.058804,33.572099,8.258016,0.900650,92.263438,1.608508,2.158951,34.908467,0.064519,0.119193,0.193027,20.287,0.228306,544.31,98.76,111.4,0.014527,0.985473,0,1
0.647562,5462.462101,0.143427,11.108182,50.000000,25.274178,8.427344,0.865267,98.736986,1.250000,1.468645,35.797663,0.265139,0.190725,0.213276,23.213,0.273138,757.32,151.83,107.1,0.012216,0.987784,1,1
0.631629,5963.593215,0.191150,10.167405,70.154555,21.007060,8.450000,0.658535,102.186937,1.304852,1.521997,35.769125,0.065105,0.129213,0.232881,13.308,0.288828,357.61,78.28,82.8,0.014546,0.985454,0,1
0.670366,4361.540964,0.118671,12.876005,81.402209,25.774520,8.241253,0.875741,85.245230,1.461474,2.400000,33.441046,0.064123,0.125149,0.153288,19.268,0.181498,699.77,100.83,104.1,0.013474,0.986526,0,1
0.515898,6536.911454,0.296435,10.000000,63.841657,39.657771,8.240360,0.695200,72.777268,1.377778,2.400000,39.903161,0.229250,0.160851,0.221691,19.643,0.284436,493.68,102.88,79.6,0.007519,0.992481,1,1
0.395333,7800.000000,0.374223,11.849225,63.856800,30.281182,8.356407,0.950000,81.024631,1.360717,2.276007,36.982972,0.055892,0.101117,0.132561,20.902,0.154152,709.24,88.38,118.4,0.011521,0.988479,0,1
0.594715,3497.360377,0.202704,16.988242,82.000000,20.084548,8.392673,0.950000,97.231736,1.535449,2.145181,25.394152,0.042073,0.073911,0.093312,17.379,0.101819,736.48,64.60,117.8,0.013487,0.986513,0,1
0.586877,4536.174687,0.168070,12.857784,71.384232,25.774585,8.075681,0.916738,84.247926,1.339506,2.320396,39.781976,0.049679,0.090631,0.131402,17.351,0.152361,618.84,76.44,114.7,0.011789,0.988211,0,1
0.620133,5785.239513,0.244025,11.333266,52.464232,27.203891,8.322949,0.854576,80.290305,1.349187,1.332014,36.800065,0.076176,0.151966,0.197155,19.980,0.248681,644.69,119.48,107.0,0.011568,0.988432,0,1
0.377107,6642.771638,0.080000,10.000000,60.285593,39.901342,8.434871,0.649202,87.333179,1.303877,2.298591,32.341501,0.067566,0.127214,0.180016,21.560,0.207785,449.02,75.98,81.6,0.014521,0.985479,0,1
0.280057,6702.177393,0.253483,11.492458,54.039200,35.944999,8.087166,0.681870,103.840314,1.672521,1.873813,41.414060,0.036190,0.052590,0.103995,19.207,0.101971,337.48,32.99,85.7,0.014741,0.985259,0,1
0.700815,7141.459858,0.205603,13.226395,52.665714,46.895544,8.450000,0.620000,83.115565,1.658970,2.055655,36.805466,0.313487,0.238871,0.314515,15.571,0.457791,460.87,136.25,77.8,0.012183,0.987817,1,1
0.644613,4299.611570,0.284045,15.870741,79.758008,38.650375,8.314983,0.886018,89.487909,1.536018,2.136383,32.035483,0.057266,0.108706,0.133380,19.059,0.153050,706.75,88.61,109.6,0.013867,0.986133,0,1
0.533401,6722.670999,0.080000,10.941610,65.425924,25.336185,8.292589,0.816945,102.927916,1.334977,2.012828,32.167284,0.235385,0.168070,0.203492,20.431,0.254319,660.38,126.32,98.8,0.014692,0.985308,1,1
0.698748,6359.291802,0.158846,10.732547,66.838494,42.305462,8.261348,0.764675,88.404459,1.372620,1.770386,26.961718,0.069023,0.131849,0.272966,14.840,0.346073,361.50,92.76,95.9,0.016906,0.983094,0,1
0.674902,7754.721304,0.340730,10.877692,75.768727,26.936220,8.143942,0.915397,100.560757,1.498351,1.948966,30.307529,0.260710,0.188292,0.225202,21.411,0.289487,749.08,158.57,109.3,0.015029,0.984971,1,1
0.607871,7363.670497,0.174840,11.183769,62.399304,39.575596,8.081570,0.668992,91.030529,1.739330,2.130783,33.825474,0.054322,0.098452,0.247280,12.702,0.289187,260.69,60.59,84.1,0.017006,0.982994,0,1
0.496536,5304.101046,0.267339,10.000000,58.007882,25.311454,7.892629,0.865618,92.461489,1.330396,1.491616,29.345729,0.040712,0.070448,0.141809,13.967,0.164820,420.87,56.10,108.4,0.014493,0.985507,0,1
0.657411,6697.501266,0.265095,11.537909,56.350512,33.568510,8.445132,0.758093,70.216551,1.335902,1.618100,36.249935,0.089909,0.187224,0.251658,17.944,0.340958,551.99,130.58,95.1,0.009259,0.990741,0,1
0.720000,5163.585008,0.086745,17.376004,50.439007,31.246571,8.092019,0.706808,98.662677,1.274974,1.550291,40.717346,0.060551,0.122625,0.180289,13.645,0.216601,470.51,79.74,88.7,0.015027,0.984973,0,1
0.720000,5896.895623,0.202303,10.000000,50.000000,19.203517,8.176563,0.878056,94.928922,1.750000,1.320709,30.204174,0.084582,0.172681,0.228390,19.409,0.297316,649.76,139.49,109.9,0.011671,0.988329,0,1
0.720000,7800.000000,0.206781,14.464735,68.659869,29.361960,8.450000,0.658232,106.504508,1.250000,1.499204,21.498358,0.275399,0.209260,0.299732,12.702,0.418953,449.77,126.72,82.8,0.014635,0.985365,1,1
0.390747,7800.000000,0.233732,11.591136,68.611184,37.586711,8.406405,0.915945,103.840422,1.616771,2.098085,22.258985,0.076801,0.147928,0.168683,25.000,0.200213,786.16,124.65,109.2,0.014730,0.985270,0,1
0.720000,7800.000000,0.279690,12.635994,63.799969,32.826031,8.264606,0.774564,79.441404,1.360044,1.812116,36.076222,0.107179,0.231695,0.283591,17.954,0.398432,619.36,165.11,95.8,0.009327,0.990673,0,1
0.635685,7800.000000,0.150888,11.703494,80.282167,47.226773,8.450000,0.620000,108.300411,1.302490,2.017645,37.888590,0.101188,0.217543,0.300061,15.310,0.423497,439.93,124.09,76.9,0.014794,0.985206,0,1
0.673846,7477.459101,0.207011,10.249244,50.000000,47.671749,7.901227,0.620000,98.308986,1.742015,2.075491,36.529902,0.046238,0.074694,0.249690,13.199,0.276075,181.52,42.61,78.0,0.016819,0.983181,0,1
0.556442,7297.638417,0.105542,10.000000,75.243307,48.000000,8.450000,0.655482,101.438786,1.301184,1.891846,28.981241,0.079654,0.154505,0.271181,19.464,0.311425,365.51,93.17,82.4,0.017221,0.982779,0,1
0.529855,6587.617525,0.175220,13.960313,81.226049,20.268249,7.993239,0.879429,99.328244,1.373885,2.400000,37.308721,0.053024,0.100165,0.143296,16.616,0.165897,601.65,81.04,106.2,0.015022,0.984978,0,1
0.720000,6773.773128,0.243190,10.000000,66.895392,36.875229,8.276000,0.909508,95.072302,1.717320,1.338462,36.783024,0.085837,0.169473,0.259347,20.633,0.344082,581.68,141.81,113.8,0.017143,0.982857,0,1
0.481333,5666.137323,0.288185,12.772649,82.000000,19.764715,7.924270,0.903565,106.508802,1.500901,1.954033,37.874713,0.042038,0.073897,0.117573,15.755,0.132386,555.83,61.43,113.3,0.012234,0.987766,0,1
0.630143,7800.000000,0.262100,15.555292,51.215192,28.958990,8.383003,0.676075,110.000000,1.315818,1.759302,41.025197,0.232687,0.172857,0.252057,13.193,0.331999,453.78,107.52,85.0,0.014675,0.985325,1,1
0.720000,7518.213401,0.112549,10.000000,56.090587,20.595221,8.450000,0.915169,80.610270,1.430058,1.883410,31.690635,0.117429,0.252381,0.292898,21.431,0.420940,771.79,212.49,106.4,0.011452,0.988548,0,1
0.475050,6809.829570,0.217689,10.000000,60.658778,30.534572,8.052039,0.796669,80.120364,1.431139,2.400000,35.312306,0.233361,0.162252,0.196473,22.784,0.245556,643.91,118.92,89.8,0.015015,0.984985,1,1
0.633332,6896.271231,0.236260,16.640272,53.168432,18.000000,7.728942,0.629108,85.206706,1.631150,1.628184,34.793773,0.030210,0.052702,0.175600,5.604,0.208927,184.79,30.50,79.9,0.016580,0.983420,0,1
0.635612,5936.253429,0.183403,10.000000,50.000000,31.723391,8.435274,0.781978,70.446810,1.275613,2.113874,36.717503,0.067149,0.129956,0.252479,13.958,0.344585,393.94,93.49,97.8,0.013979,0.986021,0,1
0.720000,5471.564693,0.136673,13.069614,53.708107,22.632442,8.276100,0.866156,104.416109,1.250000,2.120594,33.825193,0.064770,0.126048,0.191033,17.292,0.228510,559.35,100.44,108.4,0.014589,0.985411,0,1
0.649438,6537.337125,0.163444,10.000000,51.764591,18.000000,8.307152,0.871146,92.194967,1.341165,1.904594,32.056774,0.084640,0.173598,0.235088,18.523,0.309419,629.60,139.13,109.0,0.011970,0.988030,0,1
0.720000,6027.158922,0.279148,10.000000,65.380524,19.108249,8.229482,0.798318,77.812604,1.389604,2.260434,35.893159,0.043535,0.078213,0.221623,8.466,0.287765,275.74,57.44,99.8,0.014121,0.985879,0,1
0.543187,5947.621611,0.103672,14.452420,51.340195,20.872754,8.450000,0.677424,103.506087,1.303513,1.579563,33.646578,0.029849,0.048686,0.165360,8.235,0.172449,195.21,30.34,85.1,0.016913,0.983087,0,1
0.296775,6853.434129,0.154389,12.294337,73.142144,33.588127,8.397033,0.697475,84.467979,1.750000,2.205552,35.022962,0.032297,0.055092,0.123569,10.904,0.137281,304.35,35.35,87.6,0.016992,0.983008,0,1
0.614161,4898.070984,0.123182,10.000000,57.616501,26.941046,8.015955,0.887690,78.696641,1.250000,2.382099,36.946802,0.054177,0.098896,0.166265,17.270,0.201330,516.77,80.77,110.7,0.011837,0.988163,0,1
0.673514,7800.000000,0.188658,12.190693,66.801096,26.184506,7.676921,0.840410,101.622915,1.750000,2.019275,37.145452,0.115961,0.070070,0.201764,10.109,0.238314,285.65,54.18,105.2,0.017084,0.982916,1,1
0.472862,7076.566538,0.194531,10.652441,52.097607,47.616043,8.395023,0.897299,79.457247,1.730719,1.822930,34.919560,0.114519,0.238068,0.261657,25.000,0.454922,799.03,196.53,103.5,0.009902,0.990098,0,1
0.592783,7331.834543,0.195678,13.729804,61.744908,18.171756,8.310511,0.698796,71.667601,1.580030,1.817155,40.834262,0.071627,0.149224,0.234430,12.153,0.309046,435.35,95.94,87.8,0.011794,0.988206,0,1
0.720000,6820.883705,0.131835,11.995123,54.233353,25.866247,8.302740,0.848707,95.918792,1.328997,1.841990,30.697274,0.303418,0.227006,0.270772,19.946,0.371440,696.39,177.25,103.9,0.014837,0.985163,1,1
0.532620,5068.796866,0.110414,16.432369,51.456777,26.249248,8.450000,0.728698,110.000000,1.304539,1.488902,39.084705,0.158889,0.109521,0.146184,15.458,0.168928,534.32,73.42,91.4,0.014625,0.985375,1,1
0.720000,7232.271244,0.396312,11.935092,78.248610,47.764395,7.911897,0.886447,96.080639,1.250000,1.908163,28.664847,0.094007,0.192434,0.238578,22.346,0.309488,699.78,156.94,107.3,0.014820,0.985180,0,1
0.565755,7329.302480,0.174117,12.030187,75.028289,21.659586,8.053086,0.914047,94.833691,1.750000,2.283167,42.000000,0.064635,0.127255,0.192690,16.202,0.239962,590.80,107.01,114.3,0.011698,0.988302,0,1
0.651124,7800.000000,0.403379,11.524467,71.710847,32.431937,8.096576,0.798970,74.338471,1.649242,2.289833,30.870060,0.063620,0.124624,0.225551,13.729,0.291138,432.07,91.61,100.1,0.011871,0.988129,0,1
0.715725,7176.071799,0.147259,10.851912,50.000000,23.578887,8.381840,0.670401,98.822749,1.714467,1.548855,33.962207,0.330189,0.252411,0.319482,16.721,0.469466,518.39,155.68,84.3,0.014621,0.985379,1,1
0.720000,7005.134804,0.249233,10.000000,60.795765,37.027846,8.057426,0.929261,87.419308,1.455021,1.312486,20.579339,0.340729,0.251891,0.273419,25.000,0.424126,837.88,215.35,114.5,0.015021,0.984979,1,1
0.631057,7793.955176,0.316297,12.812230,57.007744,25.832903,8.061367,0.851366,105.136504,1.476283,2.007880,20.618460,0.073897,0.147250,0.226743,17.302,0.278499,541.13,115.33,104.9,0.014829,0.985171,0,1
0.668657,6177.320955,0.317878,10.000000,77.286082,27.766019,8.149097,0.630315,110.000000,1.253758,1.582953,42.000000,0.087377,0.183472,0.244480,16.877,0.321582,462.96,106.39,79.3,0.014768,0.985232,0,1
0.584513,6215.151108,0.163343,10.000000,51.828686,25.761800,8.320188,0.729912,96.556867,1.250000,1.661861,36.952167,0.084333,0.171073,0.235548,19.469,0.302451,518.84,114.88,91.6,0.014533,0.985467,0,1
0.623382,6713.389905,0.165714,10.341527,74.304148,43.347072,8.385886,0.620000,110.000000,1.750000,2.348566,30.024679,0.091741,0.192057,0.258344,17.917,0.338965,451.11,109.55,74.5,0.015278,0.984722,0,1
0.576977,5437.582479,0.230764,10.810256,65.594735,35.926684,8.171054,0.856361,87.948994,1.623182,2.400000,38.734116,0.078197,0.152343,0.181716,23.809,0.223073,702.66,120.02,96.5,0.014733,0.985267,0,1
0.711109,5734.730851,0.192769,10.000000,55.340239,28.824459,7.686176,0.944602,69.082876,1.250000,1.408852,38.935312,0.076513,0.151423,0.229503,17.857,0.327808,609.98,131.59,118.1,0.011802,0.988198,0,1
0.708049,5916.469644,0.175531,12.036719,52.713880,31.844188,8.327063,0.753666,105.294756,1.366804,1.840716,34.760953,0.094647,0.198304,0.245798,19.756,0.323532,595.10,137.50,93.0,0.014774,0.985226,0,1
0.720000,7302.539599,0.326930,12.747344,61.042938,35.876413,8.279025,0.932228,83.138489,1.709014,1.307159,35.988501,0.074036,0.147645,0.231898,16.578,0.304453,580.90,126.63,116.6,0.012032,0.987968,0,1
0.585546,7277.154632,0.146573,10.248185,79.270714,22.693102,8.345660,0.689999,90.885115,1.250000,2.075931,39.212968,0.097200,0.208108,0.263003,17.093,0.359526,534.36,132.11,83.7,0.015017,0.984983,0,1
0.635503,6545.186095,0.230260,10.921217,50.000000,22.595366,8.313477,0.938191,104.370644,1.561976,2.400000,38.955004,0.087218,0.175699,0.212818,22.818,0.270862,758.07,151.65,105.2,0.014736,0.985264,0,1
0.636818,3618.054369,0.385098,17.565631,54.790694,40.613145,8.064649,0.916884,84.347812,1.511188,1.829862,24.346337,0.039637,0.066040,0.100939,17.359,0.110425,587.11,55.71,114.7,0.014830,0.985170,0,1
0.439109,7380.705051,0.217693,15.505183,52.450529,19.221100,8.385614,0.676211,103.583574,1.250000,2.002110,42.000000,0.163233,0.115122,0.167162,13.406,0.198135,455.79,71.62,85.1,0.014710,0.985290,1,1
0.673386,7680.127573,0.320602,10.637318,80.879264,18.000000,8.115516,0.672579,92.649494,1.339217,2.167313,18.642213,0.073148,0.148786,0.257861,13.052,0.336895,379.82,92.06,84.5,0.014830,0.985170,0,1
0.703533,5638.888145,0.112438,13.627778,65.538003,24.753635,8.450000,0.950000,98.475287,1.483822,2.400000,29.037981,0.045949,0.083698,0.184968,12.055,0.216896,420.73,73.15,118.8,0.017026,0.982974,0,1
0.686628,4503.994219,0.121002,10.087384,65.595944,27.537149,8.375036,0.875132,91.929908,1.304430,1.302669,35.374340,0.073761,0.145600,0.188137,20.359,0.234420,662.86,117.23,109.5,0.011671,0.988329,0,1
0.482245,6167.351654,0.176870,11.801761,64.252191,35.365507,8.203969,0.684843,87.318520,1.347535,2.400000,39.836523,0.068078,0.134657,0.176709,18.586,0.213577,510.77,84.84,82.8,0.014704,0.985296,0,1
0.476970,7420.160504,0.247493,13.610918,53.075984,31.203322,8.260103,0.949946,94.603130,1.496923,1.760326,33.950119,0.068886,0.132641,0.177739,20.711,0.213394,693.83,115.92,118.8,0.014719,0.985281,0,1
0.608456,7291.975469,0.257332,12.493947,61.877914,34.054624,7.796723,0.929800,87.679458,1.308092,2.400000,41.281291,0.211944,0.144418,0.194560,21.150,0.241534,675.49,123.54,106.7,0.015024,0.984976,1,1
0.487078,7052.994309,0.372670,10.000000,58.522648,29.065679,8.139923,0.674663,69.959298,1.421356,1.847526,38.783616,0.070280,0.139967,0.190077,18.064,0.237416,486.23,86.88,84.8,0.011688,0.988312,0,1
0.549194,7643.007842,0.184952,14.671518,66.078808,28.233711,8.270195,0.927655,83.129084,1.649445,2.111518,24.738337,0.047227,0.088271,0.194449,10.748,0.240320,412.15,75.33,116.0,0.012085,0.987915,0,1
0.658570,7800.000000,0.167360,10.172587,66.859644,28.607928,8.370243,0.942065,89.977971,1.258010,2.400000,35.820852,0.317414,0.234729,0.275890,22.602,0.385230,784.46,203.44,102.7,0.014803,0.985197,1,1
0.527594,7800.000000,0.150160,15.406209,55.078252,29.098849,8.450000,0.950000,93.466402,1.750000,2.280273,35.177212,0.234592,0.168547,0.202922,19.814,0.254575,772.28,147.31,115.1,0.014899,0.985101,1,1
0.559619,7800.000000,0.166350,10.000000,67.563313,34.532847,8.296174,0.874509,98.516689,1.750000,1.300000,26.760230,0.096337,0.197517,0.255493,21.903,0.337111,661.68,158.91,109.4,0.014547,0.985453,0,1
0.709598,7311.406136,0.252109,17.846935,59.561615,31.954744,8.275967,0.922378,106.699967,1.278372,1.675707,42.000000,0.057866,0.111697,0.214537,13.151,0.254220,470.01,94.78,115.4,0.017367,0.982633,0,1
0.714570,7666.878482,0.307468,10.066433,65.818854,30.965713,8.082677,0.942782,89.417164,1.707960,2.400000,42.000000,0.090842,0.183468,0.262306,20.476,0.353611,645.39,159.13,113.8,0.014603,0.985397,0,1
0.720000,6841.408634,0.143657,11.830376,78.800776,20.452687,8.140109,0.647772,82.286185,1.255978,2.026747,35.385723,0.096320,0.208383,0.285009,14.021,0.399355,463.54,124.19,80.5,0.011496,0.988504,0,1
0.669922,6730.395724,0.262824,11.017298,65.490495,41.299082,8.149255,0.879037,102.425048,1.365849,1.965233,38.683091,0.099878,0.204774,0.242441,24.191,0.320340,726.67,165.60,103.7,0.014854,0.985146,0,1
0.720000,6777.260746,0.101582,12.034729,71.118905,37.654743,8.450000,0.839950,88.793719,1.506345,2.165584,39.809032,0.312777,0.234634,0.279390,20.047,0.392419,690.39,181.31,99.4,0.012309,0.987691,1,1
0.720000,6383.532617,0.253136,10.353459,62.666579,27.619692,8.320642,0.943854,92.816651,1.488097,2.319106,21.445610,0.070380,0.134632,0.224009,18.783,0.274190,555.20,116.91,117.0,0.014526,0.985474,0,1
0.720000,6647.351073,0.396751,12.361095,55.504961,39.729199,7.929528,0.935246,86.928309,1.482251,1.430448,33.136298,0.082875,0.163753,0.213450,22.199,0.288944,702.23,140.90,116.9,0.014864,0.985136,0,1
0.632137,7202.374148,0.194971,10.000000,64.086988,38.771819,8.450000,0.830557,83.855589,1.250000,2.400000,38.423137,0.101654,0.208738,0.281182,21.905,0.384961,603.45,159.50,91.2,0.014636,0.985364,0,1
0.600894,7800.000000,0.216744,10.000000,65.937236,26.990922,8.171502,0.620000,59.129585,1.598971,2.000344,38.613677,0.109285,0.237752,0.300333,16.453,0.438942,480.37,135.61,74.8,0.004682,0.995318,0,1
0.520648,6961.077824,0.169464,11.282783,77.198668,38.304077,8.403373,0.654689,86.435693,1.285588,1.341441,42.000000,0.069116,0.138833,0.240466,13.564,0.306921,369.94,83.62,82.3,0.014024,0.985976,0,1
0.682768,5979.638454,0.307073,15.489867,70.201754,45.500922,8.320643,0.671445,96.203581,1.483925,1.532444,39.986912,0.223942,0.165158,0.224043,14.709,0.286075,484.44,102.02,84.4,0.012343,0.987657,1,1
0.670736,7404.891473,0.390578,10.267179,50.000000,21.986491,8.240627,0.875850,85.275701,1.517942,1.710383,31.129544,0.079969,0.160653,0.210168,20.166,0.267072,655.26,129.45,109.6,0.011999,0.988001,0,1
0.661376,7456.594250,0.377943,10.000000,61.476976,30.142853,7.767448,0.950000,98.449459,1.320394,2.400000,41.887882,0.050191,0.084535,0.207920,16.353,0.238165,378.03,73.88,118.5,0.017064,0.982936,0,1
0.451024,6496.976489,0.241161,11.198367,76.415629,32.720772,8.295035,0.708754,85.709132,1.652852,1.668390,35.519154,0.045090,0.083780,0.177876,11.076,0.216670,326.72,54.63,89.0,0.014307,0.985693,0,1
0.536611,6701.492849,0.133864,12.283381,54.286717,41.794267,8.060938,0.620000,93.532555,1.728416,1.887914,35.910571,0.062861,0.121253,0.208498,15.876,0.247949,352.89,69.16,78.0,0.014591,0.985409,0,1
0.694209,6477.363482,0.200189,12.996869,69.002139,42.121408,8.447286,0.897612,91.595633,1.497525,2.400000,35.321248,0.058943,0.108717,0.231796,15.102,0.273558,412.04,89.78,112.3,0.016924,0.983076,0,1
0.555937,5587.650218,0.329572,10.000000,59.806108,26.927731,8.065758,0.908858,90.761996,1.577817,2.287395,29.981543,0.204853,0.135128,0.159335,24.711,0.188937,754.38,112.99,102.7,0.014991,0.985009,1,1
0.520991,7578.360010,0.364124,10.654737,72.858797,21.119275,7.977287,0.739987,109.228705,1.489765,1.513780,29.726924,0.037901,0.063475,0.175578,11.716,0.183386,261.83,43.21,92.8,0.016964,0.983036,0,1
0.675992,6671.209937,0.143564,12.641271,56.063664,27.128832,8.239101,0.807671,91.458651,1.307616,2.228500,31.730432,0.075313,0.152178,0.232219,16.290,0.296071,518.02,113.08,101.2,0.014772,0.985228,0,1
0.408301,6829.701843,0.177388,11.580107,62.119749,22.153611,8.448159,0.814947,97.839378,1.417979,2.398750,42.000000,0.190568,0.130358,0.159202,19.934,0.190170,653.10,97.74,96.0,0.014630,0.985370,1,1
0.690301,7326.447823,0.116039,11.604141,65.751539,38.743959,7.950023,0.799674,76.545978,1.723643,2.328815,36.192711,0.067421,0.131442,0.250848,13.864,0.334835,410.11,96.70,100.2,0.011963,0.988037,0,1
0.540756,6042.664147,0.157478,11.984620,73.309486,20.955386,7.961938,0.674402,97.436744,1.645390,2.124056,24.835976,0.062405,0.031984,0.147712,6.217,0.154255,142.92,19.84,84.7,0.016912,0.983088,1,1
0.720000,6752.852819,0.120601,10.000000,57.686461,18.760453,8.450000,0.921040,100.894313,1.308063,1.740062,36.908049,0.106568,0.226281,0.261468,21.477,0.358221,780.13,191.74,110.4,0.012523,0.987477,0,1
0.577627,5021.237149,0.221482,12.960423,70.010285,31.115772,8.241656,0.950000,100.519523,1.651173,1.300000,39.143387,0.059102,0.111543,0.147275,19.299,0.173550,704.20,97.49,118.8,0.011246,0.988754,0,1
0.627412,6902.314401,0.165757,10.000000,66.191370,44.445429,8.305653,0.940155,61.433758,1.488882,2.379358,31.907831,0.074743,0.143833,0.284905,14.286,0.458881,464.54,124.41,117.3,0.014034,0.985966,0,1
0.502301,6047.649787,0.141358,10.000000,76.552038,38.114385,8.289997,0.865257,78.970470,1.555121,1.826848,31.180051,0.088426,0.177415,0.193550,25.000,0.243690,776.25,141.23,103.0,0.009227,0.990773,0,1
0.602980,5436.629006,0.138871,10.000000,50.000000,24.069156,8.450000,0.845337,97.273668,1.373689,1.394953,37.382566,0.069790,0.133334,0.206404,19.733,0.252182,534.45,103.69,105.8,0.016958,0.983042,0,1
0.508888,6524.992622,0.242853,10.000000,54.023363,20.068688,8.076104,0.806555,71.154607,1.414377,1.638721,39.835206,0.080102,0.161269,0.183459,21.871,0.229375,693.91,119.67,97.7,0.009446,0.990554,0,1
0.710979,6763.551028,0.160133,13.624019,55.221663,23.266472,7.842725,0.879898,93.496981,1.330919,1.839263,37.102336,0.052091,0.098380,0.199658,12.277,0.248112,424.34,79.64,110.1,0.011994,0.988006,0,1
0.720000,5275.053820,0.272278,11.320015,73.839667,26.633667,8.233971,0.865014,67.890782,1.544639,1.537861,35.202485,0.068694,0.136398,0.182670,18.081,0.227350,632.16,108.55,108.0,0.007083,0.992917,0,1
0.662383,5966.395052,0.158185,15.008681,50.000000,27.458036,8.305792,0.675979,110.000000,1.250000,1.442524,42.000000,0.213710,0.156461,0.217413,14.439,0.274452,476.12,97.30,84.9,0.014686,0.985314,1,1
0.542871,6383.375445,0.209976,14.514036,65.853923,23.937068,8.239208,0.751632,104.326446,1.294038,1.806644,37.265522,0.184888,0.130866,0.177336,15.651,0.213306,542.87,90.49,94.3,0.015035,0.984965,1,1
0.642885,7011.699158,0.176311,10.764423,72.798188,18.297281,8.450000,0.700792,77.873996,1.295413,1.811449,34.652537,0.096649,0.207695,0.263029,16.496,0.360252,541.59,133.91,86.4,0.009431,0.990569,0,1
0.450968,7039.583280,0.179343,10.000000,58.679401,36.398004,8.110215,0.639371,67.510600,1.382869,1.455865,29.650804,0.071373,0.142914,0.233059,15.063,0.305936,383.73,84.06,80.4,0.011879,0.988121,0,1
0.720000,7191.931740,0.391605,11.947309,58.417895,48.000000,7.799556,0.831861,80.284341,1.745055,1.300000,38.236298,0.315022,0.230095,0.258752,25.000,0.355674,723.99,176.09,104.2,0.015019,0.984981,1,1
0.678612,7800.000000,0.264762,13.765320,65.611309,22.518598,8.173978,0.916575,83.647858,1.446690,2.316139,38.437362,0.074790,0.153039,0.229051,15.180,0.299063,599.38,129.05,114.6,0.012063,0.987937,0,1
0.720000,7730.909826,0.265413,11.557057,71.675979,45.585113,7.871616,0.794063,70.471469,1.750000,1.413685,30.492444,0.057865,0.106934,0.294752,8.975,0.421611,281.95,78.12,99.5,0.014131,0.985869,0,1
0.617239,5485.986567,0.251595,10.000000,54.313629,24.997624,7.687571,0.821040,96.727296,1.426146,1.877014,35.419486,0.035744,0.055148,0.147168,14.465,0.156830,301.12,41.66,102.8,0.016817,0.983183,0,1
0.544385,7638.310602,0.316442,15.396185,50.903708,37.750337,7.463229,0.734986,110.000000,1.697149,1.490402,38.880008,0.130466,0.083037,0.151258,14.210,0.172689,394.90,56.15,92.2,0.014948,0.985052,1,1
0.689159,7800.000000,0.368716,12.531301,68.294741,31.971258,7.555939,0.787891,85.314717,1.749508,2.246045,32.579736,0.063332,0.122786,0.203517,15.919,0.251118,465.24,89.00,95.6,0.013961,0.986039,0,1
0.621027,5299.902894,0.245627,11.608726,62.708070,30.217021,7.679975,0.950000,92.686708,1.252715,1.398751,41.608134,0.074992,0.145050,0.167459,23.845,0.203169,805.36,126.77,117.7,0.013491,0.986509,0,1
0.603211,7800.000000,0.273497,13.001931,55.877621,31.552510,8.183921,0.646386,98.303434,1.679566,2.156877,33.943345,0.046495,0.083413,0.222161,10.772,0.252841,237.53,49.60,81.3,0.014578,0.985422,0,1
0.703426,7390.263127,0.111782,10.720958,50.326805,24.603400,8.450000,0.830060,110.000000,1.662028,2.331675,40.807266,0.107802,0.228567,0.285631,20.286,0.400436,650.10,174.55,95.3,0.014811,0.985189,0,1
0.718140,6370.869691,0.158352,10.334837,65.779908,32.886978,8.127315,0.772838,87.633985,1.689203,2.400000,33.654146,0.083418,0.168174,0.254629,18.266,0.331533,499.57,119.57,96.2,0.014551,0.985449,0,1
0.662594,6151.645491,0.319010,11.092987,58.146975,35.639564,8.292086,0.824707,89.313082,1.341604,1.725167,38.168717,0.094428,0.193178,0.216135,24.106,0.277801,721.43,146.57,100.4,0.014673,0.985327,0,1
0.707153,5555.747726,0.111375,10.000000,67.049943,22.870146,8.349160,0.950000,93.653819,1.250000,2.225848,40.236492,0.091738,0.188193,0.217698,22.596,0.282655,803.77,164.48,106.1,0.015016,0.984984,0,1
0.702870,5356.499134,0.191499,12.777733,61.916563,41.375827,8.247582,0.752363,76.909785,1.309312,1.940605,35.844531,0.064234,0.126360,0.218822,14.215,0.280752,425.21,87.46,94.4,0.011951,0.988049,0,1
0.699518,5242.614532,0.223332,10.715229,58.942014,31.294986,8.336461,0.939104,66.875793,1.314251,1.809693,40.855174,0.091501,0.184544,0.202076,25.000,0.268060,839.38,159.44,109.0,0.009392,0.990608,0,1
0.538766,6790.786150,0.188329,11.328736,61.709077,42.184659,8.351615,0.903147,91.466470,1.601440,2.400000,38.641328,0.067776,0.122404,0.202751,22.657,0.242674,533.64,101.70,111.4,0.014562,0.985438,0,1
0.366788,7507.723674,0.165405,10.000000,54.047586,35.105722,7.807443,0.725953,70.382018,1.468577,1.847523,18.000000,0.068581,0.130736,0.180903,21.015,0.217715,513.47,87.32,91.1,0.009518,0.990482,0,1
0.630708,5029.487152,0.228479,10.744445,50.000000,23.562005,8.450000,0.866525,98.077518,1.500077,1.373655,35.218257,0.231086,0.160434,0.177445,23.890,0.216928,766.78,127.90,108.0,0.012251,0.987749,1,1
0.570426,7800.000000,0.147100,10.209873,52.205055,44.582627,8.184398,0.701732,58.999161,1.477862,1.928504,23.123505,0.082437,0.163714,0.319460,13.643,0.474425,351.97,105.69,88.1,0.014083,0.985917,0,1
0.720000,6719.069943,0.114164,10.232003,66.745911,18.000000,7.938308,0.949232,103.849686,1.327155,2.334234,41.566516,0.056439,0.104692,0.202046,15.290,0.245477,481.39,91.43,116.2,0.014701,0.985299,0,1
0.578175,5470.305068,0.147739,12.052625,52.591762,25.625138,8.450000,0.772651,107.342007,1.353427,1.958046,32.709699,0.052298,0.093511,0.170688,17.412,0.185836,414.29,66.47,96.9,0.014631,0.985369,0,1
0.564871,7135.809011,0.357367,11.278179,69.335565,27.873475,8.339681,0.885228,83.515181,1.324815,1.822066,29.445989,0.076930,0.152687,0.172966,22.449,0.209447,764.81,124.35,107.5,0.013493,0.986507,0,1
0.657637,6843.630602,0.371653,10.000000,69.608089,30.329619,7.876703,0.867915,103.334918,1.403820,1.878821,39.751816,0.086385,0.173731,0.216593,22.352,0.276309,681.35,138.72,102.9,0.014848,0.985152,0,1
0.720000,7800.000000,0.219167,10.000000,52.859199,19.967820,8.416932,0.940400,110.000000,1.257528,2.231956,37.068531,0.109386,0.231023,0.276721,22.005,0.383977,768.40,199.87,106.2,0.014689,0.985311,0,1
0.720000,7800.000000,0.169330,14.922126,61.550869,18.000000,8.180529,0.643992,103.072770,1.250000,1.675771,40.978988,0.238891,0.178993,0.278443,11.188,0.381182,405.17,106.05,86.4,0.014388,0.985612,1,1
0.479096,6144.961159,0.311834,10.902430,74.805952,39.057961,8.226638,0.641201,63.772666,1.360429,2.400000,36.907748,0.055077,0.106406,0.184304,13.547,0.227979,362.31,62.77,81.1,0.011829,0.988171,0,1
0.631277,6486.921026,0.233113,10.297995,67.649524,42.120676,8.258855,0.776289,84.229301,1.713256,1.817864,36.292659,0.306469,0.225310,0.254083,23.533,0.344178,673.73,160.91,93.3,0.012276,0.987724,1,1
0.504992,5858.455499,0.437946,11.245409,70.284581,19.888948,8.450000,0.828741,95.162808,1.713113,1.636795,30.838251,0.055240,0.101806,0.118829,20.569,0.134409,694.91,77.62,102.8,0.013292,0.986708,0,1
0.551328,7358.158239,0.290350,10.308050,58.534437,35.882964,7.722025,0.844511,94.926221,1.741834,1.300000,37.829735,0.096188,0.195213,0.225346,24.947,0.292201,716.02,151.67,104.9,0.014873,0.985127,0,1
0.720000,7078.539623,0.208793,11.999674,68.468659,35.176369,8.018241,0.867510,85.943806,1.634035,2.400000,41.456990,0.063195,0.121401,0.232604,14.305,0.298484,443.14,96.89,107.7,0.014645,0.985355,0,1
0.715269,5106.200937,0.245577,10.000000,51.135462,23.755348,8.355856,0.815567,79.083700,1.666780,2.271883,28.305418,0.079013,0.158631,0.211413,19.724,0.268986,598.93,119.02,102.2,0.010013,0.989987,0,1
0.706959,5530.986086,0.189394,10.387416,65.611724,37.735379,8.450000,0.950000,97.091966,1.408066,1.367482,35.649639,0.090885,0.182392,0.231598,22.751,0.331263,732.24,159.41,118.8,0.014499,0.985501,0,1
0.712065,6843.364902,0.326216,13.084058,58.016441,29.081045,8.137125,0.859698,108.085086,1.562478,2.353544,37.768924,0.078467,0.158668,0.218082,18.531,0.275415,612.18,125.49,102.7,0.014822,0.985178,0,1
0.586126,7800.000000,0.282534,14.646254,50.000000,33.529523,8.436270,0.637735,92.708790,1.332844,1.680325,42.000000,0.225099,0.164909,0.261954,12.663,0.347678,392.93,96.76,80.2,0.014705,0.985295,1,1
0.698479,7342.406256,0.154494,11.069141,82.000000,19.225644,7.605314,0.848402,103.415229,1.662762,1.300000,38.638551,0.079051,0.162184,0.246484,15.430,0.327395,546.36,126.59,106.2,0.011592,0.988408,0,1
0.696440,5180.511351,0.254551,12.803072,66.186603,31.060157,8.207681,0.642946,89.450536,1.697310,2.029172,32.341806,0.169261,0.117419,0.201276,12.975,0.244749,367.10,69.45,80.9,0.014684,0.985316,1,1
0.601775,5879.478811,0.299624,18.294711,56.226647,21.544214,8.410934,0.662552,108.639139,1.285701,1.665552,39.250943,0.150773,0.106995,0.168415,11.184,0.198421,411.97,65.22,92.0,0.014804,0.985196,1,1
0.399577,7706.087713,0.100210,12.185692,58.141343,22.333122,8.450000,0.643203,87.286195,1.737432,1.637345,32.702047,0.075421,0.157108,0.200081,16.202,0.249280,494.31,92.97,80.9,0.013270,0.986730,0,1
0.720000,5674.000113,0.085413,14.895012,50.000000,44.503499,8.138867,0.888272,82.900267,1.678754,2.037840,36.492636,0.066057,0.123329,0.211052,19.223,0.251881,508.02,100.79,111.1,0.017007,0.982993,0,1
0.552265,6945.485821,0.232831,10.000000,72.272461,29.973657,8.324184,0.923573,99.539771,1.562983,1.845514,32.978336,0.252840,0.178416,0.199506,24.226,0.250263,808.37,151.60,109.9,0.014686,0.985314,1,1
0.367547,5856.524075,0.210465,10.658371,69.115866,20.265774,8.379668,0.716195,94.805479,1.328696,1.826834,37.750539,0.058633,0.111980,0.134521,19.274,0.155800,583.50,73.78,88.7,0.015020,0.984980,0,1
0.420148,7767.423464,0.238581,10.518627,61.689105,32.911411,8.033461,0.929635,87.045388,1.737526,2.299993,22.364680,0.225327,0.152141,0.178260,25.000,0.223130,776.54,130.12,105.3,0.014838,0.985162,1,1
0.648500,6399.948154,0.114163,10.075582,50.000000,19.790335,8.165305,0.933282,87.108939,1.497083,2.006264,31.214696,0.059956,0.114477,0.229184,13.247,0.299976,456.25,98.29,116.4,0.012058,0.987942,0,1
0.385348,7143.487074,0.240942,12.835916,64.379187,28.214767,8.343655,0.950000,83.622333,1.268224,2.400000,33.704540,0.055756,0.103129,0.138879,19.292,0.161974,690.45,90.14,118.4,0.010985,0.989015,0,1
0.720000,6631.862361,0.240963,14.696089,62.463315,38.179182,8.237674,0.945974,73.241120,1.539931,1.329265,19.365132,0.096641,0.202449,0.230564,21.627,0.299245,812.95,176.19,118.3,0.009432,0.990568,0,1
0.714992,7800.000000,0.221716,14.366495,81.866054,18.000000,7.885762,0.891584,91.552924,1.750000,2.279594,32.417357,0.043242,0.078710,0.199029,9.523,0.246763,345.09,64.56,111.6,0.012100,0.987900,0,1
0.634764,5527.558514,0.081280,14.922289,70.360479,38.092246,7.910040,0.802510,102.815146,1.276725,1.304866,36.276779,0.029221,0.046686,0.154756,8.932,0.163911,236.95,34.47,100.6,0.016853,0.983147,0,1
0.616290,7800.000000,0.122453,10.863765,64.536138,18.000000,8.174805,0.943045,83.136795,1.309939,2.166257,31.071256,0.085841,0.177455,0.246694,17.413,0.331063,663.93,153.96,117.6,0.011564,0.988436,0,1
0.631622,6940.902261,0.080000,10.000000,55.141614,39.323019,8.385248,0.726339,74.692825,1.572251,2.168564,42.000000,0.361115,0.272525,0.313094,22.429,0.467095,618.77,182.11,83.3,0.007394,0.992606,1,1
0.673900,7183.184877,0.409496,16.119844,71.031697,23.924994,8.306125,0.659433,96.436043,1.536660,2.265293,27.906827,0.181366,0.130877,0.215848,11.236,0.268747,391.33,79.40,85.7,0.012534,0.987466,1,1
0.714788,7149.170519,0.326019,10.801069,63.923852,27.693164,8.063268,0.664933,104.169000,1.657057,2.055612,22.451186,0.089712,0.187946,0.269601,16.240,0.358175,453.68,114.97,82.2,0.014820,0.985180,0,1
0.654560,4362.578298,0.094338,11.577771,72.083742,21.660264,8.450000,0.856562,96.164004,1.481580,1.300000,37.672614,0.060065,0.116610,0.160034,17.265,0.191782,610.86,91.89,107.2,0.012110,0.987890,0,1
0.720000,7800.000000,0.247358,14.197004,51.568875,27.355896,8.321112,0.647371,110.000000,1.331752,1.783778,42.000000,0.262161,0.196923,0.292500,12.761,0.407911,426.56,117.28,81.4,0.014696,0.985304,1,1
0.703601,5872.072730,0.231271,11.760600,69.162580,40.227375,8.154003,0.843740,79.784300,1.472897,2.370355,34.277812,0.234164,0.165510,0.231347,19.074,0.299984,590.78,128.48,97.7,0.012516,0.987484,1,1
0.503538,7800.000000,0.323198,10.741393,73.013086,24.272675,8.348811,0.912529,110.000000,1.264564,2.014587,42.000000,0.075501,0.149454,0.176755,21.748,0.215646,755.16,125.47,108.2,0.014662,0.985338,0,1
0.544797,7246.349175,0.207293,10.346743,70.321806,19.264492,8.437470,0.716292,82.687295,1.672695,2.400000,37.632283,0.063810,0.127167,0.227732,12.529,0.296763,391.47,83.80,89.9,0.011899,0.988101,0,1
0.716450,7345.726387,0.255538,10.000000,65.619038,41.172732,7.526013,0.826436,78.933345,1.373906,1.300000,24.605677,0.080802,0.160145,0.273703,16.933,0.373919,473.26,121.76,103.5,0.011850,0.988150,0,1
0.626480,5292.999083,0.143486,13.412767,50.000000,48.000000,8.450000,0.895302,102.497026,1.318530,1.595184,35.623316,0.092643,0.187071,0.204586,25.000,0.281412,801.23,154.09,110.3,0.012481,0.987519,0,1
0.658926,7800.000000,0.261375,11.463851,72.410237,25.038643,8.053189,0.648050,105.225697,1.264563,1.886694,42.000000,0.252671,0.187250,0.273339,14.333,0.372185,434.50,111.64,80.9,0.014793,0.985207,1,1
0.712188,6325.114366,0.322533,10.000000,75.015938,18.721549,7.369560,0.777814,94.210414,1.335279,1.873675,39.609091,0.054833,0.103100,0.186479,14.784,0.226980,420.89,73.78,97.2,0.011633,0.988367,0,1
0.685976,7800.000000,0.113355,10.162524,79.116582,48.000000,8.306118,0.662172,58.777997,1.279558,2.164648,41.287426,0.129434,0.286021,0.355176,17.689,0.568060,521.90,174.24,77.2,0.009330,0.990670,0,1
0.695694,7800.000000,0.327686,15.374319,50.392729,40.637882,7.491945,0.721144,66.302801,1.628056,1.377454,40.247035,0.092460,0.196686,0.269293,15.558,0.370615,515.50,130.49,91.6,0.009433,0.990567,0,1
0.720000,7800.000000,0.317043,10.000000,62.906304,21.675640,8.108163,0.868716,101.497278,1.460004,2.311844,38.061275,0.283504,0.207552,0.266047,20.086,0.362419,663.30,165.88,98.0,0.012347,0.987653,1,1
0.520912,6154.889173,0.199955,11.615870,65.598574,18.000000,8.450000,0.707493,100.449071,1.651713,1.513056,40.522862,0.073885,0.152265,0.190946,17.051,0.236416,552.17,99.11,88.8,0.015022,0.984978,0,1
0.717006,5485.373310,0.378801,10.487478,53.218203,23.203123,8.086467,0.942498,92.730362,1.282774,1.345146,35.111937,0.067244,0.128346,0.164215,21.355,0.198311,720.96,111.29,117.8,0.011661,0.988339,0,1
0.601474,7163.756608,0.236263,11.055519,65.723129,26.934333,8.450000,0.645527,100.720468,1.312163,1.528970,31.792014,0.276593,0.207911,0.264999,16.580,0.358044,495.69,123.48,81.2,0.014598,0.985402,1,1
0.627379,7266.402064,0.121277,12.529170,70.557491,36.778873,8.343155,0.820240,101.481427,1.530786,1.965322,40.034044,0.051670,0.092245,0.220857,13.990,0.243359,335.30,69.61,102.7,0.016902,0.983098,0,1
0.713810,7781.643558,0.242731,11.232099,80.002441,25.116968,8.321343,0.678826,110.000000,1.284090,2.290247,42.000000,0.095636,0.204077,0.292038,14.723,0.408981,464.27,127.45,82.6,0.014739,0.985261,0,1
0.674913,6732.872057,0.131260,10.405634,62.615809,28.497335,8.450000,0.793712,84.525430,1.320252,2.039912,36.486732,0.109935,0.235382,0.276647,20.547,0.387302,660.95,171.88,93.9,0.015012,0.984988,0,1
0.666779,7100.245855,0.146371,10.706462,50.981506,25.993794,8.176465,0.923780,83.713864,1.436655,2.400000,39.299638,0.303776,0.222369,0.263337,22.918,0.362573,763.47,188.99,101.2,0.012517,0.987483,1,1
0.610624,5225.460498,0.220254,12.206970,56.141313,30.929221,8.450000,0.777205,78.595775,1.341054,1.884530,22.792434,0.082675,0.168551,0.193461,21.317,0.238803,662.72,120.52,96.2,0.009034,0.990966,0,1
0.664787,7677.102478,0.198135,11.439605,58.158919,22.102577,8.238429,0.939766,79.514686,1.410336,2.247136,33.374088,0.088798,0.183966,0.253557,17.858,0.343543,667.33,159.05,117.2,0.011725,0.988275,0,1
0.668835,7800.000000,0.164561,10.000000,62.278580,36.515819,8.094862,0.652817,85.906292,1.451872,1.682035,36.618157,0.074509,0.145531,0.326153,11.332,0.464905,285.09,87.40,82.1,0.016984,0.983016,0,1
0.720000,6478.945251,0.222549,10.000000,75.902504,33.086374,8.450000,0.746975,96.866142,1.654195,1.944594,36.540500,0.107168,0.229159,0.274038,19.971,0.379263,611.35,157.48,89.8,0.014604,0.985396,0,1
0.551021,6628.541594,0.264169,10.000000,50.826569,30.517348,8.134050,0.680997,110.000000,1.350314,2.400000,37.204051,0.078597,0.156231,0.209383,20.631,0.257988,497.31,97.88,79.3,0.015459,0.984541,0,1
0.717292,7403.334922,0.176456,10.000000,52.248636,41.866747,8.450000,0.750583,100.977431,1.711941,2.284283,28.127323,0.116227,0.238756,0.340925,23.363,0.483032,514.46,164.87,92.8,0.014731,0.985269,0,1
0.563401,6202.661333,0.188520,11.137740,62.410173,44.391358,8.450000,0.734237,76.709401,1.750000,1.712004,42.000000,0.257099,0.184953,0.240905,20.015,0.321088,551.71,124.94,90.1,0.012514,0.987486,1,1
0.695663,7006.511298,0.350286,13.287027,55.344684,32.541630,8.450000,0.931526,86.417540,1.436320,1.654737,31.061203,0.090518,0.185109,0.206509,23.293,0.260236,817.23,158.64,115.0,0.012515,0.987485,0,1
0.720000,6914.810131,0.350079,10.511921,62.834632,21.033196,8.275476,0.637080,110.000000,1.276066,2.028103,39.225265,0.091226,0.193352,0.271219,15.445,0.367631,444.51,113.33,78.6,0.014770,0.985230,0,1
0.720000,7129.306435,0.140351,11.938456,77.968364,33.209657,8.412912,0.700135,102.511382,1.257744,1.934722,19.354547,0.295099,0.222983,0.293513,16.166,0.407592,520.58,143.63,87.5,0.014642,0.985358,1,1
0.684287,7800.000000,0.290476,10.782683,50.000000,23.167074,8.427375,0.908316,93.151986,1.637591,2.349781,34.225341,0.104262,0.218877,0.257622,22.242,0.348002,755.29,182.90,102.6,0.014621,0.985379,0,1
0.691735,7611.266640,0.248694,10.000000,69.733924,46.451838,8.162872,0.791452,83.059254,1.708787,1.832712,39.232312,0.126220,0.270719,0.307984,23.598,0.451903,680.89,197.12,93.6,0.014705,0.985295,0,1
0.702440,6534.954435,0.149435,10.954981,62.819500,42.416956,7.458532,0.692929,108.182587,1.416065,1.922948,30.187156,0.054566,0.099072,0.179093,17.087,0.208226,375.16,63.16,85.4,0.012689,0.987311,0,1
0.637253,6589.110596,0.254170,14.060846,64.727569,44.476270,8.134865,0.863838,103.726880,1.750000,2.069644,38.504026,0.066425,0.126238,0.197128,19.256,0.231599,541.42,100.33,108.1,0.014621,0.985379,0,1
0.710678,6950.036778,0.277034,12.465073,56.567092,27.522089,8.240765,0.928715,89.230132,1.718707,1.892064,28.200283,0.057901,0.110631,0.228175,12.372,0.295026,440.71,94.52,116.1,0.011982,0.988018,0,1
0.720000,7442.444909,0.111458,10.000000,52.399983,32.221542,8.450000,0.695477,87.475192,1.730371,2.047906,42.000000,0.131640,0.289632,0.351138,19.196,0.550188,561.45,185.32,82.4,0.012196,0.987804,0,1
0.717069,6039.463582,0.214617,11.814085,53.906134,26.273307,7.860999,0.889230,93.330255,1.250000,1.403468,29.021714,0.063617,0.123334,0.212923,15.322,0.268786,504.12,100.90,111.3,0.011950,0.988050,0,1
0.720000,6742.951693,0.117415,10.994545,73.127904,21.935786,8.450000,0.901226,92.780650,1.379217,2.066490,41.733341,0.100467,0.213341,0.255954,19.630,0.349248,735.20,176.89,105.7,0.011151,0.988849,0,1
0.467485,7383.329066,0.259045,10.088019,55.648577,23.784788,8.450000,0.937283,105.483696,1.288674,1.945484,39.578257,0.061145,0.110846,0.175654,20.848,0.202646,578.88,95.58,117.2,0.014554,0.985446,0,1
0.627755,5836.671932,0.284118,10.082458,66.932279,30.853432,7.600329,0.804084,102.652526,1.319002,2.400000,25.623069,0.031399,0.043799,0.130836,15.190,0.126656,263.45,32.40,100.8,0.014639,0.985361,0,1
0.697923,7800.000000,0.275790,12.901490,65.038446,37.929409,8.000031,0.915894,93.061150,1.713319,1.323116,20.937743,0.089495,0.184448,0.254828,18.686,0.337311,648.83,155.42,114.6,0.014891,0.985109,0,1
0.519602,7800.000000,0.273598,12.781475,73.773192,28.995801,7.995954,0.657200,101.971065,1.750000,2.208088,38.929003,0.168944,0.116861,0.188307,13.968,0.227050,399.17,70.66,81.9,0.014828,0.985172,1,1
0.694598,5600.382229,0.206868,10.472923,68.422870,25.453130,8.366763,0.890520,94.966346,1.714272,1.460499,28.635050,0.088752,0.181721,0.205635,22.515,0.259375,770.22,148.88,110.1,0.013116,0.986884,0,1
0.638831,6548.520300,0.166806,13.201890,67.335368,24.026277,7.966263,0.803723,76.656489,1.750000,2.257805,30.765864,0.078601,0.162807,0.211979,17.021,0.269180,604.15,120.38,97.6,0.007072,0.992928,0,1
0.720000,7800.000000,0.133950,10.000000,55.528274,48.000000,8.450000,0.620000,78.081732,1.750000,1.527225,33.174757,0.128094,0.280349,0.393355,17.082,0.644093,432.48,159.91,78.0,0.012196,0.987804,0,1
0.525094,6628.089732,0.195489,11.273072,57.856400,23.023337,8.207996,0.705205,102.504042,1.250000,2.022594,40.113026,0.037763,0.062456,0.171559,12.287,0.178530,251.27,40.52,88.5,0.016836,0.983164,0,1
0.583801,6765.686227,0.220347,11.938136,60.329433,39.427700,8.155590,0.901878,101.732479,1.750000,2.002821,19.498330,0.089160,0.177874,0.210890,24.769,0.261470,744.50,147.59,108.3,0.014845,0.985155,0,1
0.681117,6657.259598,0.122373,15.650900,61.078786,18.000000,8.006829,0.918166,80.396091,1.518711,2.400000,40.141655,0.057819,0.114058,0.187632,13.415,0.232475,546.26,96.35,114.8,0.011958,0.988042,0,1
0.622640,6672.447631,0.141807,10.739438,50.000000,23.160722,7.580482,0.907476,91.109068,1.452040,1.560340,39.270908,0.072913,0.142792,0.205089,19.372,0.259492,618.38,119.21,113.5,0.011929,0.988071,0,1
0.624530,7800.000000,0.199186,11.689574,64.341140,19.987045,7.910878,0.668224,106.481082,1.258046,2.004456,40.678170,0.184057,0.127883,0.232441,13.025,0.288199,359.82,78.62,83.1,0.014887,0.985113,1,1
0.720000,5972.245129,0.230801,11.226123,56.845776,41.112020,8.357252,0.904363,65.830753,1.540724,1.826589,34.289365,0.099207,0.204191,0.259517,21.429,0.390996,696.42,169.89,113.1,0.009420,0.990580,0,1
0.674824,7800.000000,0.430123,10.000000,67.665629,34.528353,8.450000,0.852195,84.824737,1.750000,2.137770,29.799220,0.085779,0.171896,0.226326,21.796,0.287188,633.48,134.77,106.7,0.014471,0.985529,0,1
0.671379,6484.104631,0.276546,11.807573,58.129126,48.000000,8.076421,0.804227,69.294960,1.500730,2.229158,34.446860,0.272137,0.194369,0.260296,21.433,0.351964,587.76,143.81,94.2,0.010013,0.989987,1,1
0.710007,7653.165290,0.282337,10.000000,59.148551,32.328618,8.116272,0.772193,91.134407,1.353364,2.400000,21.634182,0.107702,0.226570,0.293318,20.706,0.406800,583.78,160.96,88.2,0.014750,0.985250,0,1
0.673739,7171.422776,0.229745,11.073254,66.099718,38.198893,8.309704,0.650879,88.469393,1.750000,1.300000,34.266390,0.096995,0.205682,0.300374,15.188,0.426061,436.21,123.16,81.8,0.014874,0.985126,0,1
0.495110,7800.000000,0.235391,12.048390,68.009791,35.947815,8.179838,0.833087,91.841350,1.670823,2.277266,35.659141,0.236881,0.168047,0.208062,20.853,0.262083,658.55,128.80,98.8,0.014756,0.985244,1,1
0.521169,6505.425876,0.211272,10.967485,81.355351,43.562026,8.450000,0.734637,94.116809,1.722601,1.935709,36.366596,0.076314,0.152239,0.212105,19.246,0.258505,516.07,102.89,92.2,0.014518,0.985482,0,1
0.520906,7800.000000,0.282113,11.681269,63.541129,27.682356,8.405544,0.950000,103.258418,1.465556,1.832260,40.454281,0.235709,0.165287,0.187780,23.046,0.232705,818.41,144.46,114.6,0.012227,0.987773,1,1
0.617113,7723.604026,0.164310,10.000000,65.370155,34.043462,8.281195,0.844888,104.069839,1.481309,1.896050,42.000000,0.065261,0.119014,0.256033,17.489,0.299635,384.38,92.51,105.8,0.016917,0.983083,0,1
0.621419,7800.000000,0.216158,10.000000,65.947571,30.518279,8.174751,0.648673,90.187195,1.250000,1.575725,32.503951,0.095732,0.201877,0.299641,15.405,0.421524,427.73,120.48,81.6,0.014685,0.985315,0,1
0.720000,7800.000000,0.175628,10.262155,65.519910,26.350378,8.450000,0.719414,90.841521,1.288286,2.400000,35.621199,0.336111,0.255665,0.327048,17.383,0.487924,550.43,169.21,83.4,0.014603,0.985397,1,1
0.720000,7800.000000,0.263607,11.679308,69.596289,26.642492,8.350386,0.823168,104.499351,1.381206,1.753708,42.000000,0.060250,0.113363,0.261289,12.589,0.317419,349.54,85.85,103.1,0.016835,0.983165,0,1
0.718844,7444.816750,0.439623,10.000000,60.280252,30.819774,8.027039,0.789497,77.974060,1.736928,2.400000,36.843396,0.210148,0.143706,0.254842,16.400,0.331395,435.73,104.38,97.3,0.012377,0.987623,1,1
0.574017,5801.419173,0.140251,14.148296,61.389114,35.359367,8.450000,0.926332,95.774869,1.507784,2.400000,32.830310,0.074213,0.146152,0.173884,21.799,0.209454,762.03,124.55,110.5,0.014635,0.985365,0,1
0.693457,7341.936750,0.251535,10.287074,75.659398,29.983194,8.168225,0.620693,92.387391,1.710230,2.001206,31.651727,0.296597,0.223796,0.303178,15.654,0.430984,448.43,127.80,76.7,0.014768,0.985232,1,1
0.720000,7800.000000,0.368980,15.652421,57.090169,47.397408,8.220648,0.848331,67.679038,1.497291,1.418474,40.192793,0.089248,0.186060,0.252979,17.497,0.342532,610.65,145.21,106.2,0.007024,0.992976,0,1
0.612556,6937.684289,0.218537,10.000000,70.471804,24.146922,8.391557,0.860444,96.855393,1.591331,1.302138,36.718039,0.081785,0.167099,0.223289,18.552,0.290102,630.21,132.28,107.3,0.011100,0.988900,0,1
0.657423,7800.000000,0.342185,10.416613,71.838924,22.219546,8.241474,0.725557,110.000000,1.307352,2.243133,32.882138,0.090485,0.189950,0.259702,16.989,0.345596,519.39,126.79,87.0,0.014780,0.985220,0,1
