generator_force_scale,generator_rated_force_n,generator_spring_decouple,air_spring_reference_bar,air_spring_max_cc,air_spring_min_cc,air_spring_expansion_gain,air_spring_compression_gain,generator_adaptive_profile,exhaust_open_ms,load_fraction,frequency_hz,combustion_pressure_gain,burn_duration_ms,damping_n_s_m,score,net_efficiency,capture_fraction,max_bdc_mm,elec_per_spring,expansion_work_j,elec_energy_j,peak_pressure_bar,rgf,scavenge_efficiency,stable,energy_balance_valid,spring_recovery,ke_power_fraction,unharvested_fraction
2.520953,5402.292653,0.435483,19.042504,63.571645,18.025971,0.918679,1.013543,0.368494,8.039849,0.797610,50.715575,1.333065,2.181047,35.606466,0.118309,0.265499,0.415814,9.631,0.726446,498.44,194.82,100.0,0.009286,0.990714,0,1,0.000000,0.000000,0.000000
1.469228,6408.592811,0.271767,20.902715,52.617557,33.493563,0.813532,1.078761,0.244867,8.371468,0.701718,70.259684,1.564700,2.147595,20.317446,0.057414,0.104320,0.385761,4.429,0.622595,185.73,67.35,88.1,0.011382,0.988618,0,1,0.000000,0.000000,0.000000
2.667498,6088.506725,0.304065,16.399475,80.433337,46.563229,0.766435,1.287849,0.866341,8.422027,0.629231,86.509923,1.744618,1.651961,35.190316,0.079454,0.166798,0.322009,10.281,0.347309,319.00,96.56,84.3,0.015256,0.984744,0,1,0.000000,0.000000,0.000000
2.994325,5325.607270,0.300054,15.472942,75.207837,26.078500,0.944985,1.138887,0.465112,8.711150,0.915708,42.181177,1.624065,2.078144,24.689042,0.105590,0.227000,0.490691,7.715,1.016554,414.60,191.24,114.5,0.010963,0.989037,0,1,0.000000,0.000000,0.000000
1.978228,7467.401454,0.309384,11.403467,57.392222,23.763348,0.592687,1.098661,0.771446,8.461444,0.936240,91.176552,1.522369,1.795242,23.852964,0.131076,0.282144,0.347179,22.292,0.616594,744.67,243.02,117.1,0.013760,0.986240,0,1,0.000000,0.000000,0.000000
2.360138,6240.770404,0.430000,14.988404,63.813438,30.076651,0.634833,1.373400,0.824480,8.649134,0.684125,44.037667,1.451773,1.477202,40.708527,0.113501,0.258217,0.230292,17.679,0.307209,750.76,162.52,86.0,0.011526,0.988474,0,1,0.000000,0.000000,0.000000
1.220969,4502.327639,0.404995,17.446012,55.437762,20.028675,0.796446,1.075861,0.765974,7.521078,0.783232,80.781460,1.349765,2.179897,26.233243,0.015046,0.014721,0.036436,11.931,0.037279,309.71,10.61,98.2,0.013097,0.986903,0,1,0.000000,0.000000,0.000000
1.925842,5253.347391,0.349142,15.943805,61.290449,26.780890,0.614616,1.150821,0.230490,7.936016,0.694063,101.419780,1.714969,1.321484,33.646652,0.337090,0.256759,0.440753,12.535,0.501819,395.72,163.95,94.3,0.014032,0.985968,1,1,0.000000,0.000000,0.000000
2.620013,6535.732337,0.369886,19.651419,76.468747,35.743113,0.940426,1.039886,0.620282,8.433780,0.851651,105.332975,1.439794,1.333292,19.540632,0.087381,0.187615,0.256609,13.986,0.338657,609.42,147.00,115.4,0.013185,0.986815,0,1,0.000000,0.000000,0.000000
2.116663,3804.160987,0.082735,21.438177,55.863293,20.973625,0.893084,1.357516,0.964596,7.412688,0.843339,93.603170,1.606378,1.922711,22.143766,0.014228,0.003412,0.025194,3.962,0.021912,111.80,2.65,107.4,0.013158,0.986842,1,1,0.000000,0.000000,0.000000
0.556057,4340.817407,0.183635,12.789554,75.320924,33.753676,0.698771,1.342079,0.512226,8.232106,0.926655,55.594272,1.340681,1.683789,33.883794,0.044724,0.071469,0.086144,22.222,0.124447,752.44,60.93,115.9,0.011213,0.988787,0,1,0.000000,0.000000,0.000000
1.948556,2903.693419,0.277617,17.039120,64.796773,22.904374,0.820940,1.124400,0.890139,8.727163,0.730133,91.880220,1.468238,2.334289,31.885501,0.047140,0.088997,0.160409,12.823,0.180285,396.47,59.78,92.6,0.013718,0.986282,0,1,0.000000,0.000000,0.000000
0.392428,2236.482246,0.089935,13.687570,58.376619,35.142744,0.632167,1.162730,0.454320,7.529232,0.834321,61.179097,1.581004,2.126565,36.851307,0.030054,0.034902,0.047367,22.222,0.068327,601.68,26.79,104.2,0.011249,0.988751,0,1,0.000000,0.000000,0.000000
2.242012,4041.661444,0.106219,17.394993,66.423863,38.192373,0.601026,1.397532,0.951669,8.267020,0.812458,88.550678,1.515738,1.976901,36.023374,0.062892,0.120359,0.262199,14.106,0.253605,365.01,89.96,101.8,0.015864,0.984136,0,1,0.000000,0.000000,0.000000
2.948144,7575.351025,0.254799,19.280353,68.900824,21.819063,0.845355,1.373964,0.646213,7.730087,0.635145,80.283067,1.574533,2.353646,37.306664,0.013930,0.004195,0.078549,1.315,0.020540,33.20,2.45,79.9,0.013016,0.986984,1,1,0.000000,0.000000,0.000000
2.203459,2611.681127,0.363247,11.280776,81.085687,24.630706,0.922398,1.269344,0.388403,8.768481,0.703621,71.920944,1.280183,2.392920,25.914717,0.081740,0.169072,0.272511,13.997,0.366900,427.25,109.45,88.4,0.009394,0.990606,0,1,0.000000,0.000000,0.000000
0.855562,6744.538334,0.201341,21.802292,58.045424,24.288488,0.581722,1.432404,0.020403,7.925295,0.806017,104.466764,1.264553,1.826698,24.354792,0.135476,0.089044,0.176269,13.432,0.136689,398.50,66.03,107.5,0.014051,0.985949,1,1,0.000000,0.000000,0.000000
2.026916,3564.055093,0.432580,12.484799,70.078038,42.170602,0.826561,1.317915,0.990673,8.581392,0.766039,62.989763,1.532620,1.501406,34.568294,0.077824,0.153830,0.186525,22.126,0.233735,618.32,108.41,96.1,0.011208,0.988792,0,1,0.000000,0.000000,0.000000
0.636949,5678.374398,0.355568,20.696184,62.281955,32.012746,0.646682,1.018877,0.912607,8.668350,0.711841,72.860969,1.513125,1.784997,32.215548,0.052302,0.096265,0.115297,19.694,0.113984,581.69,63.04,89.4,0.009068,0.990932,0,1,0.000000,0.000000,0.000000
0.463350,5969.077367,0.417211,16.825375,73.597291,18.457464,0.935194,1.325036,0.064923,8.753432,0.838188,60.787106,1.384318,1.322191,28.678999,0.052608,0.103198,0.093012,17.781,0.102724,910.19,79.58,105.0,0.009778,0.990222,0,1,0.000000,0.000000,0.000000
0.799366,3133.682625,0.380559,20.990385,73.844379,34.036900,0.862051,1.337322,0.162773,8.326391,0.856038,98.663283,1.603482,1.414903,19.025412,0.022234,0.035750,0.103846,7.609,0.106228,288.43,28.16,112.8,0.011329,0.988671,0,1,0.000000,0.000000,0.000000
1.541774,6380.252204,0.439354,20.467443,68.049562,28.395808,0.726877,1.247185,0.101079,8.072223,0.801407,97.113336,1.490581,2.373218,33.513030,0.038634,0.065540,0.296958,4.874,0.283501,173.11,48.32,102.8,0.013480,0.986520,0,1,0.000000,0.000000,0.000000
1.026159,6321.422289,0.340409,21.155750,76.702029,45.398505,0.915188,1.052759,0.294991,7.432311,0.933183,106.996190,1.426227,1.556008,24.189588,0.013223,0.014083,0.149555,2.444,0.171085,86.01,12.09,121.3,0.015325,0.984675,0,1,0.000000,0.000000,0.000000
2.311789,3851.125829,0.112428,16.861438,60.798761,26.154387,0.822226,1.279187,0.086803,7.628310,0.929326,70.990568,1.556139,2.007866,23.647556,0.078827,0.157190,0.335531,10.595,0.506301,426.11,134.39,116.2,0.009503,0.990497,0,1,0.000000,0.000000,0.000000
2.552016,6697.609335,0.286663,22.410432,67.425240,39.886462,0.879432,1.011596,0.355739,7.710673,0.673611,95.303707,1.394356,1.761152,29.660439,0.038906,0.011991,0.279248,0.773,0.075703,28.31,7.43,91.2,0.013160,0.986840,1,1,0.000000,0.000000,0.000000
2.397117,7758.190811,0.120291,11.221896,57.736801,24.313301,0.595759,1.063203,0.557223,7.609296,0.759425,48.872940,1.590401,1.632559,32.987084,0.177276,0.407510,0.464110,20.932,0.835821,652.62,284.72,93.3,0.009262,0.990738,0,1,0.000000,0.000000,0.000000
1.578449,5126.335462,0.096635,12.195043,78.991563,20.584318,0.830323,1.442408,0.682171,8.094286,0.754039,43.297024,1.259491,2.256898,18.213319,0.108775,0.235852,0.288710,17.425,0.424675,602.88,163.61,91.1,0.009166,0.990834,0,1,0.000000,0.000000,0.000000
2.057632,3272.231585,0.167331,12.593422,79.755646,28.637287,0.933692,1.237100,0.211361,7.866199,0.940742,58.624333,1.366108,1.626935,21.454649,0.121171,0.263984,0.311328,19.404,0.462626,780.71,228.47,115.7,0.009383,0.990617,0,1,0.000000,0.000000,0.000000
2.757497,4172.704296,0.124716,10.013943,58.660050,38.434488,0.717460,1.034797,0.638555,7.755026,0.773828,67.031576,1.278970,2.282925,27.965975,0.092825,0.183823,0.354899,16.500,0.554924,392.28,130.87,97.5,0.011797,0.988203,0,1,0.000000,0.000000,0.000000
1.437977,7220.773910,0.139347,16.276689,71.136428,33.089326,0.910377,1.422611,0.191049,8.281912,0.883947,62.132666,1.733252,2.381703,20.406365,0.078429,0.156605,0.404330,7.565,0.687039,335.09,127.36,110.6,0.011298,0.988702,0,1,0.000000,0.000000,0.000000
1.264239,4452.590452,0.297480,14.162427,65.740796,46.464486,0.650634,1.048040,0.745330,8.000888,0.757600,99.310602,1.267137,1.859400,38.552074,0.082336,0.160116,0.204662,24.245,0.256686,580.09,111.60,95.0,0.013921,0.986079,0,1,0.000000,0.000000,0.000000
1.380021,4997.496016,0.275497,14.298728,68.372772,31.599208,0.889635,1.278496,0.263054,8.634705,0.889310,94.845085,1.684777,1.691890,39.737191,0.093501,0.195651,0.305006,14.792,0.437727,558.33,160.07,111.3,0.015675,0.984325,0,1,0.000000,0.000000,0.000000
1.297786,3022.586290,0.179475,11.603549,63.186282,42.597640,0.551028,1.003834,0.138394,8.122480,0.639598,46.327708,1.722664,1.441768,40.994780,0.138947,0.302296,0.321504,25.000,0.474382,588.59,177.88,80.5,0.009220,0.990780,0,1,0.000000,0.000000,0.000000
2.700794,6466.749918,0.261111,23.701241,81.828741,47.280354,0.903559,1.086308,0.225438,7.368348,0.770636,89.352647,1.498320,1.747325,41.875935,-0.050000,0.000000,0.000000,0.000,0.000000,0.00,0.00,99.7,0.015116,0.984884,0,1,0.000000,0.000000,0.000000
1.752474,3183.081618,0.309917,15.862036,51.612214,30.613578,0.654306,1.436508,0.348863,8.439003,0.721459,105.210532,1.586528,2.096031,38.813414,0.102511,0.215817,0.292178,18.658,0.409519,521.57,143.25,90.6,0.013818,0.986182,0,1,0.000000,0.000000,0.000000
0.987889,2263.041110,0.180966,15.087332,74.532317,27.201671,0.661634,1.129644,0.727228,8.143203,0.811121,55.871415,1.634356,2.260449,19.925806,0.032914,0.049213,0.077503,17.817,0.074799,504.10,36.72,101.6,0.009354,0.990646,0,1,0.000000,0.000000,0.000000
2.872443,5875.128242,0.314987,10.802125,62.648335,35.569097,0.678181,1.060273,0.714722,8.082599,0.678374,108.234036,1.611245,1.710495,23.073778,0.135717,0.295899,0.389686,20.344,0.624855,504.15,184.67,84.5,0.014052,0.985948,0,1,0.000000,0.000000,0.000000
0.806346,4713.590281,0.223643,18.471243,77.590598,43.122664,0.859470,1.429416,0.886910,7.817034,0.698004,102.429535,1.678243,1.843205,37.889637,0.037072,0.014216,0.041057,9.001,0.039206,236.55,9.13,89.5,0.015589,0.984411,1,1,0.000000,0.000000,0.000000
1.230090,2426.640047,0.169097,15.216314,65.552561,19.427332,0.760486,1.309190,0.980956,8.585594,0.936944,84.179789,1.354606,1.906660,34.421960,0.047044,0.081821,0.104507,19.754,0.118015,717.95,70.53,116.8,0.012912,0.987088,0,1,0.000000,0.000000,0.000000
1.499054,7656.409575,0.086014,13.141200,53.461476,43.361773,0.846744,1.312084,0.146781,7.697727,0.643968,79.150576,1.290415,2.140830,27.304493,0.197797,0.129476,0.449861,6.166,0.795131,181.40,76.71,81.0,0.011547,0.988453,1,1,0.000000,0.000000,0.000000
2.744407,2954.914941,0.158616,18.617029,67.743826,36.114779,0.748400,1.348447,0.601248,7.952814,0.662552,57.966229,1.646972,1.509900,39.997495,0.037717,0.066718,0.243816,5.467,0.265114,177.44,40.67,83.3,0.013123,0.986877,0,1,0.000000,0.000000,0.000000
1.333446,5801.975217,0.322382,22.589012,64.195889,29.221661,0.838417,1.386341,0.944417,7.555132,0.750746,77.720276,1.486353,2.119228,22.651609,-0.050000,0.000000,0.000000,0.000,0.000000,0.00,0.00,94.2,0.009532,0.990468,0,1,0.000000,0.000000,0.000000
2.426153,6056.558789,0.144127,17.236510,69.787173,45.983956,0.850552,1.041402,0.920190,8.182475,0.747334,90.512778,1.505192,1.390929,18.550100,0.118045,0.259976,0.351864,14.572,0.538062,540.42,178.75,98.1,0.012441,0.987559,0,1,0.000000,0.000000,0.000000
1.519701,4915.575206,0.376274,15.724374,51.587805,43.796191,0.685596,1.177458,0.841745,7.491775,0.738980,69.576485,1.303521,2.111601,22.389242,0.018035,0.022818,0.094058,8.573,0.100998,175.46,15.51,93.2,0.013588,0.986412,0,1,0.000000,0.000000,0.000000
1.782150,6900.121913,0.280898,14.398663,72.565273,43.882290,0.697603,1.231265,0.258814,8.563708,0.860181,67.237585,1.478432,2.357676,20.945058,0.139550,0.310649,0.492889,14.317,0.820541,530.60,245.84,107.7,0.011212,0.988788,0,1,0.000000,0.000000,0.000000
2.457115,3696.062870,0.212633,13.500531,80.155878,47.929430,0.625894,1.395098,0.672898,7.842462,0.625739,76.368809,1.527225,1.375801,31.657842,0.083367,0.172820,0.300487,14.995,0.283546,352.23,99.49,81.7,0.009406,0.990594,0,1,0.000000,0.000000,0.000000
0.333225,5654.909594,0.153287,21.924008,67.062244,41.550599,0.792829,1.368282,0.283130,7.477187,0.826217,52.933111,1.324442,1.521033,36.360752,0.034943,0.056070,0.078825,16.995,0.086741,575.20,42.62,103.5,0.009319,0.990681,0,1,0.000000,0.000000,0.000000
1.339771,5341.979956,0.386446,23.122091,56.364987,36.926283,0.609883,1.320136,0.205168,7.499870,0.823532,71.590190,1.618450,2.216892,29.916654,-0.050000,0.000000,0.000000,0.003,0.000000,0.22,0.00,103.2,0.011393,0.988607,0,1,0.000000,0.000000,0.000000
1.850921,3973.711675,0.264643,22.652723,54.963004,34.938440,0.798089,1.214682,0.575421,8.199405,0.794788,51.596526,1.251795,2.238971,35.445049,0.073105,0.152311,0.197028,15.385,0.250693,601.33,111.37,99.6,0.009298,0.990702,0,1,0.000000,0.000000,0.000000
2.935164,6798.202771,0.336127,22.926103,81.402514,21.197646,0.835259,1.025604,0.010794,7.455378,0.648532,68.513025,1.643962,1.449362,35.954575,-0.050000,0.000000,0.000000,0.002,0.000000,0.16,0.00,81.6,0.009472,0.990528,0,1,0.000000,0.000000,0.000000
0.583525,6971.456575,0.249407,10.209137,78.257170,38.821315,0.723650,1.190601,0.477462,8.023424,0.860955,73.571704,1.413875,1.964847,38.952782,0.097193,0.197374,0.243356,22.222,0.410157,683.42,156.34,107.5,0.011160,0.988840,0,1,0.000000,0.000000,0.000000
2.230314,6657.815111,0.132376,14.710884,59.573190,31.131240,0.705641,1.259558,0.334636,8.342672,0.876932,59.294293,1.417982,1.719463,39.450261,0.182846,0.427950,0.563671,14.687,1.202789,651.62,345.26,107.8,0.009380,0.990620,0,1,0.000000,0.000000,0.000000
1.190721,2702.170622,0.343846,16.105705,69.476855,45.667820,0.752556,1.445938,0.150834,8.780623,0.920087,85.448760,1.687172,1.604669,27.836818,0.061387,0.113581,0.159112,20.440,0.205028,642.82,96.14,115.1,0.015404,0.984596,0,1,0.000000,0.000000,0.000000
2.158645,2810.836952,0.137002,23.825122,75.742303,32.409630,0.805252,1.198546,0.694980,7.980445,0.718264,99.856703,1.470075,1.421428,27.387824,0.005961,0.006061,0.058545,2.251,0.044636,72.78,4.00,93.7,0.013340,0.986660,0,1,0.000000,0.000000,0.000000
0.221029,3374.000419,0.399579,20.626483,55.519379,32.785085,0.671106,1.115837,0.323124,8.311710,0.865074,94.282245,1.651902,1.764680,37.532106,0.028923,0.031405,0.038127,23.302,0.039437,697.39,24.99,112.8,0.013843,0.986157,0,1,0.000000,0.000000,0.000000
0.258136,3540.565793,0.252336,17.825682,65.145337,19.199638,0.560725,1.382492,0.566665,7.445118,0.737939,75.307835,1.636708,1.364815,39.213402,0.018332,0.012019,0.018702,19.167,0.013227,464.17,8.16,92.6,0.009510,0.990490,0,1,0.000000,0.000000,0.000000
0.725586,3631.678736,0.426406,14.863289,51.180504,40.973622,0.711065,1.272556,0.908018,7.540394,0.666298,78.197169,1.420433,1.539385,28.489045,0.029465,0.010682,0.071013,5.102,0.072442,98.09,6.55,83.7,0.013447,0.986553,1,1,0.000000,0.000000,0.000000
1.604895,7371.626881,0.449565,23.297000,74.252168,41.330636,0.664022,1.263391,0.274077,8.790759,0.663799,95.945752,1.336824,2.317794,41.308303,0.299799,0.235025,0.435793,8.543,0.320591,350.37,143.53,88.9,0.013504,0.986496,1,1,0.000000,0.000000,0.000000
2.480224,3254.861645,0.163940,22.740784,52.497929,22.327116,0.926579,1.081299,0.736109,7.588712,0.836088,90.123448,1.669043,2.028723,19.238367,0.013600,0.003415,0.025843,3.517,0.027056,108.15,2.63,105.9,0.013278,0.986722,1,1,0.000000,0.000000,0.000000
0.184108,7045.076502,0.394626,23.932689,56.556011,37.679677,0.909741,1.360653,0.549037,8.675639,0.907075,48.195521,1.361616,1.403388,30.423297,0.019072,0.022266,0.027567,14.432,0.028916,717.06,18.58,113.5,0.011091,0.988909,0,1,0.000000,0.000000,0.000000
2.794512,4795.607319,0.115570,13.296984,63.000745,46.974638,0.569723,1.169870,0.877004,7.793427,0.779362,102.625143,1.403286,2.193081,33.266275,0.098758,0.198663,0.296864,22.163,0.385700,510.46,142.44,94.8,0.014147,0.985853,0,1,0.000000,0.000000,0.000000
1.999283,4435.242234,0.423001,12.369813,53.923997,25.398278,0.733752,1.256127,0.372432,7.678355,0.642033,51.424567,1.629713,1.466007,41.063816,0.142570,0.321834,0.401727,16.685,0.692800,503.41,190.10,80.8,0.009299,0.990701,0,1,0.000000,0.000000,0.000000
0.284495,4259.056096,0.373809,20.136044,79.929459,23.318338,0.817919,1.303927,0.319917,7.395540,0.777515,57.440975,1.408965,2.296037,34.847580,-0.050000,0.000166,0.016031,0.291,0.003234,7.90,0.12,97.5,0.013120,0.986880,0,1,0.000000,0.000000,0.000000
1.001299,5500.234632,0.267790,18.834047,50.734878,37.369679,0.737448,1.298517,0.536195,7.385721,0.830154,53.784617,1.579735,1.904274,32.063437,0.036689,0.057645,0.099053,17.408,0.110988,472.84,44.03,104.0,0.011206,0.988794,0,1,0.000000,0.000000,0.000000
2.329380,6154.755022,0.148104,14.583543,70.841523,40.392402,0.691062,1.100687,0.056085,7.777768,0.789158,107.536232,1.313267,1.490599,32.624359,0.433216,0.343577,0.541817,13.147,0.792675,489.77,249.45,98.9,0.014010,0.985990,1,1,0.000000,0.000000,0.000000
2.849405,6194.228507,0.241951,22.312407,60.139601,18.831917,0.586329,1.194594,0.599270,7.875462,0.845575,87.246288,1.298209,1.869092,31.357245,0.042479,0.078949,0.226846,8.654,0.174056,288.02,61.42,106.0,0.013181,0.986819,0,1,0.000000,0.000000,0.000000
1.126566,7098.449631,0.193220,19.686832,60.405021,34.632012,0.626174,1.352157,0.124773,8.527074,0.679442,75.470949,1.287637,2.091125,21.922631,0.097993,0.210683,0.393871,10.501,0.419621,355.70,131.70,85.7,0.011512,0.988488,0,1,0.000000,0.000000,0.000000
2.582438,2707.889623,0.332020,17.932998,50.139902,27.962061,0.571193,1.174018,0.656435,7.656541,0.873902,54.843730,1.694718,2.206303,24.781769,0.022428,0.031178,0.173646,5.776,0.186450,153.57,25.07,109.4,0.013082,0.986918,0,1,0.000000,0.000000,0.000000
1.144232,7161.576650,0.190336,18.279796,56.926743,44.409120,0.564907,1.217628,0.442560,7.575935,0.912607,83.597539,1.456417,1.589615,40.310090,0.106454,0.219549,0.337040,19.586,0.461789,581.83,184.33,114.9,0.014016,0.985984,0,1,0.000000,0.000000,0.000000
0.446658,5748.558729,0.317016,17.618190,50.539925,39.221052,0.757736,1.205496,0.410023,7.360079,0.762254,106.276405,1.706908,2.165008,38.021715,0.023619,0.007014,0.047131,5.715,0.035093,111.02,4.92,95.6,0.013537,0.986463,1,1,0.000000,0.000000,0.000000
1.670488,7584.686350,0.288623,12.812847,54.288196,25.141438,0.809621,1.131854,0.091802,8.014067,0.728780,64.385691,1.389697,2.067478,31.026071,0.161701,0.373909,0.517703,13.338,1.095480,515.16,250.70,89.4,0.009413,0.990587,0,1,0.000000,0.000000,0.000000
0.936268,2525.003636,0.225360,21.667612,70.315327,41.784992,0.783163,1.187489,0.520894,8.486904,0.869545,88.082810,1.596293,2.040511,26.972665,0.069544,0.036807,0.081353,11.574,0.077020,385.04,29.44,111.4,0.013508,0.986492,1,1,0.000000,0.000000,0.000000
0.692918,4634.286900,0.445543,10.600861,73.252154,26.620644,0.771747,1.182129,0.782127,7.851988,0.848508,68.901111,1.377445,1.347246,40.346431,0.048019,0.080128,0.097001,22.222,0.121640,686.00,62.55,106.0,0.009458,0.990542,0,1,0.000000,0.000000,0.000000
1.684837,5543.621037,0.130365,23.337464,70.788222,32.268158,0.612961,1.224366,0.179966,8.387943,0.686313,86.091649,1.540620,2.232983,30.016298,0.051078,0.100331,0.315816,6.406,0.188254,213.39,63.35,87.0,0.015505,0.984495,0,1,0.000000,0.000000,0.000000
2.653707,2318.231824,0.203910,12.040386,68.622221,20.169686,0.949403,1.005869,0.806300,8.469575,0.724829,100.878855,1.399066,2.000798,22.862349,0.070021,0.141702,0.206457,15.867,0.252658,486.91,94.49,91.0,0.015534,0.984466,0,1,0.000000,0.000000,0.000000
2.268230,7699.478965,0.367366,11.864425,66.282181,21.415878,0.721304,1.251836,0.977877,8.505238,0.803841,74.086284,1.462422,2.308630,34.244940,0.089328,0.182316,0.325477,13.592,0.492126,440.69,134.83,100.7,0.011487,0.988513,0,1,0.000000,0.000000,0.000000
0.872462,7320.724493,0.235353,18.009629,77.069815,45.014892,0.872766,1.147820,0.401659,7.762140,0.622157,83.408470,1.748000,1.959423,20.681536,0.052170,0.024973,0.178878,3.120,0.166169,85.01,14.29,81.5,0.015049,0.984951,1,1,0.000000,0.000000,0.000000
2.073551,7286.671883,0.228034,13.843902,59.887817,31.240217,0.620667,1.296409,0.435375,7.971111,0.894576,76.997245,1.567145,1.704335,37.198052,0.101577,0.208748,0.532158,9.450,0.925154,343.45,171.80,111.9,0.013380,0.986620,0,1,0.000000,0.000000,0.000000
1.833972,3752.828244,0.213665,14.042863,80.910923,22.567878,0.777725,1.161295,0.043080,8.170346,0.901293,65.679677,1.661087,1.584210,29.057830,0.106868,0.230000,0.309871,16.829,0.422212,654.74,190.71,112.8,0.011328,0.988672,0,1,0.000000,0.000000,0.000000
1.419912,4858.737907,0.325634,16.494667,71.933754,44.354286,0.781830,1.090438,0.399530,7.721985,0.921626,109.316081,1.358105,1.654758,36.646839,0.052148,0.092037,0.247214,13.188,0.270118,335.82,78.04,115.3,0.015856,0.984144,0,1,0.000000,0.000000,0.000000
1.812511,5585.929149,0.217421,11.059768,53.702883,22.164503,0.669631,1.407709,0.008489,8.262212,0.878489,92.925536,1.737221,1.888430,30.563878,0.137297,0.299171,0.459018,18.193,0.824991,560.38,241.79,109.9,0.015599,0.984401,0,1,0.000000,0.000000,0.000000
1.895896,6572.904695,0.353410,21.310364,64.657270,27.315842,0.738046,1.141900,0.586944,8.623754,0.632652,98.137439,1.728303,1.876269,32.760916,0.144931,0.101335,0.219803,9.082,0.196179,285.46,58.98,84.0,0.015325,0.984675,1,1,0.000000,0.000000,0.000000
1.716437,3407.061063,0.197703,13.374301,79.307000,42.679351,0.644184,1.241384,0.485040,8.548507,0.707145,65.870330,1.539702,1.550420,21.752478,0.141520,0.315378,0.360151,21.656,0.421036,606.06,205.18,88.8,0.009326,0.990674,0,1,0.000000,0.000000,0.000000
2.150090,3056.448147,0.238684,18.789938,66.736434,19.714785,0.675126,1.153326,0.855457,8.357710,0.908586,79.643812,1.716213,1.569450,26.408462,0.066330,0.131940,0.181985,17.523,0.199267,644.72,110.29,113.7,0.011491,0.988509,0,1,0.000000,0.000000,0.000000
2.820041,4761.293289,0.387102,19.470245,77.925902,29.791067,0.883358,1.424721,0.498851,7.646809,0.892040,56.952162,1.545667,1.774419,25.926183,0.123491,0.276933,0.413542,11.407,0.695882,584.65,227.27,111.6,0.009365,0.990635,0,1,0.000000,0.000000,0.000000
1.627880,2839.308873,0.173862,15.424746,59.035746,27.830060,0.557169,1.117479,0.706176,8.048740,0.884428,81.726963,1.307443,1.806343,26.770142,0.071213,0.136281,0.172318,22.222,0.223833,684.59,110.89,110.7,0.010894,0.989106,0,1,0.000000,0.000000,0.000000
0.407860,5201.875123,0.359770,10.525733,77.483214,30.599450,0.898427,1.413626,0.180338,8.113220,0.785031,45.236390,1.433876,2.323464,25.154170,0.044440,0.076277,0.109479,18.447,0.126024,535.31,55.09,98.1,0.011042,0.988958,0,1,0.000000,0.000000,0.000000
1.104213,6954.680591,0.411077,20.037100,72.949420,36.707480,0.765295,1.110513,0.306161,8.399537,0.657325,60.115884,1.484022,1.829548,19.759186,0.042702,0.073652,0.329636,3.849,0.357117,143.74,44.54,82.6,0.011272,0.988728,0,1,0.000000,0.000000,0.000000
0.624658,2560.080108,0.094360,16.657472,74.906224,34.204065,0.639749,1.414094,0.798417,7.803548,0.669967,96.855230,1.372772,1.939584,21.256822,0.010929,0.001834,0.017867,3.623,0.010514,67.30,1.13,89.0,0.015322,0.984678,1,1,0.000000,0.000000,0.000000
0.516510,3440.214536,0.246406,10.341892,52.992488,23.461338,0.574587,1.056372,0.506653,8.161346,0.944223,44.128400,1.656664,1.464884,25.259222,0.029091,0.039230,0.062571,16.667,0.138701,579.40,34.08,118.1,0.011017,0.988983,0,1,0.000000,0.000000,0.000000
2.501811,5901.809576,0.293029,20.345583,78.527278,28.997951,0.866296,1.028398,0.937507,8.246054,0.819135,103.327437,1.326627,1.991641,18.275359,0.073007,0.152471,0.240860,12.496,0.296482,507.50,114.90,108.0,0.014032,0.985968,0,1,0.000000,0.000000,0.000000
0.945924,3898.093853,0.408035,11.691746,71.736702,40.532512,0.687320,1.340223,0.664857,7.893981,0.949831,49.769147,1.699834,1.383024,30.891251,0.065453,0.117368,0.124954,25.000,0.241139,873.19,102.56,116.1,0.009274,0.990726,0,1,0.000000,0.000000,0.000000
0.664433,4150.723591,0.328719,23.567700,72.253201,36.338143,0.854777,1.071802,0.832904,8.605685,0.733939,47.686138,1.273000,2.023925,25.677250,0.033153,0.057046,0.075246,14.191,0.081857,544.58,38.52,92.1,0.009227,0.990773,0,1,0.000000,0.000000,0.000000
0.313441,7412.655539,0.121472,22.152091,57.317567,39.371094,0.602599,1.289208,0.077069,8.740675,0.653507,64.711071,1.551415,2.058874,29.469823,0.062737,0.123582,0.152757,18.780,0.147169,517.45,74.30,82.2,0.000518,0.999482,0,1,0.000000,0.000000,0.000000
0.545108,2402.503089,0.413941,10.962666,52.044934,39.977053,0.582166,1.104401,0.618422,7.912662,0.690138,52.236138,1.447953,2.275044,41.561518,0.041782,0.058818,0.064356,25.000,0.135273,617.33,37.35,79.5,0.009183,0.990817,0,1,0.000000,0.000000,0.000000
0.761662,4556.979931,0.100830,18.150698,61.753775,44.981899,0.743863,1.332228,0.756769,8.512591,0.899742,63.121116,1.703043,1.309929,28.261986,0.043378,0.074755,0.124291,16.528,0.154538,529.64,61.88,112.6,0.011283,0.988717,0,1,0.000000,0.000000,0.000000
1.065354,4074.432196,0.103352,12.988630,61.185937,29.407136,0.789425,1.390085,0.111336,8.209602,0.742637,46.981319,1.315049,1.933378,23.326679,0.074427,0.149631,0.265388,13.467,0.371326,409.81,102.23,93.2,0.011085,0.988915,0,1,0.000000,0.000000,0.000000
0.910412,5037.587969,0.208443,19.923466,54.596664,25.764015,0.708944,1.401079,0.815104,7.612742,0.652601,46.007460,1.673936,1.663154,38.252364,0.042631,0.078256,0.115595,14.576,0.128709,432.40,46.98,82.1,0.009216,0.990784,0,1,0.000000,0.000000,0.000000
0.371761,5084.351283,0.155606,19.226898,61.880660,38.082443,0.896448,1.227360,0.427388,8.690895,0.712523,82.490680,1.441702,1.736332,28.845292,0.024002,0.039427,0.103603,8.149,0.114049,265.39,25.85,92.6,0.013124,0.986876,0,1,0.000000,0.000000,0.000000
2.902571,4324.010448,0.394425,21.511138,76.134932,47.417607,0.876966,1.208791,0.039306,8.296179,0.816775,109.496368,1.503667,1.614018,18.837467,0.318786,0.245887,0.413610,9.905,0.666435,475.23,184.77,109.4,0.014036,0.985964,1,1,0.000000,0.000000,0.000000
2.416326,4837.499947,0.265208,11.829783,57.766571,23.466654,0.610904,1.000000,0.757986,7.812891,0.750838,76.286454,1.527455,1.874921,26.762028,0.094137,0.191339,0.315278,17.035,0.458286,445.98,132.17,94.2,0.009484,0.990516,0,1,0.000000,0.000000,0.000000
2.570365,5112.719271,0.440523,10.481963,51.422748,40.890343,0.774571,1.294389,0.490654,7.541859,0.620000,74.405239,1.483035,2.399240,25.634470,0.216628,0.142153,0.513321,6.705,1.008705,168.04,81.08,78.0,0.011619,0.988381,1,1,0.000000,0.000000,0.000000
2.802925,6298.876052,0.146328,19.162304,56.808380,48.000000,0.550000,1.042492,0.860642,8.108860,0.749861,86.135935,1.455542,1.574273,42.000000,0.402752,0.312360,0.410338,18.782,0.507674,558.67,215.49,96.2,0.013892,0.986108,1,1,0.000000,0.000000,0.000000
2.039391,2595.963417,0.376726,10.232946,77.653216,22.481595,0.619052,1.276400,0.246712,8.784224,0.734367,69.387745,1.294786,2.224051,20.220111,0.089498,0.184750,0.264278,18.931,0.298859,502.45,124.82,92.2,0.009586,0.990414,0,1,0.000000,0.000000,0.000000
1.444355,7800.000000,0.179148,12.870360,60.062063,48.000000,0.875644,1.094566,0.915855,8.229038,0.950000,104.267587,1.507025,2.014634,27.208453,0.137984,0.296580,0.345746,25.000,0.542396,797.57,259.21,112.3,0.014145,0.985855,0,1,0.000000,0.000000,0.000000
3.000000,3773.642860,0.207376,21.105084,70.019007,24.770726,0.752496,1.225637,0.145345,8.543734,0.812438,71.953989,1.623455,1.493287,20.007404,0.128812,0.290857,0.433467,11.250,0.536967,533.55,217.40,101.8,0.009485,0.990515,0,1,0.000000,0.000000,0.000000
2.958806,5750.798087,0.405129,24.000000,80.472920,42.552696,0.774708,1.283912,1.000000,8.742414,0.667394,77.461996,1.342988,2.350681,32.785063,0.023169,0.033391,0.249552,2.258,0.208094,87.40,20.50,83.9,0.013333,0.986667,0,1,0.000000,0.000000,0.000000
1.237513,7214.540382,0.304219,19.467465,58.758681,34.378287,0.560721,1.338313,0.129192,8.418794,0.682445,73.745743,1.250000,1.711559,19.174398,0.096618,0.204715,0.425227,9.951,0.435414,321.56,128.53,85.9,0.011290,0.988710,0,1,0.000000,0.000000,0.000000
1.470797,7800.000000,0.299534,23.516497,67.999218,23.637312,0.638278,1.298020,0.395580,8.734354,0.950000,90.480714,1.611010,2.396855,25.724066,0.127731,0.287877,0.394560,14.619,0.406635,678.39,251.60,119.2,0.014017,0.985983,0,1,0.000000,0.000000,0.000000
2.470086,3131.672658,0.185049,10.000000,78.869759,47.946769,0.550000,1.000000,0.000000,8.449004,0.664141,82.084167,1.726661,1.451861,32.784126,0.132016,0.279999,0.482939,19.278,0.558751,376.86,171.08,83.5,0.015413,0.984587,0,1,0.000000,0.000000,0.000000
2.553500,6372.044211,0.373415,19.529268,62.710624,38.125383,0.765725,1.137511,0.555870,8.743773,0.656867,101.393130,1.703237,1.990833,18.000000,0.050642,0.094845,0.272800,7.879,0.306633,223.52,57.32,89.2,0.013330,0.986670,0,1,0.000000,0.000000,0.000000
1.576621,7800.000000,0.105486,20.027573,55.715201,42.605548,0.550000,1.227398,0.609482,7.832910,0.876132,70.595032,1.566065,1.555719,33.903495,0.084187,0.169281,0.327128,14.905,0.381786,443.73,136.45,110.2,0.009458,0.990542,0,1,0.000000,0.000000,0.000000
2.038084,6216.886639,0.190543,12.160547,58.543949,29.096691,0.874724,1.149459,0.940209,8.235506,0.728604,93.776125,1.507914,1.557079,25.321975,0.083296,0.167761,0.331229,12.311,0.477681,361.17,112.45,91.4,0.015852,0.984148,0,1,0.000000,0.000000,0.000000
2.935282,6359.856622,0.128800,15.744494,69.239332,27.776355,0.898480,1.096067,0.118453,7.922115,0.930865,42.000000,1.363240,2.111512,35.743240,0.157719,0.365029,0.571993,9.918,1.448701,581.41,312.61,110.7,0.009141,0.990859,0,1,0.000000,0.000000,0.000000
2.030517,5650.273152,0.186045,10.600121,82.000000,42.708575,0.719650,1.341510,0.360973,7.906036,0.734569,73.705098,1.386042,2.400000,27.754746,0.097895,0.199576,0.500612,10.038,0.707648,286.61,134.87,92.2,0.011606,0.988394,0,1,0.000000,0.000000,0.000000
2.730852,4870.222733,0.080000,10.144726,79.825741,19.793099,0.877896,1.205899,0.683624,8.340002,0.851000,48.612664,1.250671,2.230074,18.000000,0.123613,0.270543,0.386743,15.848,0.660775,582.64,211.81,106.3,0.007401,0.992599,0,1,0.000000,0.000000,0.000000
2.130561,5886.235846,0.131221,18.761847,78.275162,29.990272,0.950000,1.268283,0.097350,8.345443,0.909622,51.369336,1.406791,1.554593,21.178678,0.117439,0.261461,0.435251,9.630,0.797488,534.80,218.80,113.8,0.009290,0.990710,0,1,0.000000,0.000000,0.000000
1.625303,3253.760537,0.086531,12.829353,78.878734,40.366910,0.852388,1.322163,0.129580,7.720089,0.950000,95.443492,1.380670,1.618930,18.030466,0.055715,0.102563,0.237572,12.928,0.293988,401.40,89.64,118.8,0.015426,0.984574,0,1,0.000000,0.000000,0.000000
1.953499,4226.171344,0.113459,17.336703,60.154619,23.469490,0.766286,1.286786,0.181406,8.676628,0.950000,71.334300,1.575085,2.061111,22.445028,0.104468,0.222789,0.359522,13.465,0.568170,576.17,194.72,118.8,0.011247,0.988753,0,1,0.000000,0.000000,0.000000
1.904398,7500.810883,0.313246,12.180600,54.919910,45.847626,0.635336,1.113491,0.759043,8.617807,0.620000,76.481659,1.569427,1.844206,20.500044,0.145241,0.315912,0.401183,23.484,0.637618,477.83,180.20,78.0,0.011862,0.988138,0,1,0.000000,0.000000,0.000000
2.014791,7424.911426,0.239251,12.461227,76.301391,40.744680,0.555946,1.066606,0.901789,8.800000,0.715443,67.881720,1.565655,1.687970,19.771851,0.086186,0.172815,0.376024,14.018,0.382808,321.81,113.75,89.8,0.013277,0.986723,0,1,0.000000,0.000000,0.000000
2.377761,4055.295732,0.138998,16.406571,65.143183,43.496467,0.723623,1.068637,0.787680,7.433160,0.950000,63.221467,1.257094,2.009235,30.623100,0.091308,0.183271,0.242854,22.567,0.326154,701.67,160.18,116.8,0.009467,0.990533,0,1,0.000000,0.000000,0.000000
0.638909,7561.368099,0.269404,19.149196,76.776012,37.584631,0.703009,1.033069,0.783472,8.335976,0.871779,86.721567,1.505029,1.931444,42.000000,0.050063,0.093565,0.151618,15.586,0.154261,526.54,75.04,109.8,0.009277,0.990723,0,1,0.000000,0.000000,0.000000
2.623113,6263.244132,0.415003,16.826222,61.639566,28.503373,0.657091,1.442486,0.026238,8.580752,0.695297,42.000000,1.278820,1.912170,42.000000,0.160528,0.373017,0.554878,10.622,0.766538,457.47,238.61,86.7,0.009130,0.990870,0,1,0.000000,0.000000,0.000000
2.819796,4411.666763,0.407405,19.078889,61.717702,18.000000,0.913402,1.358720,0.073199,8.535129,0.782678,42.136594,1.286966,2.172246,25.158236,0.082964,0.172064,0.399025,6.528,0.684654,330.32,123.90,98.1,0.012793,0.987207,0,1,0.000000,0.000000,0.000000
2.224877,3636.548127,0.162249,20.697604,63.394453,26.863161,0.770437,1.213386,0.101476,7.511330,0.818626,60.121082,1.533186,1.542022,22.274279,0.079918,0.167341,0.279638,12.420,0.344602,479.46,126.03,102.6,0.009400,0.990600,0,1,0.000000,0.000000,0.000000
1.654403,6127.933559,0.290560,17.147802,63.457820,33.556631,0.902001,1.409507,0.874528,8.503095,0.701626,87.546038,1.525164,1.609165,41.585561,0.085450,0.183019,0.245089,14.249,0.325484,512.79,118.14,92.1,0.012395,0.987605,0,1,0.000000,0.000000,0.000000
2.662798,7316.499213,0.145479,19.017337,60.702650,26.763431,0.556665,1.014865,0.292683,7.656110,0.738445,53.408472,1.519693,2.022404,34.817122,0.113357,0.241996,0.609370,6.566,0.575678,287.01,164.40,92.7,0.009324,0.990676,0,1,0.000000,0.000000,0.000000
2.332000,3832.718263,0.389119,14.932939,58.035453,24.779802,0.909676,1.289605,0.056840,8.255450,0.950000,78.792222,1.523946,1.728460,25.315185,0.060102,0.113003,0.299597,8.815,0.427963,350.70,98.76,118.8,0.013355,0.986645,0,1,0.000000,0.000000,0.000000
2.353986,7494.965200,0.359198,11.037883,68.975144,25.460336,0.666594,1.252777,1.000000,8.502866,0.620000,88.203804,1.750000,2.191620,33.729854,0.106499,0.224349,0.373381,16.107,0.446235,364.61,127.97,78.0,0.015515,0.984485,0,1,0.000000,0.000000,0.000000
1.515356,7800.000000,0.105693,13.007569,75.570461,23.439779,0.876573,1.422895,1.000000,8.118790,0.830661,56.103687,1.335784,2.400000,32.961181,0.068698,0.133507,0.315059,9.218,0.478309,344.51,102.03,104.0,0.013102,0.986898,0,1,0.000000,0.000000,0.000000
1.726933,7311.143616,0.276666,23.708943,66.145384,40.860788,0.688130,1.322770,0.288995,8.800000,0.924333,87.084170,1.349077,2.400000,41.129867,0.104940,0.225281,0.427690,10.166,0.523385,476.52,191.58,116.1,0.009412,0.990588,0,1,0.000000,0.000000,0.000000
2.305867,4563.682817,0.327048,12.437495,60.231081,23.362439,0.715148,1.170587,0.401277,7.674533,0.725835,71.400623,1.379847,2.318528,33.542433,0.106176,0.224109,0.432689,12.318,0.669384,367.94,149.65,91.1,0.007633,0.992367,0,1,0.000000,0.000000,0.000000
2.795169,6698.812739,0.140908,18.404274,65.859198,37.203388,0.847976,1.082792,0.715881,8.178242,0.654486,96.228639,1.468662,1.691709,18.000000,0.226395,0.164238,0.315865,9.453,0.449540,333.07,98.89,90.3,0.014027,0.985973,1,1,0.000000,0.000000,0.000000
1.193554,5941.886869,0.080000,13.222810,69.307062,44.291275,0.824743,1.321878,1.000000,7.878644,0.644106,103.007419,1.254231,1.504435,28.111320,0.037223,0.062263,0.194853,10.092,0.207892,201.44,36.90,81.0,0.013545,0.986455,0,1,0.000000,0.000000,0.000000
3.000000,5884.579765,0.354821,12.150843,58.297758,34.281265,0.705563,1.093729,0.884262,8.101297,0.640561,108.105449,1.616335,1.572694,24.484667,0.114226,0.241801,0.374369,17.305,0.554908,404.93,142.50,80.6,0.015906,0.984094,0,1,0.000000,0.000000,0.000000
1.881454,6078.642568,0.289170,16.878710,62.163758,27.209106,0.553711,1.192638,0.290736,7.937795,0.678109,101.472258,1.440177,2.384796,31.010998,0.065021,0.028055,0.331167,2.612,0.131209,56.22,17.50,85.2,0.015277,0.984723,1,1,0.000000,0.000000,0.000000
2.580969,6653.308849,0.249717,12.947016,79.045497,40.377450,0.819020,1.230421,0.178438,8.594276,0.835799,72.389419,1.287750,1.701531,22.173843,0.146321,0.330227,0.589247,10.347,1.262191,458.43,253.92,104.7,0.009407,0.990593,0,1,0.000000,0.000000,0.000000
2.759077,6341.049207,0.228707,18.045324,74.479327,45.541180,0.801977,1.258309,0.054616,7.969571,0.701438,90.622124,1.302043,2.270316,19.129084,0.197130,0.128516,0.498345,4.373,0.557737,177.04,82.93,89.7,0.015157,0.984843,1,1,0.000000,0.000000,0.000000
2.298672,4222.349145,0.218666,13.279270,78.247189,23.831860,0.791756,1.168379,0.041325,8.034204,0.729020,48.124736,1.690971,1.548399,31.007305,0.145927,0.333532,0.442622,13.995,0.670943,537.66,223.70,91.5,0.009249,0.990751,0,1,0.000000,0.000000,0.000000
2.171172,7419.181272,0.192866,21.120901,64.171685,26.642345,0.686692,1.000000,0.278084,8.022927,0.794889,52.497270,1.367387,1.897613,31.400003,0.147586,0.339756,0.546422,9.103,0.682276,483.73,248.46,99.6,0.009310,0.990690,0,1,0.000000,0.000000,0.000000
2.987321,5777.919809,0.338827,10.651944,62.450857,38.887221,0.749433,1.032558,0.847439,8.039485,0.620000,84.151323,1.711041,2.059348,19.975292,0.132397,0.289539,0.387882,18.853,0.620452,452.96,165.15,76.7,0.013777,0.986223,0,1,0.000000,0.000000,0.000000
2.524055,7724.708460,0.234925,16.892592,66.450390,48.000000,0.610838,1.409913,0.092424,7.487535,0.934892,84.082426,1.319696,1.514011,37.513064,0.169959,0.389526,0.593263,14.305,0.892638,600.77,335.03,116.9,0.012894,0.987106,0,1,0.000000,0.000000,0.000000
1.509443,3825.839082,0.243834,13.770771,54.650146,39.207782,0.620040,1.380967,0.090617,8.709915,0.684690,102.394457,1.560809,1.925135,20.977217,0.140646,0.306638,0.360640,23.178,0.553479,569.78,193.16,86.8,0.014179,0.985821,0,1,0.000000,0.000000,0.000000
1.692238,6378.895015,0.450000,21.948537,72.560430,43.880133,0.635881,1.241012,0.288083,8.629461,0.649911,56.923015,1.443346,2.393828,41.801998,0.111738,0.251463,0.426515,9.685,0.357434,375.02,150.35,81.7,0.011221,0.988779,0,1,0.000000,0.000000,0.000000
2.344305,5987.936578,0.392348,10.000000,77.554248,48.000000,0.950000,1.000000,0.000000,8.576080,0.621010,87.852091,1.293562,1.368276,34.635695,0.390209,0.304345,0.572598,10.028,1.260408,323.05,173.88,78.2,0.013450,0.986550,1,1,0.000000,0.000000,0.000000
1.668990,2818.243900,0.235771,12.174524,82.000000,20.513952,0.643397,1.233514,0.505370,8.712502,0.893735,64.641504,1.568881,1.371257,27.326704,0.062741,0.118947,0.142511,21.251,0.160279,730.09,97.80,142.0,0.011595,0.988405,0,1,0.000000,0.000000,0.000000
3.000000,4177.555746,0.157632,10.000000,66.709259,38.251179,0.852065,1.167723,0.579265,8.145964,0.872035,49.817975,1.250000,2.308797,18.582489,0.155904,0.346461,0.396206,23.641,0.681767,746.32,277.96,95.5,0.009275,0.990725,0,1,0.000000,0.000000,0.000000
2.565519,5290.745890,0.153338,16.174831,55.849618,41.848637,0.776079,1.364130,0.370386,7.350000,0.620000,78.321240,1.547286,2.400000,27.099371,-0.050000,0.000000,0.000000,0.000,0.000000,0.00,0.00,78.0,0.011445,0.988555,0,1,0.000000,0.000000,0.000000
2.494350,5232.470412,0.427947,12.795852,55.738252,40.523653,0.557117,1.281866,0.424544,7.531694,0.917142,93.054405,1.548609,2.302261,26.232242,0.126095,0.264558,0.436514,20.396,0.727566,544.03,223.23,107.0,0.013979,0.986021,0,1,0.000000,0.000000,0.000000
3.000000,7030.439762,0.307423,10.000000,62.486283,18.000000,0.550000,1.000000,0.511753,8.685280,0.945964,46.357130,1.586549,1.738248,35.307301,0.270085,0.671170,0.450875,22.216,0.877791,1378.20,584.11,118.3,0.011508,0.988492,0,1,0.000000,0.000000,0.000000
1.388559,3459.565822,0.142768,17.577731,70.955105,48.000000,0.550000,1.010930,1.000000,8.154424,0.635438,46.703056,1.511240,1.300000,18.000000,0.051429,0.098460,0.244222,10.120,0.217515,250.73,57.56,79.9,0.011064,0.988936,0,1,0.000000,0.000000,0.000000
1.532820,5428.950839,0.140440,24.000000,69.311693,35.006397,0.922338,1.304922,0.008831,8.800000,0.950000,92.887427,1.683316,1.675221,26.931842,0.070012,0.142190,0.287917,9.810,0.379753,459.18,124.27,121.3,0.011571,0.988429,0,1,0.000000,0.000000,0.000000
1.521207,3627.812246,0.157881,10.390227,57.212876,25.347971,0.865375,1.441654,0.567885,8.202711,0.753534,42.000000,1.692787,2.400000,29.609421,0.100410,0.210092,0.246613,21.682,0.342538,628.28,145.65,83.6,0.009139,0.990861,0,1,0.000000,0.000000,0.000000
1.454047,7221.695587,0.449608,14.158496,56.288446,24.636893,0.864756,1.134501,0.245843,8.275498,0.784959,75.325708,1.376926,1.688001,18.000000,0.130000,0.289457,0.370092,16.183,0.581667,600.87,209.03,98.4,0.009394,0.990606,0,1,0.000000,0.000000,0.000000
1.358402,3616.615083,0.168154,22.432974,75.390784,24.379225,0.744085,1.380459,0.667741,8.551285,0.793778,76.826786,1.652312,2.126067,20.549531,0.020322,0.032460,0.135525,4.989,0.119567,186.08,23.71,99.5,0.011334,0.988666,0,1,0.000000,0.000000,0.000000
2.911695,7119.924975,0.138920,12.425161,66.914195,25.013783,0.875744,1.032790,0.055170,8.371328,0.856436,42.000000,1.472758,1.958280,33.793293,0.170625,0.396802,0.645467,9.530,1.977427,515.29,312.65,98.8,0.009137,0.990863,0,1,0.000000,0.000000,0.000000
2.390297,7760.972944,0.332199,23.099425,68.785633,20.676944,0.648905,1.247411,1.000000,8.800000,0.620000,89.255111,1.567723,2.400000,35.177205,0.191274,0.143876,0.266317,9.674,0.168624,327.82,82.07,78.2,0.013563,0.986437,1,1,0.000000,0.000000,0.000000
2.660966,5489.008042,0.325260,10.000000,57.402745,22.911438,0.895417,1.203831,0.636460,7.472987,0.865786,76.030917,1.250000,2.400000,18.920947,0.096892,0.197225,0.294081,19.814,0.411358,568.28,157.09,97.4,0.009468,0.990532,0,1,0.000000,0.000000,0.000000
2.640456,3656.699009,0.262768,13.658299,79.600866,18.000000,0.886801,1.120213,0.695356,8.354353,0.914261,45.635182,1.250000,1.483312,18.000000,0.134920,0.319011,0.221934,18.519,0.292066,1286.21,268.33,113.2,0.009208,0.990792,0,1,0.000000,0.000000,0.000000
3.000000,6641.923829,0.219092,20.427246,76.061777,25.208678,0.919582,1.000000,0.202397,7.984534,0.781057,69.422756,1.398401,1.646947,42.000000,0.293574,0.219295,0.562897,4.624,1.059785,297.81,157.58,97.9,0.011370,0.988630,1,1,0.000000,0.000000,0.000000
1.962954,5446.617267,0.361873,11.601865,63.701342,38.260307,0.839038,1.115606,0.546377,8.001000,0.645215,101.940542,1.466863,1.664776,21.666361,0.044570,0.073066,0.252677,11.936,0.254738,182.60,43.37,81.1,0.015392,0.984608,0,1,0.000000,0.000000,0.000000
1.116281,4966.326210,0.132367,22.764737,80.163746,42.625547,0.890668,1.218551,0.674121,8.774570,0.831574,88.167712,1.302239,2.220976,40.717044,0.060612,0.123432,0.165382,14.296,0.198064,607.44,94.43,106.5,0.011857,0.988143,0,1,0.000000,0.000000,0.000000
1.644843,5086.436742,0.383192,15.178364,75.989849,21.947844,0.798672,1.431425,0.338358,7.913329,0.764001,44.577402,1.580220,2.193930,42.000000,0.080370,0.165473,0.332210,9.759,0.451529,372.45,116.31,95.8,0.011029,0.988971,0,1,0.000000,0.000000,0.000000
2.224871,5777.401512,0.378956,17.737836,68.691854,33.825773,0.845247,1.054908,0.763199,8.187684,0.776990,110.000000,1.565547,1.736116,23.021640,0.224937,0.163677,0.240707,14.816,0.309315,517.10,117.00,97.4,0.013801,0.986199,1,1,0.000000,0.000000,0.000000
2.102860,3334.850959,0.182584,15.773589,58.702223,23.714172,0.872087,1.235084,0.118714,8.029617,0.680125,70.912861,1.670137,1.708095,21.578555,0.090575,0.191279,0.352173,9.667,0.527928,361.54,119.69,85.5,0.011351,0.988649,0,1,0.000000,0.000000,0.000000
2.019392,6990.650508,0.352009,10.144117,65.247137,45.257040,0.819347,1.306851,0.939851,7.689305,0.659278,88.642401,1.269766,2.220331,34.964102,0.057259,0.099659,0.294281,13.016,0.359056,218.52,60.45,82.9,0.015504,0.984496,0,1,0.000000,0.000000,0.000000
1.644285,7800.000000,0.365557,14.628628,54.141955,45.838377,0.890192,1.188799,0.374912,8.118525,0.620000,103.581125,1.750000,1.385348,31.991219,0.387997,0.307441,0.523900,9.322,1.078949,356.09,175.36,78.0,0.013829,0.986171,1,1,0.000000,0.000000,0.000000
2.956196,5866.524346,0.301479,14.414327,68.886073,43.438282,0.718006,1.249617,0.371371,7.960037,0.620000,82.128659,1.502730,2.337991,18.000000,0.353977,0.271113,0.600115,7.427,0.726021,274.14,154.64,78.0,0.013177,0.986823,1,1,0.000000,0.000000,0.000000
2.524325,6089.413374,0.121656,24.000000,66.436465,18.000000,0.631296,1.246292,0.108086,8.800000,0.947074,85.205975,1.474027,2.224315,33.962330,0.148520,0.341346,0.509783,11.107,0.542639,620.66,297.42,118.4,0.012697,0.987303,0,1,0.000000,0.000000,0.000000
2.249327,6471.372159,0.247909,10.000000,82.000000,47.438877,0.574874,1.417978,0.000000,8.008139,0.620000,82.351059,1.280818,1.785492,25.864296,0.558033,0.456467,0.650475,14.764,0.834540,425.82,260.37,76.7,0.013805,0.986195,1,1,0.000000,0.000000,0.000000
2.199213,7800.000000,0.368893,17.243179,50.000000,47.561985,0.756768,1.311449,0.269887,7.457048,0.620000,94.584867,1.432503,1.488466,29.524126,0.076617,0.022850,0.430646,1.057,0.430041,32.20,13.03,78.0,0.013240,0.986760,1,1,0.000000,0.000000,0.000000
2.297869,7660.078900,0.241064,17.788948,64.668735,45.247060,0.550000,1.420195,0.131613,7.350000,0.717031,90.599463,1.300101,1.695648,36.487386,0.070901,0.025651,0.409884,1.658,0.228579,43.92,16.92,90.2,0.015205,0.984795,1,1,0.000000,0.000000,0.000000
2.869007,7412.600018,0.306912,23.232178,61.493700,45.334098,0.617586,1.450000,0.614978,8.651829,0.696566,89.942685,1.305578,1.510409,38.595190,0.332576,0.261376,0.368590,13.542,0.365718,483.44,167.50,94.3,0.013567,0.986433,1,1,0.000000,0.000000,0.000000
1.186766,7284.549188,0.292988,13.896059,69.955645,23.199547,0.570111,1.342234,0.000000,7.855949,0.875347,69.106655,1.463566,1.747447,18.000000,0.122839,0.263201,0.365193,20.670,0.430294,617.45,211.96,109.6,0.011349,0.988651,0,1,0.000000,0.000000,0.000000
1.901991,4370.876018,0.265483,14.119806,75.422437,24.675324,0.727454,1.271944,0.098561,7.909168,0.646178,91.786211,1.617810,2.164638,40.953543,0.197088,0.138039,0.358621,8.271,0.345422,243.43,82.06,82.0,0.015541,0.984459,1,1,0.000000,0.000000,0.000000
1.587466,7091.811527,0.215764,12.981598,50.167383,40.180498,0.607376,1.403245,0.166286,8.800000,0.820448,42.000000,1.554266,2.029693,23.380949,0.206012,0.479518,0.533052,23.222,1.208940,722.35,361.95,97.4,0.009113,0.990887,0,1,0.000000,0.000000,0.000000
2.462530,6682.681056,0.254078,11.402498,57.188759,38.123804,0.692162,1.055468,0.345688,8.342887,0.832389,109.467752,1.613554,1.667797,24.699624,0.180899,0.413591,0.611615,17.167,1.478408,550.91,316.73,101.3,0.015887,0.984113,0,1,0.000000,0.000000,0.000000
2.906598,4323.961469,0.209005,12.200112,56.713082,45.317114,0.863133,1.087019,0.569580,8.109160,0.893893,48.176528,1.291741,2.075419,18.000000,0.124936,0.268135,0.374191,19.444,0.638814,626.91,220.51,111.8,0.009254,0.990746,0,1,0.000000,0.000000,0.000000
3.000000,7034.157649,0.213606,19.147330,60.084488,30.705870,0.789065,1.000000,0.865712,8.134965,0.914595,75.305042,1.412799,1.940229,25.009982,0.126676,0.281492,0.367225,15.531,0.587623,686.15,236.85,114.4,0.009441,0.990559,0,1,0.000000,0.000000,0.000000
1.989308,6085.236039,0.450000,16.415143,60.998383,23.783054,0.771556,1.309772,0.313684,8.161315,0.760788,104.708582,1.645997,1.807338,32.380197,0.359188,0.279778,0.435194,12.297,0.697661,478.69,195.82,96.7,0.014038,0.985962,1,1,0.000000,0.000000,0.000000
2.400460,7104.622707,0.090094,20.042657,62.319703,29.629880,0.670387,1.266007,0.410930,8.636231,0.906579,57.383160,1.694973,1.602484,41.269921,0.165412,0.385012,0.568277,11.066,0.861318,601.15,321.12,113.4,0.009344,0.990656,0,1,0.000000,0.000000,0.000000
2.954438,6458.751287,0.108148,18.723189,59.544710,46.748983,0.888261,1.010426,0.177647,8.249550,0.774013,92.221817,1.457912,2.026218,37.909346,0.219471,0.145875,0.585752,3.368,1.260925,188.66,103.88,97.0,0.011373,0.988627,1,1,0.000000,0.000000,0.000000
2.163479,4915.692032,0.392601,10.184935,62.957355,47.096293,0.933321,1.014964,0.000000,8.800000,0.950000,54.525103,1.548481,1.669098,35.356134,0.120455,0.257075,0.421877,16.667,0.803367,566.57,224.68,118.8,0.011216,0.988784,0,1,0.000000,0.000000,0.000000
1.534290,7674.855496,0.302274,12.832575,81.945228,42.394503,0.734044,1.128141,0.531399,8.033415,0.758695,64.834034,1.353264,1.447250,34.739249,0.124312,0.270634,0.306140,21.753,0.413642,656.43,188.90,95.2,0.001907,0.998093,0,1,0.000000,0.000000,0.000000
2.063381,5288.130626,0.221449,14.879253,66.405409,48.000000,0.630147,1.444337,0.000000,7.946580,0.691604,87.832557,1.250000,1.461951,39.488314,0.453937,0.362604,0.511205,15.218,0.696107,480.13,230.72,86.9,0.014024,0.985976,1,1,0.000000,0.000000,0.000000
1.627280,6395.144329,0.123983,16.647638,76.294203,48.000000,0.665839,1.199339,0.125053,8.470185,0.875142,44.220227,1.439862,2.356396,36.702276,0.134430,0.299068,0.470061,13.707,0.663933,544.95,240.79,109.5,0.009178,0.990822,0,1,0.000000,0.000000,0.000000
1.594194,3643.790048,0.170536,10.000000,67.159650,39.608196,0.847637,1.178866,0.088917,8.469879,0.634391,47.414813,1.491472,1.978743,20.300667,0.146829,0.329488,0.388302,19.480,0.651455,526.85,192.30,76.9,0.009231,0.990769,0,1,0.000000,0.000000,0.000000
3.000000,7545.238224,0.114497,11.083546,63.433507,19.198540,0.552666,1.302161,0.081385,8.772389,0.913467,47.858871,1.568258,1.906520,37.122819,0.607571,0.503023,0.722156,13.388,1.433866,622.74,422.74,98.7,0.009214,0.990786,1,1,0.000000,0.000000,0.000000
2.607704,5680.202062,0.080000,10.036395,56.258068,46.942376,0.914464,1.082075,0.000000,8.221310,0.635091,94.205248,1.463022,1.561928,33.019269,0.516398,0.423383,0.652262,10.417,1.900477,403.47,247.38,78.8,0.013678,0.986322,1,1,0.000000,0.000000,0.000000
2.378780,6462.519929,0.226598,18.691484,64.743538,45.802246,0.853390,1.054733,0.000786,8.018159,0.624341,94.554313,1.492995,2.194101,19.480907,0.164195,0.105693,0.399897,4.586,0.433450,161.50,60.71,81.1,0.013194,0.986806,1,1,0.000000,0.000000,0.000000
2.964974,6070.248520,0.322915,13.116322,54.354915,34.655986,0.666828,1.372964,0.804524,8.725007,0.694858,100.217956,1.565987,1.877018,24.638237,0.092750,0.182507,0.365195,16.909,0.486496,339.87,116.67,87.3,0.014019,0.985981,0,1,0.000000,0.000000,0.000000
2.363787,7781.087792,0.223301,17.664624,68.306166,44.348671,0.774756,1.215616,0.000000,8.800000,0.620000,85.380053,1.300025,2.272534,42.000000,0.288708,0.210755,0.623232,4.047,0.793290,205.20,120.21,80.6,0.013358,0.986642,1,1,0.000000,0.000000,0.000000
3.000000,6955.818975,0.357133,12.867886,75.924747,44.691099,0.627463,1.096693,0.901599,8.800000,0.651211,91.019551,1.671324,2.376241,19.094887,0.109978,0.230558,0.397307,18.151,0.389497,369.86,138.13,81.9,0.013533,0.986467,0,1,0.000000,0.000000,0.000000
1.904101,4795.620587,0.198898,13.585502,63.158549,29.475684,0.622145,1.262149,0.106295,8.487864,0.842468,98.846602,1.711833,1.862700,20.828059,0.146940,0.324745,0.438499,20.001,0.649911,610.64,251.70,105.2,0.015645,0.984355,0,1,0.000000,0.000000,0.000000
2.264143,4029.035133,0.429693,11.828378,79.629162,29.165621,0.742936,1.450000,0.000000,8.003491,0.734940,42.253753,1.250000,1.946604,28.094433,0.137872,0.307152,0.365434,18.766,0.512609,604.58,207.68,89.4,0.009145,0.990855,0,1,0.000000,0.000000,0.000000
2.399680,7800.000000,0.222545,22.841717,57.568315,48.000000,0.613408,1.372016,0.000368,7.830785,0.792262,106.378779,1.250000,1.904893,35.869195,0.123509,0.070538,0.426665,3.612,0.290359,128.19,51.41,101.2,0.015241,0.984759,1,1,0.000000,0.000000,0.000000
2.793547,4389.570193,0.113550,20.482360,75.936004,37.256751,0.868914,1.000000,0.128369,8.085754,0.747989,59.428501,1.273080,2.329776,42.000000,0.119308,0.267698,0.456244,8.342,0.716657,429.54,184.22,93.8,0.009387,0.990613,0,1,0.000000,0.000000,0.000000
2.602019,7578.459526,0.080000,12.007731,51.351814,40.601451,0.858171,1.309284,0.510646,7.600856,0.683633,87.732286,1.298600,2.400000,27.698806,0.054621,0.096056,0.271831,12.408,0.336040,236.43,60.41,85.9,0.013780,0.986220,0,1,0.000000,0.000000,0.000000
3.000000,5876.055721,0.280140,10.000000,62.749916,18.000000,0.890806,1.173284,0.838329,8.585974,0.871502,55.611228,1.250000,1.585631,18.000000,0.095315,0.197941,0.344884,13.399,0.541258,489.54,158.71,109.1,0.011209,0.988791,0,1,0.000000,0.000000,0.000000
3.000000,4624.542255,0.450000,17.423218,51.609428,39.877992,0.550000,1.034372,0.796836,7.528669,0.743610,78.642980,1.430680,2.400000,23.039215,0.014143,0.014489,0.060714,9.818,0.035673,173.68,9.91,93.3,0.009611,0.990389,0,1,0.000000,0.000000,0.000000
2.893242,6854.788723,0.211390,10.540299,66.282914,37.754344,0.597385,1.008655,0.719758,8.121400,0.661175,94.568070,1.489402,1.670470,25.013426,0.108637,0.219228,0.439849,17.989,0.529713,322.53,133.35,83.1,0.015825,0.984175,0,1,0.000000,0.000000,0.000000
1.967960,7800.000000,0.248126,15.195243,73.632576,48.000000,0.561950,1.395580,0.074143,7.929484,0.692493,82.914763,1.260871,1.445792,36.883279,0.104935,0.218225,0.572319,7.902,0.551688,258.43,139.03,87.9,0.011539,0.988461,0,1,0.000000,0.000000,0.000000
2.577224,5999.684847,0.161580,11.720153,63.641929,29.699530,0.917452,1.015705,0.002469,8.490681,0.875692,43.218497,1.250000,1.929188,41.996658,0.170390,0.395647,0.575057,12.589,1.448656,589.67,318.75,96.6,0.009158,0.990842,0,1,0.000000,0.000000,0.000000
3.000000,6913.707817,0.193432,11.165814,80.866436,43.869043,0.801169,1.152577,0.000000,8.143951,0.900363,42.000000,1.597149,1.507013,38.485094,0.199106,0.470229,0.652451,13.224,1.667121,635.09,389.51,104.8,0.009140,0.990860,0,1,0.000000,0.000000,0.000000
2.328267,6294.598224,0.388121,20.896315,60.877137,48.000000,0.950000,1.248978,0.543286,8.446648,0.620000,81.542807,1.253433,1.551146,33.658140,0.072678,0.154964,0.246006,10.065,0.321903,382.24,88.39,82.5,0.012613,0.987387,0,1,0.000000,0.000000,0.000000
2.436550,6091.923630,0.149036,12.764721,68.320939,29.621360,0.679376,1.106294,0.188738,7.836628,0.785701,107.881689,1.307901,1.417842,29.474959,0.479797,0.386171,0.575255,13.803,0.933990,516.22,279.14,98.5,0.013959,0.986041,1,1,0.000000,0.000000,0.000000
1.478176,5081.361963,0.378869,23.317922,57.889757,48.000000,0.835073,1.322275,0.285514,7.897043,0.632875,83.700482,1.254627,1.629152,25.070257,0.045316,0.023019,0.157160,2.973,0.094460,90.72,13.40,84.2,0.013048,0.986952,1,1,0.000000,0.000000,0.000000
3.000000,7635.206492,0.080000,10.000000,59.305317,44.582340,0.550000,1.000000,0.569438,8.502232,0.950000,64.326145,1.539802,2.017220,41.065998,0.221569,0.516460,0.582426,25.000,1.576705,824.48,451.39,101.2,0.008898,0.991102,0,1,0.000000,0.000000,0.000000
1.934211,7800.000000,0.371844,14.819127,53.250075,47.196685,0.902674,1.194832,0.000000,7.964138,0.719898,87.274385,1.662876,1.506123,31.121691,0.431485,0.346674,0.543449,10.667,1.183366,449.46,229.60,90.4,0.012807,0.987193,1,1,0.000000,0.000000,0.000000
1.744416,6316.576516,0.278746,16.515635,58.742578,41.028642,0.824131,1.336798,0.193459,8.292262,0.752300,106.119812,1.643892,1.803051,31.004387,0.259271,0.184963,0.422661,10.248,0.661423,322.21,128.02,94.4,0.015462,0.984538,1,1,0.000000,0.000000,0.000000
2.368883,6798.787837,0.136390,16.475110,69.396518,35.379492,0.663353,1.091473,0.222135,8.367969,0.686978,88.861966,1.623074,1.794628,19.905165,0.131932,0.293146,0.615995,7.262,0.705176,319.97,185.27,90.5,0.013042,0.986958,0,1,0.000000,0.000000,0.000000
2.453235,7800.000000,0.431901,16.312960,63.368704,46.249263,0.670172,1.450000,0.083176,7.502468,0.698981,89.634020,1.380015,1.987258,42.000000,0.146933,0.081997,0.516336,3.280,0.426723,108.64,52.73,87.8,0.013364,0.986636,1,1,0.000000,0.000000,0.000000
2.883509,6033.773063,0.296238,14.953236,65.544792,45.770142,0.673160,1.259817,1.000000,8.800000,0.620000,80.837243,1.494558,2.400000,29.159290,0.091540,0.187984,0.350982,15.032,0.385430,325.00,107.23,78.0,0.015241,0.984759,0,1,0.000000,0.000000,0.000000
2.601532,5871.913278,0.305086,11.704303,65.267367,37.525280,0.859410,1.201206,0.015566,8.210397,0.828924,87.400166,1.266023,1.780793,19.563349,0.515474,0.419997,0.554920,15.541,1.244018,614.03,320.29,101.1,0.014019,0.985981,1,1,0.000000,0.000000,0.000000
2.974824,6536.535339,0.107531,19.825398,66.516553,33.442402,0.833036,1.108649,0.000000,8.110189,0.652218,99.609850,1.551091,1.723828,18.000000,0.283798,0.208982,0.575437,4.390,0.729852,231.83,125.40,90.3,0.013242,0.986758,1,1,0.000000,0.000000,0.000000
2.559826,5908.818272,0.132930,18.916137,59.064823,18.143231,0.637036,1.259929,0.065446,8.151265,0.776770,88.742907,1.521809,1.388914,30.536467,0.141441,0.320736,0.563989,9.131,0.720420,432.34,229.21,98.2,0.013053,0.986947,0,1,0.000000,0.000000,0.000000
2.982211,7800.000000,0.292697,15.120111,61.999704,48.000000,0.609956,1.399853,0.000000,8.688616,0.667892,91.659493,1.293282,1.452185,42.000000,0.450054,0.358256,0.732596,6.595,1.036045,319.66,220.13,83.9,0.010976,0.989024,1,1,0.000000,0.000000,0.000000
1.993085,7519.354448,0.080000,17.831888,53.319474,41.756427,0.853347,1.275446,0.204493,8.800000,0.620000,86.827129,1.303029,2.081849,29.587423,0.338325,0.260912,0.582309,5.414,1.377208,271.89,148.82,79.4,0.012773,0.987227,1,1,0.000000,0.000000,0.000000
3.000000,3625.441126,0.208385,10.000000,64.959263,39.616271,0.860879,1.204549,0.656241,8.143114,0.832932,42.000000,1.267086,2.340246,24.596382,0.144848,0.316969,0.364495,23.862,0.602729,708.92,242.89,89.5,0.009140,0.990860,0,1,0.000000,0.000000,0.000000
3.000000,6396.339622,0.244259,10.167692,82.000000,22.342624,0.550000,1.450000,0.000000,8.800000,0.940062,43.639592,1.593877,1.767813,21.218158,0.586129,0.482094,0.650027,16.016,1.038675,682.37,416.94,117.3,0.010981,0.989019,1,1,0.000000,0.000000,0.000000
3.000000,6965.458877,0.299582,10.797504,57.270649,36.301838,0.746750,1.067989,0.318025,8.185319,0.620000,100.254909,1.750000,1.328030,30.779047,0.505801,0.411753,0.725060,8.022,1.833201,344.60,234.86,78.0,0.013855,0.986145,1,1,0.000000,0.000000,0.000000
2.597635,5259.053983,0.272138,13.336932,77.808827,48.000000,0.828695,1.450000,0.224119,8.458573,0.665903,109.274112,1.250000,1.606960,39.450831,0.138881,0.312234,0.557203,9.996,0.995030,365.21,191.28,83.7,0.013620,0.986380,0,1,0.000000,0.000000,0.000000
2.104834,7515.721168,0.080000,16.981489,58.419700,45.121312,0.640377,1.131703,0.194707,8.038653,0.763972,85.811862,1.666663,2.176332,32.446999,0.204008,0.130618,0.544407,4.919,0.647580,179.40,91.81,96.2,0.015414,0.984586,1,1,0.000000,0.000000,0.000000
2.842656,7293.489544,0.173513,10.373688,81.713607,44.042228,0.707128,1.122637,0.000000,7.966109,0.641858,102.311936,1.378417,1.641275,33.001668,0.457190,0.363260,0.730633,7.740,1.177186,312.33,214.51,79.6,0.015768,0.984232,1,1,0.000000,0.000000,0.000000
2.803788,6114.649288,0.245009,17.243238,74.632789,45.506313,0.869362,1.212371,0.036386,7.915322,0.677419,47.755066,1.316861,2.337225,18.014312,0.236322,0.163742,0.560883,3.855,0.944700,193.56,102.05,85.1,0.011092,0.988908,1,1,0.000000,0.000000,0.000000
2.951153,7800.000000,0.295971,10.836198,59.812292,47.770398,0.582724,1.071964,0.657586,7.375572,0.741357,97.227199,1.257076,1.744201,38.160027,0.114029,0.231345,0.397611,21.322,0.619161,422.17,157.79,90.1,0.016100,0.983900,0,1,0.000000,0.000000,0.000000
1.933707,5825.348975,0.365658,12.531258,59.742786,30.998267,0.639096,1.264464,0.303350,8.462477,0.656054,105.407843,1.709453,1.300000,32.339281,0.133353,0.290962,0.511092,14.579,0.727350,365.54,175.62,82.5,0.015639,0.984361,0,1,0.000000,0.000000,0.000000
2.298180,7380.441525,0.281608,14.904479,57.388231,24.588333,0.864286,1.075707,0.000000,8.324045,0.793221,98.721270,1.338644,1.977506,33.566130,0.387930,0.305385,0.560115,8.868,1.270280,423.28,222.86,99.4,0.013075,0.986925,1,1,0.000000,0.000000,0.000000
3.000000,5839.321688,0.219709,11.204804,66.810421,41.787281,0.725529,1.055254,0.374310,8.252455,0.890499,110.000000,1.256183,2.400000,21.166502,0.183412,0.422254,0.614731,16.301,1.443800,598.66,345.94,99.6,0.014048,0.985952,0,1,0.000000,0.000000,0.000000
2.538201,7706.268845,0.184335,10.953272,63.590417,18.407887,0.550000,1.000000,0.090685,8.800000,0.826171,47.153642,1.616756,1.679450,42.000000,0.606347,0.503193,0.683656,14.231,1.242566,595.15,382.47,93.5,0.009202,0.990798,1,1,0.000000,0.000000,0.000000
2.617199,6707.070959,0.080000,20.461811,65.838081,25.096308,0.726363,1.024321,0.332378,8.041169,0.800871,64.169486,1.703868,1.573712,42.000000,0.056950,0.094014,0.542967,2.631,0.660501,135.72,69.27,100.4,0.010484,0.989516,0,1,0.000000,0.000000,0.000000
1.819036,5520.847633,0.222371,13.209495,50.000000,46.241213,0.711688,1.402438,0.000000,8.171183,0.641961,73.479757,1.292051,1.995007,25.055629,0.325517,0.242221,0.479976,12.449,0.873500,317.07,143.06,80.7,0.011760,0.988240,1,1,0.000000,0.000000,0.000000
2.705471,7240.197703,0.340899,24.000000,59.812138,42.279173,0.642838,1.252423,0.845579,8.800000,0.742227,78.645742,1.272510,2.343269,38.075575,0.277339,0.211113,0.331065,12.904,0.348356,463.23,144.16,94.2,0.009796,0.990204,1,1,0.000000,0.000000,0.000000
2.709852,4842.647552,0.144258,21.352611,70.994963,48.000000,0.687862,1.065938,0.160720,8.478067,0.877139,110.000000,1.352486,1.575543,18.605936,0.426399,0.340872,0.494367,12.989,0.627387,591.93,275.07,111.4,0.013651,0.986349,1,1,0.000000,0.000000,0.000000
1.387599,7297.074878,0.080000,11.759746,67.991720,40.475823,0.635277,1.324869,0.228554,8.800000,0.835426,42.000000,1.538626,1.970491,32.029500,0.580735,0.477905,0.520000,20.615,1.056862,751.46,367.31,93.3,0.009155,0.990845,1,1,0.000000,0.000000,0.000000
2.008331,5653.900033,0.206928,16.535423,54.083068,46.402408,0.550000,1.085719,0.776284,8.702455,0.899294,82.227588,1.654707,1.687352,42.000000,0.113243,0.228872,0.374357,22.366,0.595535,538.11,189.36,112.5,0.015421,0.984579,0,1,0.000000,0.000000,0.000000
2.018960,6753.178560,0.325287,14.899271,57.955823,18.271926,0.595832,1.124105,0.448022,8.800000,0.701139,50.962249,1.739883,1.589741,34.163274,0.497609,0.408296,0.535408,13.240,0.771806,523.30,263.37,88.1,0.009251,0.990749,1,1,0.000000,0.000000,0.000000
2.337868,5476.085519,0.083212,12.183229,69.839567,38.180218,0.619451,1.249077,0.726240,7.578423,0.622998,77.241454,1.480657,2.046693,36.873807,0.044059,0.078190,0.279753,7.916,0.236982,170.42,44.82,78.5,0.011721,0.988279,0,1,0.000000,0.000000,0.000000
2.641837,7173.045377,0.272775,11.527463,66.909414,18.638822,0.572917,1.406939,0.000000,8.116549,0.667605,42.000000,1.636226,1.619371,24.451838,0.197253,0.466063,0.678771,11.607,0.989282,448.64,286.25,83.0,0.009140,0.990860,0,1,0.000000,0.000000,0.000000
3.000000,6773.053856,0.080000,10.823856,59.979540,40.098191,0.662883,1.269424,0.373923,7.996506,0.872378,97.849900,1.526038,1.927503,35.933121,0.205456,0.481726,0.691253,14.995,1.825302,595.01,386.63,100.5,0.013783,0.986217,0,1,0.000000,0.000000,0.000000
1.068185,6494.044506,0.316746,13.106820,66.306946,38.230408,0.861115,1.384314,0.000000,8.760601,0.826148,42.000000,1.250000,1.737624,26.427943,0.153558,0.354425,0.310178,20.568,0.459076,923.91,269.38,98.9,0.009194,0.990806,0,1,0.000000,0.000000,0.000000
2.744726,6541.222933,0.450000,11.295956,55.858812,45.592861,0.764676,1.394715,0.533143,7.446512,0.644280,84.480435,1.507050,2.389216,27.746806,0.036675,0.056006,0.190332,12.664,0.205626,185.55,33.20,81.0,0.013636,0.986364,0,1,0.000000,0.000000,0.000000
3.000000,6009.490460,0.343107,10.000000,53.326649,37.828221,0.737399,1.000000,0.270809,8.157584,0.736983,107.179705,1.441484,1.491515,34.398500,0.196085,0.458632,0.650035,14.804,1.851919,508.91,310.96,91.0,0.013917,0.986083,0,1,0.000000,0.000000,0.000000
1.525574,7678.226329,0.158613,11.994858,52.340375,37.846738,0.599763,1.012891,0.931292,8.080287,0.796494,52.329987,1.460005,1.527025,25.190511,0.136980,0.299583,0.411266,19.444,0.869254,567.85,219.53,99.8,0.011139,0.988861,0,1,0.000000,0.000000,0.000000
1.739869,5681.756287,0.305178,14.534591,51.638220,33.447492,0.804135,1.422859,0.048367,8.326446,0.620000,108.200711,1.637124,1.940587,25.938597,0.227817,0.157215,0.440927,7.664,0.661906,216.36,89.68,78.0,0.013445,0.986555,1,1,0.000000,0.000000,0.000000
2.950390,7800.000000,0.080000,11.617835,50.000000,37.920190,0.836179,1.302048,0.048586,8.515590,0.653444,96.944557,1.298075,1.602063,31.512148,0.275319,0.189759,0.734988,3.381,2.576252,165.12,114.08,82.2,0.013475,0.986525,1,1,0.000000,0.000000,0.000000
2.656696,6656.754249,0.342860,24.000000,66.182541,44.153338,0.740764,1.297066,0.481502,8.103797,0.660837,80.395095,1.506830,2.092872,20.267492,0.042919,0.012626,0.321200,0.734,0.078222,25.42,7.68,84.2,0.013188,0.986812,1,1,0.000000,0.000000,0.000000
2.208476,5453.318566,0.361097,14.486707,60.670731,48.000000,0.575376,1.450000,0.026509,7.767284,0.743937,94.530037,1.250000,1.300000,30.836450,0.111842,0.232118,0.477986,14.596,0.601052,353.58,158.87,93.3,0.013636,0.986364,0,1,0.000000,0.000000,0.000000
2.208510,7800.000000,0.214018,14.859968,50.000000,46.921845,0.896067,1.245929,0.079933,7.933360,0.620000,96.445581,1.656118,2.162712,42.000000,0.263258,0.187676,0.579220,4.622,1.350844,196.62,107.05,78.0,0.013278,0.986722,1,1,0.000000,0.000000,0.000000
2.481411,7308.085675,0.080000,10.000000,60.072179,18.000000,0.939966,1.037299,0.565750,8.122012,0.620000,42.000000,1.581992,1.608161,36.499837,0.138754,0.315673,0.428631,13.238,0.804827,446.90,180.06,75.2,0.009140,0.990860,0,1,0.000000,0.000000,0.000000
3.000000,6871.119639,0.115454,14.315058,61.626907,42.438449,0.671343,1.096017,0.167832,7.894434,0.751472,90.583304,1.737748,1.454254,32.380855,0.393134,0.304285,0.677854,7.310,1.205683,330.15,210.37,94.3,0.011558,0.988442,1,1,0.000000,0.000000,0.000000
2.372827,6931.427530,0.408309,10.442404,65.774113,39.008602,0.843258,1.171970,0.023033,8.274418,0.850919,110.000000,1.277715,1.751163,19.839096,0.183110,0.423226,0.561477,17.514,1.255343,627.75,331.32,101.6,0.013903,0.986097,0,1,0.000000,0.000000,0.000000
2.409952,5602.683748,0.379534,19.922109,73.565396,28.919356,0.653332,1.180634,0.711334,8.159943,0.727053,104.713910,1.537522,1.354621,23.923748,0.176558,0.125791,0.248520,11.510,0.196663,360.18,84.14,98.4,0.015588,0.984412,1,1,0.000000,0.000000,0.000000
2.955653,6169.614216,0.290785,17.114298,57.304227,48.000000,0.760759,1.049086,0.951404,8.119738,0.620000,97.745870,1.750000,1.445390,30.714846,0.123401,0.070999,0.316606,6.202,0.366732,136.08,40.50,78.0,0.015433,0.984567,1,1,0.000000,0.000000,0.000000
2.933930,6181.511716,0.310721,23.418000,59.327407,39.963254,0.574873,1.203644,0.802474,8.800000,0.698948,81.740226,1.290914,1.566879,35.230800,0.334689,0.263451,0.349275,15.002,0.332282,515.99,169.41,89.6,0.013795,0.986205,1,1,0.000000,0.000000,0.000000
2.652513,7762.478432,0.356692,10.000000,63.490699,18.000000,0.550000,1.045515,0.181867,8.800000,0.863285,44.129097,1.579357,1.595960,41.916708,0.563062,0.460329,0.658874,15.011,1.291375,590.31,365.60,107.8,0.010988,0.989012,1,1,0.000000,0.000000,0.000000
2.345878,7532.750949,0.434969,22.765292,71.110497,41.712476,0.672049,1.377771,0.195341,8.087337,0.620000,98.362884,1.358252,1.780663,25.769843,0.054204,0.015576,0.400087,0.700,0.130529,23.62,8.88,85.8,0.013328,0.986672,1,1,0.000000,0.000000,0.000000
1.688954,6244.378118,0.367854,13.564803,61.419955,43.936867,0.839794,1.126737,0.557268,8.236361,0.691275,98.655725,1.746786,1.604675,20.097038,0.046131,0.076596,0.247633,12.657,0.252080,209.27,48.71,86.8,0.015477,0.984523,0,1,0.000000,0.000000,0.000000
2.501625,5940.618261,0.225103,17.624089,72.438859,45.433744,0.675934,1.273667,0.223363,7.885921,0.686646,110.000000,1.292821,1.426434,18.000000,0.345371,0.265109,0.526619,9.066,0.517930,338.31,167.47,86.3,0.014045,0.985955,1,1,0.000000,0.000000,0.000000
2.620732,5997.955794,0.176753,18.134374,76.057479,45.518445,0.848223,1.206431,0.244389,7.899928,0.651810,42.000000,1.451541,2.400000,36.428006,0.367687,0.290455,0.556873,6.341,0.885243,332.74,174.18,82.0,0.009141,0.990859,1,1,0.000000,0.000000,0.000000
2.969641,6949.735458,0.327909,14.957500,66.380856,45.805560,0.634257,1.219705,0.639203,7.951525,0.668958,102.978690,1.301799,1.319851,36.972680,0.114864,0.246282,0.393229,15.960,0.463095,410.06,151.57,84.1,0.015837,0.984163,0,1,0.000000,0.000000,0.000000
2.912820,6110.563409,0.385673,22.683037,68.170014,29.443661,0.777992,1.039969,0.075898,8.250799,0.799826,110.000000,1.565133,1.686022,18.921938,0.331262,0.255637,0.512481,7.313,0.615345,390.48,188.11,109.0,0.012862,0.987138,1,1,0.000000,0.000000,0.000000
2.681704,6731.967276,0.268110,10.071151,67.014445,34.347583,0.623699,1.084515,0.498375,8.342565,0.792929,110.000000,1.559474,1.632498,34.264230,0.207791,0.488160,0.654751,16.574,1.327058,578.60,356.11,95.7,0.013874,0.986126,0,1,0.000000,0.000000,0.000000
3.000000,6398.324083,0.171900,14.988568,62.941289,42.412929,0.708965,1.137707,0.111935,8.800000,0.620000,92.513656,1.382942,1.589822,41.732051,0.355200,0.269751,0.684385,5.349,0.999984,239.17,153.87,78.0,0.013421,0.986579,1,1,0.000000,0.000000,0.000000
1.715048,7335.449037,0.450000,10.000000,61.106793,18.000000,0.737319,1.311513,0.178102,8.107802,0.802063,52.094299,1.620583,1.872314,26.844378,0.147612,0.331465,0.444755,17.351,0.821370,585.04,244.59,100.5,0.011167,0.988833,0,1,0.000000,0.000000,0.000000
3.000000,6599.139390,0.210933,19.212827,58.237273,27.932173,0.918441,1.000000,0.044675,8.099791,0.725264,79.339655,1.373801,2.014508,37.747449,0.350336,0.272492,0.592030,5.241,1.461030,326.71,181.82,91.3,0.009539,0.990461,1,1,0.000000,0.000000,0.000000
2.975761,5521.686132,0.293583,10.874279,59.189163,37.526141,0.745852,1.000000,0.716091,8.192065,0.620000,62.189535,1.750000,1.937601,42.000000,0.102755,0.216176,0.397187,12.817,0.682285,330.27,123.31,78.0,0.011221,0.988779,0,1,0.000000,0.000000,0.000000
2.502667,5165.488660,0.259616,18.864892,67.112544,48.000000,0.834723,1.414319,0.688716,8.142652,0.778463,89.122245,1.250000,1.349884,24.105285,0.083657,0.174492,0.291822,12.629,0.398131,455.57,124.97,104.4,0.012843,0.987157,0,1,0.000000,0.000000,0.000000
1.912923,5985.089166,0.438359,10.522402,73.561246,45.371938,0.938487,1.431260,0.000000,8.564654,0.620000,75.897240,1.276287,1.347962,29.742405,0.406200,0.322286,0.488885,12.402,0.955727,400.02,183.83,78.0,0.007352,0.992648,1,1,0.000000,0.000000,0.000000
2.166931,6273.787407,0.360276,16.912003,67.042332,47.865407,0.588375,1.450000,0.087393,8.800000,0.723674,86.789837,1.311433,1.300000,42.000000,0.140476,0.311776,0.540231,13.183,0.627331,408.76,207.57,95.1,0.013472,0.986528,0,1,0.000000,0.000000,0.000000
1.585068,7586.756798,0.375076,16.972000,51.656298,45.921831,0.889327,1.210324,0.378317,8.140149,0.686966,84.481280,1.686701,1.484016,33.351983,0.071869,0.138590,0.453460,5.237,0.821587,205.49,87.59,86.3,0.013223,0.986777,0,1,0.000000,0.000000,0.000000
2.623856,4896.762455,0.390873,22.089337,52.700402,44.023302,0.777565,1.139150,0.000000,8.212331,0.786216,92.228669,1.489157,1.561766,18.000000,0.048089,0.076859,0.420013,3.469,0.683645,140.81,55.59,107.4,0.015373,0.984627,0,1,0.000000,0.000000,0.000000
2.727936,7689.084826,0.207660,13.122937,80.055289,45.659696,0.683249,1.226812,0.000000,8.583139,0.636347,95.430377,1.275292,1.651996,42.000000,0.481201,0.389503,0.720465,7.030,0.944020,336.71,228.03,80.0,0.012702,0.987298,1,1,0.000000,0.000000,0.000000
2.177508,6955.570134,0.151544,12.592313,55.607469,18.000000,0.739941,1.111704,0.462202,8.014506,0.799174,46.384831,1.750000,1.300000,30.648507,0.144824,0.327501,0.576214,10.093,1.374695,444.56,240.79,100.2,0.009221,0.990779,0,1,0.000000,0.000000,0.000000
2.005575,6385.142723,0.242159,10.000000,82.000000,23.101215,0.550000,1.450000,0.000000,8.741926,0.909430,42.000000,1.385297,1.749249,21.094528,0.261899,0.635988,0.545731,24.319,1.133255,1037.29,532.12,100.7,0.009335,0.990665,0,1,0.000000,0.000000,0.000000
2.113546,3922.880244,0.125822,14.085240,57.919498,21.585385,0.673024,1.137294,0.239284,8.652623,0.873443,57.761559,1.750000,1.668137,18.000000,0.137459,0.305691,0.404519,17.343,0.697204,646.01,245.64,109.0,0.011215,0.988785,0,1,0.000000,0.000000,0.000000
2.363278,6866.747058,0.080000,11.017685,59.481085,47.760928,0.609556,1.000000,0.942509,8.227057,0.884360,49.525273,1.494992,1.480602,38.400176,0.200516,0.463037,0.498317,25.000,1.313470,804.27,376.73,105.7,0.009269,0.990731,0,1,0.000000,0.000000,0.000000
2.251615,5365.012400,0.243388,13.657686,80.102259,48.000000,0.758841,1.000000,0.031785,8.169419,0.620000,59.822533,1.250000,1.418180,37.081267,0.159453,0.369765,0.548198,10.980,0.800307,409.30,210.91,78.0,0.009394,0.990606,0,1,0.000000,0.000000,0.000000
2.240792,7040.883999,0.303026,15.868424,64.651634,41.749371,0.595118,1.100447,0.000000,7.773185,0.699030,96.149614,1.393763,1.579659,40.197733,0.413421,0.325552,0.573985,10.975,0.652603,388.04,209.37,87.8,0.014025,0.985975,1,1,0.000000,0.000000,0.000000
2.775531,7800.000000,0.152852,20.379145,64.942702,43.324700,0.578580,1.058363,0.646124,8.639698,0.673610,84.981034,1.326720,1.591544,41.262438,0.114031,0.253080,0.424273,11.655,0.386803,393.26,156.84,89.3,0.015622,0.984378,0,1,0.000000,0.000000,0.000000
2.045162,6797.996364,0.313198,13.416520,57.830346,47.067551,0.631660,1.167722,0.406824,8.793218,0.647565,59.368402,1.417288,1.559527,29.467731,0.133760,0.295369,0.596917,9.524,1.090494,313.61,175.97,81.4,0.011467,0.988533,0,1,0.000000,0.000000,0.000000
2.147435,7800.000000,0.157491,14.043293,52.466578,48.000000,0.550000,1.441949,0.099552,8.800000,0.648244,67.659014,1.250000,1.879977,23.331781,0.573536,0.474999,0.688124,11.743,1.198659,437.95,283.28,81.5,0.009133,0.990867,1,1,0.000000,0.000000,0.000000
2.875542,4817.349179,0.310389,24.000000,75.338301,48.000000,0.644811,1.450000,0.785351,8.482685,0.834917,104.407095,1.314221,1.438041,41.988401,0.038036,0.065650,0.263307,7.522,0.172891,203.74,50.43,115.6,0.015373,0.984627,0,1,0.000000,0.000000,0.000000
3.000000,4438.899352,0.176967,15.800896,81.538952,47.945969,0.762369,1.187496,0.044124,8.227455,0.620000,89.368943,1.554232,1.654302,40.211655,0.275151,0.200610,0.533463,5.932,0.572906,228.19,114.43,81.4,0.011700,0.988300,1,1,0.000000,0.000000,0.000000
1.964158,6333.511573,0.276466,10.000000,50.675225,47.714657,0.950000,1.361812,0.014504,8.580133,0.629252,67.196343,1.275600,2.051456,37.334287,0.451863,0.362905,0.578190,11.351,1.399626,386.55,210.09,78.9,0.011039,0.988961,1,1,0.000000,0.000000,0.000000
2.470237,5817.032868,0.159965,19.842445,61.889529,48.000000,0.605107,1.065987,0.897365,7.906975,0.774321,89.404736,1.529409,1.663614,38.616472,0.286299,0.212981,0.311000,17.407,0.340618,518.99,151.72,100.3,0.014029,0.985971,1,1,0.000000,0.000000,0.000000
2.994752,5759.119405,0.201145,10.000000,56.785206,32.569551,0.671749,1.054532,0.152801,8.181795,0.750244,110.000000,1.491186,1.707512,32.000949,0.197338,0.461330,0.658181,14.920,1.666348,514.67,318.42,91.0,0.013913,0.986087,0,1,0.000000,0.000000,0.000000
2.324247,5561.886346,0.356184,13.457113,81.754889,48.000000,0.872215,1.004100,0.000000,8.480468,0.722791,85.032084,1.659245,1.577557,33.876413,0.446687,0.360502,0.503927,12.936,1.019285,506.07,239.72,90.7,0.012394,0.987606,1,1,0.000000,0.000000,0.000000
3.000000,7594.603157,0.341364,22.794643,63.573669,38.112272,0.572507,1.161267,0.445231,8.800000,0.662835,79.338166,1.261690,1.623696,34.964347,0.401021,0.316121,0.679265,5.279,0.512185,301.91,192.77,84.0,0.009521,0.990479,1,1,0.000000,0.000000,0.000000
2.619570,5459.965326,0.401523,10.000000,61.687557,43.567683,0.877582,1.048859,0.000000,8.641617,0.865911,79.707278,1.655389,1.356710,40.402636,0.156496,0.348846,0.513828,18.590,1.037149,575.37,277.90,108.4,0.009772,0.990228,0,1,0.000000,0.000000,0.000000
1.769568,6038.049304,0.442943,11.009280,63.018286,43.698144,0.796832,1.279181,0.310059,8.303822,0.843686,42.000000,1.666046,1.973790,32.488097,0.168153,0.377873,0.420813,24.450,0.754794,741.48,293.30,95.9,0.009138,0.990862,0,1,0.000000,0.000000,0.000000
2.401688,6656.514002,0.322668,14.120180,61.372632,47.368694,0.890314,1.154295,0.298745,8.141081,0.821416,87.261529,1.363908,1.621823,18.000000,0.485805,0.394877,0.553531,13.323,1.231020,573.51,298.41,102.9,0.012743,0.987257,1,1,0.000000,0.000000,0.000000
2.643479,5510.855406,0.256761,17.341056,64.827571,47.306281,0.659838,1.178160,0.012634,8.600248,0.707337,105.160869,1.294104,1.553889,18.000000,0.466676,0.377987,0.573866,11.390,0.788109,455.99,245.97,88.8,0.013574,0.986426,1,1,0.000000,0.000000,0.000000
1.667446,6045.374974,0.179003,11.334636,54.130636,46.863277,0.907325,1.450000,0.076036,7.989645,0.620000,98.886028,1.358652,1.612774,33.010200,0.427487,0.340472,0.509081,13.144,1.023657,405.83,194.21,78.0,0.013793,0.986207,1,1,0.000000,0.000000,0.000000
3.000000,7141.266120,0.184100,10.000000,81.297966,41.306235,0.700626,1.061100,0.302412,8.360079,0.671488,94.014603,1.454292,1.528510,31.342736,0.500942,0.404894,0.741510,8.363,1.346887,358.86,250.13,84.4,0.013749,0.986251,1,1,0.000000,0.000000,0.000000
2.542125,6805.353629,0.268357,20.002417,73.391599,48.000000,0.833174,1.085228,0.000000,8.029546,0.632783,110.000000,1.305155,1.679132,18.454807,0.215371,0.149097,0.481691,4.498,0.468575,191.70,86.80,87.0,0.013404,0.986596,1,1,0.000000,0.000000,0.000000
2.692742,5831.973683,0.233831,10.000000,59.948847,46.869263,0.904760,1.309877,0.100343,7.960595,0.678543,91.729744,1.317224,1.467322,18.000000,0.522886,0.427889,0.631541,12.237,1.695540,449.95,267.11,84.5,0.013759,0.986241,1,1,0.000000,0.000000,0.000000
3.000000,7174.872636,0.143079,21.767141,77.746622,29.479706,0.714051,1.074599,0.169508,7.832194,0.774526,104.167512,1.455117,1.673465,31.000081,0.204215,0.136382,0.546639,3.810,0.412070,189.13,97.18,102.5,0.015257,0.984743,1,1,0.000000,0.000000,0.000000
2.515629,7087.671041,0.225915,17.305949,80.321784,42.797172,0.567283,1.383669,0.000000,8.800000,0.639206,81.171484,1.365477,1.629194,27.836476,0.276130,0.195542,0.646430,4.496,0.497037,189.24,114.99,82.7,0.013149,0.986851,1,1,0.000000,0.000000,0.000000
2.705833,7800.000000,0.243668,19.788886,66.802084,18.250833,0.950000,1.327310,0.329031,8.800000,0.929713,42.928526,1.465010,1.983873,40.269495,0.385193,0.306975,0.542489,7.409,1.266309,514.90,262.57,114.2,0.009132,0.990868,1,1,0.000000,0.000000,0.000000
1.792296,5533.940675,0.242157,12.498903,50.000000,39.143137,0.619284,1.329058,0.227049,8.135221,0.793662,42.000000,1.480289,1.969154,34.968012,0.196996,0.454946,0.499200,23.982,1.064176,707.91,332.19,94.3,0.009140,0.990860,0,1,0.000000,0.000000,0.000000
2.542332,7722.164720,0.146444,22.772256,68.941388,28.585632,0.814565,1.318652,0.000000,8.468747,0.915613,110.000000,1.583924,2.114426,36.118434,0.389053,0.309006,0.557458,7.725,0.884017,496.74,260.30,119.8,0.012757,0.987243,1,1,0.000000,0.000000,0.000000
3.000000,7537.475288,0.372561,16.921271,55.937688,44.409491,0.550302,1.283950,0.338819,8.190595,0.921219,90.512496,1.750000,1.373110,35.855705,0.465322,0.367670,0.645993,12.986,1.120650,513.16,311.61,115.2,0.015651,0.984349,1,1,0.000000,0.000000,0.000000
2.232218,5407.370940,0.338758,13.669543,82.000000,45.029218,0.898912,1.155545,0.150815,8.085104,0.729564,83.090988,1.360908,1.588073,33.028699,0.147986,0.338884,0.480775,12.735,0.926874,503.31,227.46,91.6,0.012776,0.987224,0,1,0.000000,0.000000,0.000000
1.585659,6386.933230,0.080000,10.987717,67.722491,42.232762,0.854373,1.445304,0.237570,8.780249,0.642873,42.000000,1.523016,2.135171,30.548199,0.164819,0.382092,0.537702,12.901,1.228376,447.11,225.99,75.1,0.009115,0.990885,0,1,0.000000,0.000000,0.000000
2.076521,7800.000000,0.336540,20.785123,61.834738,28.760771,0.835137,1.097070,0.000000,8.265659,0.894411,110.000000,1.338804,2.215650,31.348270,0.347449,0.270267,0.474973,9.592,0.864688,498.11,222.39,112.0,0.014040,0.985960,1,1,0.000000,0.000000,0.000000
2.689949,6563.221707,0.245322,16.083325,71.183237,48.000000,0.643525,1.208461,0.006709,8.286984,0.668329,81.665538,1.316886,1.882667,39.894020,0.150582,0.342784,0.644689,7.937,0.786380,347.79,210.77,84.2,0.011112,0.988888,0,1,0.000000,0.000000,0.000000
3.000000,7800.000000,0.265961,12.255054,79.976383,37.862869,0.701204,1.019705,0.293707,7.747407,0.620000,97.097963,1.750000,1.320443,32.475402,0.376491,0.287585,0.733597,5.109,0.893635,237.88,164.04,78.0,0.015187,0.984813,1,1,0.000000,0.000000,0.000000
2.119109,5293.696724,0.234256,17.457527,70.198002,48.000000,0.636844,1.283968,0.000000,8.217031,0.680839,84.329897,1.364606,1.513829,18.000000,0.120657,0.264427,0.503455,10.016,0.559001,349.99,165.63,91.7,0.013444,0.986556,0,1,0.000000,0.000000,0.000000
2.416229,6785.696982,0.144322,11.866304,63.961324,25.099528,0.836705,1.221010,0.125334,7.791373,0.837837,110.000000,1.286901,1.762981,18.844105,0.455930,0.364778,0.573206,12.647,1.314323,521.84,281.17,103.1,0.013892,0.986108,1,1,0.000000,0.000000,0.000000
2.897741,7800.000000,0.404048,24.000000,60.508274,45.734811,0.552098,1.128408,0.399312,8.074474,0.674453,92.120005,1.750000,1.415903,36.252851,0.312117,0.236028,0.630462,5.107,0.385955,247.12,146.45,92.0,0.013167,0.986833,1,1,0.000000,0.000000,0.000000
2.078000,6620.465884,0.450000,12.377522,62.509081,22.018036,0.884837,1.321801,0.037936,8.607193,0.709180,102.471348,1.646621,1.780406,32.958131,0.134031,0.300317,0.491378,11.659,0.930065,424.21,195.94,89.0,0.015457,0.984543,0,1,0.000000,0.000000,0.000000
3.000000,7160.296724,0.117160,15.524935,62.194869,43.994363,0.624625,1.047156,0.195779,7.778051,0.628381,85.487937,1.750000,1.531865,41.187320,0.417679,0.328729,0.713441,5.937,0.828200,283.38,190.04,79.1,0.013113,0.986887,1,1,0.000000,0.000000,0.000000
2.793982,7708.783377,0.317267,10.000000,65.678186,19.318579,0.859450,1.022215,0.294775,8.558800,0.844393,42.000000,1.586797,1.824680,42.000000,0.179672,0.418667,0.666990,10.661,2.162225,518.75,325.24,90.0,0.009132,0.990868,0,1,0.000000,0.000000,0.000000
2.720355,6836.002994,0.183742,15.025883,60.224142,46.610264,0.721451,1.126154,0.000000,8.800000,0.620000,95.841363,1.509188,1.487413,39.266311,0.288570,0.207278,0.658480,4.307,1.006378,191.01,118.23,78.0,0.015382,0.984618,1,1,0.000000,0.000000,0.000000
2.649273,6615.914607,0.306170,10.000000,79.977521,45.085801,0.729093,1.161564,0.000000,7.927091,0.620000,105.389548,1.346627,1.365303,32.621049,0.272597,0.186469,0.644545,7.282,0.849476,175.55,106.36,78.0,0.015598,0.984402,1,1,0.000000,0.000000,0.000000
2.865457,6660.939686,0.162866,14.475484,82.000000,32.900170,0.784836,1.389456,0.064230,8.138278,0.650930,110.000000,1.292897,1.457556,33.208308,0.421135,0.334973,0.663205,6.552,0.916913,321.78,200.60,81.8,0.013006,0.986994,1,1,0.000000,0.000000,0.000000
1.048319,5731.290133,0.288761,14.774798,80.279379,48.000000,0.941788,1.000000,0.048837,8.499298,0.733107,83.990650,1.679175,1.537228,32.011484,0.108967,0.237605,0.303712,16.016,0.434996,561.33,160.25,92.0,0.012301,0.987699,0,1,0.000000,0.000000,0.000000
3.000000,6149.424078,0.365084,16.734915,65.824992,28.605458,0.736458,1.278682,0.312569,8.254062,0.797595,110.000000,1.298188,1.503196,36.355134,0.446911,0.360192,0.578054,10.238,0.926254,486.42,264.30,100.0,0.014035,0.985965,1,1,0.000000,0.000000,0.000000
3.000000,6364.285697,0.190540,11.178790,59.632286,48.000000,0.758422,1.037231,0.237579,8.800000,0.620000,98.878803,1.344221,1.383838,33.552208,0.514278,0.420343,0.716215,8.319,1.861399,356.13,239.76,78.0,0.013353,0.986647,1,1,0.000000,0.000000,0.000000
2.255254,5884.122297,0.216416,17.607028,78.954479,45.209034,0.934302,1.000057,0.208742,7.808521,0.639506,98.749311,1.250000,1.535103,42.000000,0.216138,0.150225,0.450806,4.924,0.793259,208.57,88.38,86.0,0.015136,0.984864,1,1,0.000000,0.000000,0.000000
2.261991,5680.171692,0.122673,10.193192,82.000000,26.079363,0.703214,1.361252,0.000000,7.960686,0.620000,103.659059,1.406268,1.649147,32.275827,0.099594,0.202805,0.565187,8.268,0.642450,217.74,115.68,78.0,0.015565,0.984435,0,1,0.000000,0.000000,0.000000
2.437770,5170.783069,0.211939,12.072189,80.021430,48.000000,0.708850,1.388672,0.034373,7.885185,0.799942,83.700108,1.302291,1.306431,30.102994,0.146040,0.326615,0.538355,13.786,0.901654,474.99,240.37,100.2,0.011394,0.988606,0,1,0.000000,0.000000,0.000000
2.986184,6675.347923,0.163835,12.607972,79.362984,46.748507,0.883381,1.313314,0.319426,7.902756,0.667434,94.954564,1.334871,1.609670,18.000000,0.368869,0.283978,0.664945,5.848,1.517978,278.98,174.37,83.9,0.015330,0.984670,1,1,0.000000,0.000000,0.000000
2.134266,6761.850374,0.247321,11.729798,50.000000,48.000000,0.950000,1.421052,0.057425,8.450446,0.675133,104.081851,1.250000,2.063452,35.766691,0.104515,0.216090,0.562354,8.768,1.157685,253.91,134.22,84.8,0.013815,0.986185,0,1,0.000000,0.000000,0.000000
2.570725,7061.930200,0.382361,10.000000,75.996780,48.000000,0.950000,1.149325,0.000000,7.833098,0.705025,96.951241,1.750000,1.521135,35.533599,0.490343,0.397706,0.627210,11.230,1.672567,437.54,257.96,86.8,0.013906,0.986094,1,1,0.000000,0.000000,0.000000
2.855969,7180.537600,0.161292,21.386221,57.791255,44.661337,0.550000,1.317247,0.322362,8.151776,0.950000,92.472490,1.536498,2.185357,33.908617,0.151111,0.340603,0.606212,11.323,0.797459,522.40,297.69,118.8,0.014028,0.985972,0,1,0.000000,0.000000,0.000000
2.185117,5417.550909,0.275798,12.828597,67.339978,48.000000,0.591223,1.437762,0.289523,8.800000,0.736927,48.705874,1.250000,1.557719,37.884936,0.198955,0.465142,0.539481,20.072,0.882461,621.86,315.35,91.2,0.009224,0.990776,0,1,0.000000,0.000000,0.000000
2.309766,7800.000000,0.173950,15.827456,67.938452,46.145158,0.664498,1.196557,0.000000,8.703700,0.667736,93.448173,1.271580,1.631989,40.168754,0.477366,0.387799,0.662404,8.288,0.901586,382.60,238.23,83.9,0.012526,0.987474,1,1,0.000000,0.000000,0.000000
2.256675,7800.000000,0.256450,10.000000,52.334836,45.786897,0.909317,1.155014,0.000000,7.912731,0.620000,89.590456,1.679729,2.047140,40.424340,0.309595,0.225515,0.652515,5.940,1.819318,209.72,128.63,78.0,0.015896,0.984104,1,1,0.000000,0.000000,0.000000
2.198813,5713.569824,0.111542,11.439673,56.406036,48.000000,0.907676,1.306490,0.181278,8.800000,0.864161,42.000000,1.446808,1.863650,30.762970,0.187170,0.435997,0.555352,17.173,1.334211,664.00,346.63,96.5,0.009112,0.990888,0,1,0.000000,0.000000,0.000000
2.778661,5905.587679,0.182079,10.000000,78.868374,37.015814,0.721592,1.052274,0.342954,8.759605,0.817758,91.527217,1.517800,1.580564,27.022930,0.596731,0.493639,0.631145,16.300,1.315241,625.99,371.38,98.8,0.013391,0.986609,1,1,0.000000,0.000000,0.000000
2.872062,7800.000000,0.299184,12.945307,63.415408,34.257482,0.920543,1.048025,0.289523,8.302240,0.814396,95.920519,1.269150,1.300000,31.706212,0.443935,0.355214,0.653819,8.208,1.898392,433.04,266.14,102.0,0.011164,0.988836,1,1,0.000000,0.000000,0.000000
2.366935,7800.000000,0.383995,15.107407,55.664207,18.198731,0.589501,1.000000,0.013789,8.800000,0.810689,86.769221,1.671980,1.368933,34.973309,0.184267,0.431716,0.588468,13.842,0.943204,582.09,321.99,103.4,0.012317,0.987683,0,1,0.000000,0.000000,0.000000
2.324580,6621.683495,0.341686,15.580624,67.102037,34.638564,0.828785,1.186711,0.000000,8.157254,0.822507,81.912378,1.327148,1.445964,30.099087,0.097436,0.203037,0.501902,7.599,0.973041,325.65,153.64,105.0,0.011586,0.988414,0,1,0.000000,0.000000,0.000000
3.000000,5914.159189,0.265751,10.551935,60.820419,23.191564,0.927668,1.388511,0.000000,8.800000,0.950000,42.000000,1.608888,1.735118,18.710729,0.182560,0.426240,0.580174,14.473,1.456471,683.09,372.53,105.1,0.009112,0.990888,0,1,0.000000,0.000000,0.000000
2.587690,7711.985773,0.117901,11.472588,54.704400,44.902737,0.550000,1.416538,0.088865,8.761940,0.861648,65.298467,1.319796,1.623964,24.484533,0.633010,0.522693,0.710946,16.721,1.886966,620.01,414.35,108.0,0.011841,0.988159,1,1,0.000000,0.000000,0.000000
3.000000,7740.438226,0.317904,15.310718,55.626360,34.144861,0.635468,1.067112,0.417076,8.593836,0.640232,96.450394,1.535979,1.530686,39.560181,0.310844,0.225323,0.718201,4.032,0.983161,196.59,132.72,80.5,0.011624,0.988376,1,1,0.000000,0.000000,0.000000
1.942667,7745.739646,0.159701,13.663265,52.551037,43.387200,0.731910,1.065240,0.091642,7.907377,0.710925,81.919823,1.674217,1.551975,34.132782,0.504484,0.411364,0.610469,12.142,1.553313,468.86,269.05,89.3,0.012726,0.987274,1,1,0.000000,0.000000,0.000000
1.849252,7228.959708,0.431859,10.000000,72.297066,48.000000,0.607868,1.322949,0.000000,8.738478,0.907755,72.350598,1.250000,1.300000,31.295317,0.144493,0.313939,0.510631,19.023,1.024433,546.22,262.18,113.6,0.013561,0.986439,0,1,0.000000,0.000000,0.000000
2.339000,6303.720039,0.324328,12.785943,61.881721,45.994316,0.764242,1.194096,0.234881,8.640219,0.626206,95.438379,1.273018,1.300000,21.978637,0.118666,0.254490,0.599676,8.291,1.166283,260.09,146.61,78.8,0.015594,0.984406,0,1,0.000000,0.000000,0.000000
1.237113,7715.296448,0.376597,10.456345,56.097513,19.721857,0.950000,1.450000,0.289166,8.672701,0.845533,95.306780,1.386513,1.585184,39.312496,0.315367,0.235386,0.365987,15.351,0.571384,532.24,183.10,105.9,0.013480,0.986520,1,1,0.000000,0.000000,0.000000
2.020742,6633.285066,0.335974,15.078871,52.999271,29.169631,0.699797,1.265498,0.452612,8.800000,0.647950,42.000000,1.725216,1.464456,36.940721,0.161619,0.376201,0.539363,11.209,1.012201,442.32,224.26,81.5,0.009113,0.990887,0,1,0.000000,0.000000,0.000000
2.882497,7470.743076,0.242280,11.471893,60.373402,45.624379,0.556713,1.298064,0.066667,7.966719,0.916074,110.000000,1.303485,1.925411,35.755035,0.203487,0.472252,0.676521,17.509,1.472064,625.87,398.01,107.4,0.014153,0.985847,0,1,0.000000,0.000000,0.000000
3.000000,6159.835787,0.246626,10.575700,80.139559,47.995429,0.929050,1.425378,0.229356,7.862552,0.629697,110.000000,1.651310,1.648855,19.742641,0.433336,0.344953,0.662048,7.709,1.904641,321.12,199.84,79.2,0.013795,0.986205,1,1,0.000000,0.000000,0.000000
1.840615,6787.474709,0.381319,13.406398,81.920294,48.000000,0.935044,1.204526,0.000000,8.525311,0.713126,87.017416,1.696301,1.827427,34.032163,0.096788,0.202996,0.470858,7.936,0.884592,300.90,133.18,89.5,0.013374,0.986626,0,1,0.000000,0.000000,0.000000
2.884652,5929.959004,0.195013,10.627352,63.438574,40.993145,0.840802,1.092719,0.031983,7.968695,0.626549,101.091275,1.394711,1.808406,34.663232,0.348769,0.262034,0.641943,7.690,1.570228,250.31,151.04,78.8,0.015464,0.984536,1,1,0.000000,0.000000,0.000000
2.707114,5390.438253,0.178248,13.352476,61.811481,18.000000,0.596028,1.006304,0.266328,8.037187,0.767672,107.211107,1.303961,1.452185,37.985415,0.382977,0.294811,0.568729,11.334,0.775450,389.47,208.21,96.3,0.015784,0.984216,1,1,0.000000,0.000000,0.000000
1.739111,5547.381081,0.415369,10.000000,74.179569,48.000000,0.950000,1.450000,0.025855,8.634127,0.685530,98.819113,1.463518,1.403840,36.685490,0.111373,0.231249,0.434964,16.081,0.647532,356.71,145.85,86.1,0.015694,0.984306,0,1,0.000000,0.000000,0.000000
2.891104,7273.487188,0.217620,10.278219,74.545203,42.287336,0.746609,1.265663,0.349558,8.800000,0.620000,107.386012,1.250000,1.763876,31.582731,0.363794,0.272144,0.739210,6.256,1.330307,223.40,155.23,78.0,0.015448,0.984552,1,1,0.000000,0.000000,0.000000
2.087430,7216.139065,0.351467,14.228861,61.062860,46.897805,0.606318,1.091824,0.363710,8.229606,0.867959,93.078618,1.302794,1.684919,40.904512,0.174514,0.395950,0.554553,19.148,1.001878,606.54,316.17,107.4,0.013787,0.986213,0,1,0.000000,0.000000,0.000000
2.576312,6975.442883,0.416079,17.160329,65.965626,29.695873,0.688160,1.298783,0.000000,8.311371,0.807551,86.541810,1.320311,1.879826,20.954922,0.161258,0.372580,0.557078,11.795,0.806843,528.61,276.81,102.8,0.012582,0.987418,0,1,0.000000,0.000000,0.000000
2.887527,7172.396050,0.145233,13.921638,60.671694,43.995321,0.658400,1.000000,0.000000,8.665562,0.715988,80.022027,1.661471,1.510697,42.000000,0.376603,0.287983,0.706409,6.053,1.327654,285.68,189.70,89.9,0.011221,0.988779,1,1,0.000000,0.000000,0.000000
1.763325,6673.764325,0.362728,15.360485,78.997385,18.000000,0.643285,1.000000,0.431043,8.577249,0.711574,43.897313,1.623946,1.646752,36.585517,0.117736,0.262297,0.449605,9.061,0.534257,406.30,171.71,89.3,0.011008,0.988992,0,1,0.000000,0.000000,0.000000
2.701322,7282.956259,0.154557,21.545539,59.697679,48.000000,0.619159,1.086674,0.000000,8.239887,0.660278,103.081505,1.345642,1.674552,40.352183,0.232818,0.157579,0.607972,3.636,0.483224,167.49,95.72,90.1,0.015203,0.984797,1,1,0.000000,0.000000,0.000000
2.675465,5022.082326,0.132678,14.121633,75.191900,25.597721,0.733671,1.188717,0.152752,8.570783,0.863678,108.377647,1.316037,1.839852,18.000000,0.487717,0.395432,0.533280,14.811,0.848988,626.80,314.20,108.1,0.013568,0.986432,1,1,0.000000,0.000000,0.000000
1.535594,5891.295915,0.405349,11.613181,77.233736,46.837749,0.947702,1.423969,0.122588,8.033931,0.659786,71.761582,1.252924,1.749834,31.259054,0.122085,0.269417,0.408830,13.345,0.692325,425.55,163.54,82.9,0.009529,0.990471,0,1,0.000000,0.000000,0.000000
0.939112,5436.535474,0.266048,10.434176,82.000000,20.604627,0.656938,1.296845,0.102437,8.770670,0.803741,42.000000,1.553786,2.037919,21.713737,0.201087,0.491733,0.235535,25.000,0.348936,1642.29,363.61,93.4,0.009117,0.990883,0,1,0.000000,0.000000,0.000000
2.749598,6023.350050,0.135707,11.144905,65.977103,24.478256,0.843592,1.224391,0.087514,8.264871,0.857109,110.000000,1.250000,1.806428,18.000000,0.522753,0.427456,0.602747,13.539,1.506514,594.91,337.07,103.6,0.013697,0.986303,1,1,0.000000,0.000000,0.000000
2.215087,7800.000000,0.116607,10.000000,53.768707,43.583178,0.872241,1.243531,0.069738,8.217528,0.681012,102.853014,1.261236,1.557767,30.016114,0.167560,0.384347,0.677183,10.110,2.048068,378.30,240.81,85.6,0.015551,0.984449,0,1,0.000000,0.000000,0.000000
2.235595,6749.462101,0.160400,12.167111,62.428584,21.845026,0.846716,1.201840,0.274868,7.602222,0.803306,107.044940,1.301742,1.748884,20.392903,0.360881,0.276851,0.527782,10.904,1.077375,412.41,204.60,99.7,0.016035,0.983965,1,1,0.000000,0.000000,0.000000
3.000000,5349.367789,0.240680,10.793177,82.000000,48.000000,0.550000,1.450000,0.094774,8.800000,0.950000,42.000000,1.629951,1.587426,20.232288,0.703768,0.587336,0.605200,24.008,1.086305,902.34,513.33,106.7,0.009181,0.990819,1,1,0.000000,0.000000,0.000000
1.967861,5717.597371,0.320989,10.000000,61.894549,48.000000,0.810965,1.214515,0.024768,8.102504,0.784016,101.495638,1.483215,1.592208,18.000000,0.107298,0.210840,0.492662,18.156,0.752423,328.39,152.08,98.3,0.015814,0.984186,0,1,0.000000,0.000000,0.000000
2.719602,5995.776318,0.304358,11.376853,56.800232,36.165900,0.774399,1.376500,0.145423,8.128985,0.631255,58.154643,1.750000,1.431103,21.845741,0.180671,0.423684,0.637095,10.776,1.687784,410.87,246.06,79.4,0.009378,0.990622,0,1,0.000000,0.000000,0.000000
2.844504,5349.584283,0.290908,16.534860,61.072572,42.502072,0.739410,1.058576,0.075261,8.392307,0.655989,93.210748,1.371982,1.780863,28.670726,0.426893,0.342608,0.581403,8.886,0.947996,378.34,206.77,82.5,0.013708,0.986292,1,1,0.000000,0.000000,0.000000
1.988286,5199.152071,0.241385,10.000000,73.807651,48.000000,0.757434,1.435983,0.095601,8.685450,0.620000,110.000000,1.250000,1.300000,36.611307,0.181546,0.422418,0.545088,16.340,1.083376,470.25,240.95,78.5,0.014020,0.985980,0,1,0.000000,0.000000,0.000000
2.969595,6311.163628,0.126360,15.296620,57.671574,30.487763,0.771066,1.001132,0.837118,7.810911,0.643020,106.887277,1.333986,1.495914,42.000000,0.218098,0.153195,0.332375,10.063,0.454702,290.07,90.63,80.9,0.015606,0.984394,1,1,0.000000,0.000000,0.000000
2.849629,6229.522564,0.162106,10.728624,62.550839,48.000000,0.931899,1.178496,0.112367,7.749317,0.826107,73.042183,1.250000,1.618869,37.924577,0.134304,0.295676,0.631176,8.778,1.767576,378.76,224.72,103.5,0.011390,0.988610,0,1,0.000000,0.000000,0.000000
3.000000,6983.108458,0.126507,12.162641,59.469127,24.575483,0.643558,1.146120,0.144583,7.555322,0.623361,94.653287,1.368934,1.407377,28.074917,0.223767,0.142047,0.687239,3.370,0.826230,126.10,81.46,78.4,0.015223,0.984777,1,1,0.000000,0.000000,0.000000
2.041156,5504.389696,0.080000,12.008704,67.314615,41.958914,0.638848,1.207887,0.000000,8.800000,0.678018,104.202738,1.250000,1.858116,19.113654,0.152058,0.337557,0.574215,15.479,0.827174,390.10,210.56,85.2,0.013950,0.986050,0,1,0.000000,0.000000,0.000000
2.847205,7800.000000,0.362751,10.576734,57.141793,47.373367,0.821713,1.027318,0.213929,8.373575,0.843770,42.000000,1.569618,1.661753,42.000000,0.205750,0.486444,0.682679,13.399,2.291123,588.44,377.61,94.7,0.009138,0.990862,0,1,0.000000,0.000000,0.000000
2.557801,6330.144747,0.207109,11.459917,80.306831,43.606515,0.898913,1.389786,0.233785,7.938383,0.638380,110.000000,1.333205,1.724904,18.439751,0.420176,0.333840,0.616727,8.499,1.434292,338.21,196.07,80.3,0.013792,0.986208,1,1,0.000000,0.000000,0.000000
1.285421,7614.235560,0.357160,10.021131,62.406706,42.195895,0.616840,1.335777,0.119046,8.800000,0.832407,98.351324,1.310085,2.088704,28.848743,0.154316,0.334010,0.473901,24.491,0.944917,574.21,255.79,103.3,0.015810,0.984190,0,1,0.000000,0.000000,0.000000
2.950520,5114.301374,0.142041,11.742995,69.754434,25.977421,0.855370,1.028360,0.176345,8.729959,0.630584,101.022704,1.448138,1.838127,36.288722,0.457672,0.370653,0.623275,8.578,1.425645,367.02,215.03,78.5,0.013399,0.986601,1,1,0.000000,0.000000,0.000000
2.917729,6339.302741,0.249653,10.000000,81.494134,36.991124,0.733536,1.444456,0.000000,8.800000,0.911807,96.561877,1.478710,1.574177,27.502092,0.151896,0.334967,0.624313,14.538,1.181143,478.81,280.99,114.0,0.015513,0.984487,0,1,0.000000,0.000000,0.000000
2.348331,7800.000000,0.302223,10.216944,65.861127,46.460726,0.550000,1.297488,0.000000,8.785263,0.857631,46.941392,1.503509,1.866726,24.685847,0.241810,0.573138,0.663179,22.347,1.458810,725.42,452.22,96.7,0.009199,0.990801,0,1,0.000000,0.000000,0.000000
2.150366,7399.309365,0.298065,12.545330,56.714601,48.000000,0.698879,1.168804,0.000000,8.800000,0.704297,103.112076,1.750000,1.300000,42.000000,0.195741,0.461042,0.627067,14.027,1.538780,506.81,298.73,88.4,0.013557,0.986443,0,1,0.000000,0.000000,0.000000
2.551355,7274.565391,0.128249,13.958788,67.045773,48.000000,0.631234,1.143928,0.000000,7.916224,0.805925,109.730270,1.351404,1.300000,42.000000,0.114144,0.237326,0.618617,9.655,0.865327,302.61,175.97,101.0,0.013772,0.986228,0,1,0.000000,0.000000,0.000000
3.000000,6635.288918,0.304067,10.199916,54.291073,46.338922,0.950000,1.393781,0.136289,7.928617,0.662979,59.213148,1.666433,2.182252,19.120746,0.174481,0.406300,0.688930,8.551,2.258838,382.68,247.82,78.8,0.009391,0.990609,0,1,0.000000,0.000000,0.000000
2.376451,7800.000000,0.080000,11.454633,55.760785,45.728393,0.878530,1.411509,0.095547,8.239999,0.672826,98.424796,1.336893,1.681152,42.000000,0.493042,0.401469,0.688103,8.262,2.247515,384.20,248.51,83.4,0.013026,0.986974,1,1,0.000000,0.000000,0.000000
1.826121,5454.477881,0.239182,12.312266,70.499171,46.650095,0.950000,1.325006,0.000451,8.800000,0.906519,64.942345,1.565979,2.125769,37.545941,0.111715,0.238985,0.432987,12.781,0.786248,489.70,199.31,113.4,0.006451,0.993549,0,1,0.000000,0.000000,0.000000
3.000000,6570.487487,0.237131,10.835200,54.190743,44.599714,0.947176,1.033634,0.375934,8.224645,0.670069,102.985582,1.613837,1.516943,35.334289,0.391268,0.303441,0.683594,6.570,2.127043,291.11,187.06,84.2,0.013779,0.986221,1,1,0.000000,0.000000,0.000000
2.537469,5798.701163,0.296828,17.673291,53.792442,26.446514,0.888847,1.266015,0.384476,8.299120,0.919027,109.330046,1.285617,1.455539,32.050424,0.093872,0.195566,0.460644,7.895,0.844688,381.87,165.35,114.9,0.011631,0.988369,0,1,0.000000,0.000000,0.000000
2.864766,7656.498896,0.156955,14.535065,69.897709,32.844613,0.838926,1.064504,0.102259,8.339071,0.803422,94.957303,1.288657,1.926727,19.950054,0.308276,0.226047,0.644195,5.347,1.410785,275.92,167.08,100.7,0.011565,0.988435,1,1,0.000000,0.000000,0.000000
2.399066,6994.581723,0.284397,10.000000,59.466867,48.000000,0.680951,1.080012,0.327999,8.366956,0.706417,92.139221,1.458728,1.300000,19.276436,0.216346,0.511774,0.663076,16.655,1.786179,533.62,332.60,88.0,0.013726,0.986274,0,1,0.000000,0.000000,0.000000
2.492295,7122.432523,0.226040,14.121311,72.987522,43.450103,0.770786,1.277448,0.135245,7.983956,0.816661,91.368478,1.269665,1.555287,29.140220,0.132361,0.291817,0.592318,9.487,1.089795,393.78,219.25,102.3,0.013705,0.986295,0,1,0.000000,0.000000,0.000000
2.627318,7107.763410,0.171093,17.792492,66.344162,48.000000,0.569736,1.136819,0.000000,8.757355,0.861535,42.000000,1.288120,1.797854,42.000000,0.195792,0.462550,0.622961,13.509,0.906294,626.08,366.62,106.1,0.009119,0.990881,0,1,0.000000,0.000000,0.000000
2.313491,7541.855341,0.282941,14.074980,65.753547,43.745699,0.564348,1.439553,0.078704,7.965640,0.650928,97.181867,1.250000,1.339069,25.766605,0.215941,0.135825,0.622240,5.168,0.594018,139.06,81.34,81.8,0.015505,0.984495,1,1,0.000000,0.000000,0.000000
2.674029,6814.418113,0.179400,13.231271,82.000000,37.577334,0.674469,1.132552,0.091241,8.573823,0.719931,43.860774,1.548136,1.490037,31.705083,0.166190,0.384081,0.652141,9.289,0.914372,414.98,254.39,90.1,0.009166,0.990834,0,1,0.000000,0.000000,0.000000
2.323227,7394.918340,0.210620,11.735832,67.631055,48.000000,0.666648,1.192306,0.081539,7.964344,0.620000,88.594592,1.250000,1.815764,41.436504,0.449470,0.357649,0.676106,8.866,1.105415,320.99,204.00,77.3,0.014022,0.985978,1,1,0.000000,0.000000,0.000000
2.766594,7789.699600,0.253717,13.790081,63.133969,47.986446,0.950000,1.162385,0.000000,7.602034,0.660502,99.112469,1.728205,1.654888,35.836935,0.353345,0.270628,0.652540,5.257,1.854043,268.10,164.45,83.0,0.013161,0.986839,1,1,0.000000,0.000000,0.000000
2.649713,7128.911599,0.351140,10.321895,78.814033,46.951142,0.883216,1.312244,0.000000,7.978632,0.726171,90.373630,1.715349,1.552859,37.010080,0.350778,0.265033,0.635674,7.446,1.742545,296.32,177.06,91.3,0.013600,0.986400,1,1,0.000000,0.000000,0.000000
3.000000,7469.358611,0.188882,11.995020,80.521839,45.739175,0.706785,1.423734,0.033404,7.800498,0.633536,92.342470,1.250000,1.678013,40.196495,0.455475,0.363448,0.737165,6.527,1.031919,305.71,211.84,79.7,0.013029,0.986971,1,1,0.000000,0.000000,0.000000
2.689829,6076.033995,0.316944,14.903752,66.132983,47.271180,0.907746,1.166436,0.169341,8.101282,0.807791,87.833510,1.278961,1.966524,28.369363,0.255568,0.180652,0.533664,6.112,1.136425,267.63,134.26,101.2,0.013241,0.986759,1,1,0.000000,0.000000,0.000000
2.887567,6755.236287,0.132566,13.062843,77.352035,48.000000,0.710208,1.136984,0.000000,8.378039,0.706141,104.980562,1.750000,1.746955,31.701381,0.510273,0.416728,0.690345,9.159,1.120919,417.19,270.73,88.0,0.013629,0.986371,1,1,0.000000,0.000000,0.000000
1.994172,6202.394160,0.185875,12.533987,65.274944,48.000000,0.845128,1.113625,0.112673,8.092359,0.676662,97.875418,1.386273,1.700843,30.450172,0.091719,0.184397,0.527722,7.720,0.967274,231.41,114.79,85.0,0.015379,0.984621,0,1,0.000000,0.000000,0.000000
2.342385,7442.948428,0.173505,15.880832,61.352383,48.000000,0.588020,1.450000,0.000000,8.790546,0.709477,95.099941,1.250000,1.709922,24.186370,0.147814,0.330542,0.655683,9.664,0.898298,350.05,215.75,89.1,0.013602,0.986398,0,1,0.000000,0.000000,0.000000
2.360114,6014.497903,0.276522,10.977333,82.000000,44.274479,0.908253,1.130209,0.079811,7.925507,0.713241,96.380086,1.325248,1.722072,33.490381,0.407029,0.320438,0.556924,11.018,1.229445,401.65,210.27,89.5,0.015705,0.984295,1,1,0.000000,0.000000,0.000000
2.784783,7800.000000,0.361748,10.946194,77.019837,45.231121,0.566504,1.373066,0.116400,8.800000,0.860630,42.000000,1.571362,1.582372,28.738063,0.229896,0.546781,0.675128,18.028,1.202550,682.19,432.93,99.2,0.009111,0.990889,0,1,0.000000,0.000000,0.000000
3.000000,7800.000000,0.326546,10.405191,77.701062,48.000000,0.575721,1.276564,0.181389,8.800000,0.911230,42.000000,1.738076,1.496159,35.080577,0.675504,0.563409,0.703134,17.922,1.408076,714.62,472.32,101.7,0.009112,0.990888,1,1,0.000000,0.000000,0.000000
1.997490,7027.492548,0.114121,11.577182,80.406485,25.191399,0.550000,1.187957,0.052071,7.743520,0.837299,72.258133,1.310442,1.724239,26.023800,0.198360,0.462451,0.585513,18.725,0.737476,647.25,356.23,102.6,0.009441,0.990559,0,1,0.000000,0.000000,0.000000
1.888133,7049.554092,0.256305,10.000000,79.209683,20.447358,0.899062,1.031623,0.000000,8.800000,0.907584,42.000000,1.706864,1.637959,35.676519,0.479153,0.387292,0.504103,15.766,1.087901,682.44,323.38,97.9,0.009112,0.990888,1,1,0.000000,0.000000,0.000000
2.815138,5509.737394,0.293174,10.594782,67.754196,24.101544,0.847846,1.201264,0.000000,8.256355,0.837878,75.579646,1.256094,1.909960,22.637949,0.127469,0.279111,0.555985,10.303,1.265521,411.67,215.15,104.9,0.013142,0.986858,0,1,0.000000,0.000000,0.000000
2.623373,4864.397939,0.313019,15.067872,67.434118,35.648878,0.842419,1.210942,0.165661,8.551618,0.803253,93.594013,1.250000,1.952769,18.000000,0.098095,0.204798,0.463049,9.215,0.813593,347.71,151.34,100.7,0.015842,0.984158,0,1,0.000000,0.000000,0.000000
2.374048,7800.000000,0.173743,11.265880,60.345237,19.712571,0.591081,1.081227,0.016736,8.800000,0.657396,88.428939,1.611658,1.684271,41.140724,0.556782,0.459296,0.705586,10.520,1.189344,418.82,277.78,81.5,0.013436,0.986564,1,1,0.000000,0.000000,0.000000
3.000000,6716.547556,0.238131,10.251487,62.067924,20.271973,0.644605,1.011244,0.000000,8.800000,0.628601,104.617171,1.372630,1.860561,33.857479,0.130963,0.281967,0.725497,7.086,1.212270,239.11,163.07,79.1,0.015433,0.984567,0,1,0.000000,0.000000,0.000000
3.000000,7545.919889,0.207168,12.460809,76.230860,30.741822,0.696745,1.450000,0.206122,7.940125,0.829992,85.518543,1.287118,1.714771,42.000000,0.192060,0.451416,0.690803,11.031,1.245389,530.83,344.70,101.6,0.012895,0.987105,0,1,0.000000,0.000000,0.000000
2.602339,6185.094789,0.197369,12.108557,59.287525,46.179293,0.705107,1.000000,0.190407,8.706484,0.807356,49.678854,1.573165,1.608688,42.000000,0.206188,0.487317,0.623471,15.956,1.684983,617.62,361.96,96.3,0.005548,0.994452,0,1,0.000000,0.000000,0.000000
2.480537,6477.952442,0.080000,10.668344,54.583042,41.551991,0.919340,1.219768,0.071730,8.453553,0.683495,87.829387,1.515517,1.573669,32.903426,0.513218,0.420625,0.652335,10.203,1.910591,431.34,264.50,84.5,0.014017,0.985983,1,1,0.000000,0.000000,0.000000
3.000000,6275.470796,0.312336,12.600168,62.997802,20.230227,0.729057,1.059499,0.296161,8.800000,0.620000,42.000000,1.665371,1.304407,36.510823,0.469258,0.380907,0.660791,7.744,1.162492,349.79,217.27,78.0,0.009113,0.990887,1,1,0.000000,0.000000,0.000000
2.378571,7535.103317,0.379900,10.000000,58.801756,47.741780,0.864478,1.360509,0.249553,8.269753,0.651144,89.350204,1.339505,1.823368,41.347347,0.524324,0.429522,0.658640,11.056,1.944965,415.60,257.31,78.7,0.013640,0.986360,1,1,0.000000,0.000000,0.000000
3.000000,7800.000000,0.143572,10.000000,59.779880,24.847519,0.824726,1.209105,0.065990,8.441836,0.786947,110.000000,1.354770,1.721974,20.522493,0.551323,0.453585,0.729797,9.677,2.606786,478.70,328.39,94.5,0.013578,0.986422,1,1,0.000000,0.000000,0.000000
2.675368,4565.953411,0.208415,13.245031,78.990684,26.637345,0.773962,1.204129,0.275438,8.774778,0.805402,110.000000,1.292735,2.063812,30.094350,0.161890,0.372811,0.504325,14.693,0.804128,582.71,276.24,98.9,0.013484,0.986516,0,1,0.000000,0.000000,0.000000
1.626757,5967.570816,0.312989,14.990481,58.840334,18.000000,0.860199,1.095209,0.000000,8.762992,0.679104,97.247457,1.750000,1.568032,37.861425,0.286603,0.214049,0.417817,9.564,0.676295,340.50,133.73,89.8,0.011584,0.988416,1,1,0.000000,0.000000,0.000000
2.568014,6165.622327,0.294976,10.000000,82.000000,45.769561,0.550000,1.429240,0.000000,8.442474,0.643224,62.431279,1.279423,1.881655,23.682405,0.174454,0.399260,0.666425,12.933,0.882355,377.16,236.27,80.9,0.009390,0.990610,0,1,0.000000,0.000000,0.000000
2.869150,4955.047092,0.172445,11.574864,56.931754,23.275419,0.745207,1.109696,0.052222,7.994312,0.829576,95.385032,1.326209,1.607073,21.305983,0.466946,0.373413,0.563640,14.221,1.280639,537.90,284.99,102.8,0.016022,0.983978,1,1,0.000000,0.000000,0.000000
3.000000,6107.917750,0.318513,12.062744,79.276815,46.458135,0.550000,1.342813,0.016260,8.675517,0.922850,44.694119,1.595286,1.569351,35.587027,0.180618,0.414025,0.614457,16.435,0.974612,608.59,351.52,115.4,0.011014,0.988986,0,1,0.000000,0.000000,0.000000
2.985718,7800.000000,0.272334,10.907950,78.882077,45.204331,0.857338,1.236661,0.183044,8.029099,0.925350,97.257100,1.750000,1.416961,41.767221,0.459506,0.364341,0.667219,10.894,1.955025,494.55,310.17,115.7,0.013491,0.986509,1,1,0.000000,0.000000,0.000000
2.851613,6917.848803,0.357501,10.000000,78.909717,18.000000,0.556188,1.053801,0.000000,8.800000,0.798848,58.240524,1.547736,1.464812,42.000000,0.608453,0.504583,0.651076,15.892,0.946025,605.93,370.84,94.4,0.009334,0.990666,1,1,0.000000,0.000000,0.000000
2.654369,6188.346597,0.197466,11.086319,58.927296,38.563663,0.750578,1.000000,0.067184,8.800000,0.645752,94.494407,1.395466,1.300000,37.623529,0.431872,0.339527,0.665096,9.568,1.573352,322.64,201.71,81.2,0.013477,0.986523,1,1,0.000000,0.000000,0.000000
2.308762,5729.709796,0.176552,10.000000,58.978164,43.897368,0.767236,1.074246,0.017191,8.573877,0.907907,86.939958,1.518092,1.652509,41.356127,0.214867,0.502340,0.571446,22.925,1.391644,781.13,419.59,104.8,0.013580,0.986420,0,1,0.000000,0.000000,0.000000
2.807588,5403.538457,0.346541,10.000000,63.431803,21.300885,0.550000,1.007935,0.064554,8.770525,0.854367,50.254262,1.604447,1.734870,41.171217,0.528157,0.426366,0.575609,17.871,1.045270,619.38,335.13,106.7,0.011100,0.988900,1,1,0.000000,0.000000,0.000000
2.069487,6606.250056,0.114120,11.385982,52.868771,46.717239,0.779180,1.000000,0.223270,7.807046,0.925599,87.397563,1.601710,1.555605,19.437141,0.181282,0.411450,0.564802,20.657,1.260707,659.94,350.37,112.1,0.013857,0.986143,0,1,0.000000,0.000000,0.000000
2.431261,7157.607243,0.219659,13.947683,60.783633,44.131480,0.551903,1.407216,0.202105,8.800000,0.622720,99.472659,1.397772,1.785545,24.780963,0.148080,0.329061,0.685436,9.595,0.844989,292.59,188.52,78.4,0.015474,0.984526,0,1,0.000000,0.000000,0.000000
3.000000,7357.529336,0.349306,10.000000,65.468298,19.229551,0.573297,1.259903,0.071530,8.710466,0.950000,58.490351,1.496457,1.891867,42.000000,0.218349,0.515894,0.669968,17.182,1.383022,715.96,450.89,100.5,0.009347,0.990653,0,1,0.000000,0.000000,0.000000
2.183799,6841.289796,0.281990,10.012628,80.334192,19.514396,0.750768,1.067545,0.000000,8.800000,0.852588,61.257633,1.558067,1.542715,39.046179,0.166765,0.383244,0.551694,14.546,1.019512,579.66,300.61,106.7,0.011240,0.988760,0,1,0.000000,0.000000,0.000000
2.050119,7664.572079,0.190256,10.586825,76.385474,22.979047,0.661794,1.313844,0.038747,8.800000,0.854221,42.000000,1.685220,1.755047,38.496642,0.559966,0.460706,0.605638,15.405,1.083094,635.98,362.06,93.1,0.009113,0.990887,1,1,0.000000,0.000000,0.000000
2.890767,7189.646806,0.318329,10.000000,79.535116,48.000000,0.950000,1.433154,0.000000,7.723948,0.688682,98.110970,1.674682,1.617263,37.019885,0.363748,0.276562,0.669536,6.812,1.950356,278.42,175.23,86.5,0.015488,0.984512,1,1,0.000000,0.000000,0.000000
1.944206,7800.000000,0.103712,13.334025,52.151380,45.763279,0.766874,1.125101,0.302118,8.800000,0.620000,67.329686,1.319420,1.479761,32.649053,0.481719,0.392515,0.641667,8.935,1.677191,371.19,223.89,78.0,0.009472,0.990528,1,1,0.000000,0.000000,0.000000
2.558451,4730.092332,0.212969,14.581221,68.993839,30.100166,0.842837,1.075393,0.153586,8.726451,0.621166,108.594837,1.411541,1.850029,21.248821,0.338735,0.261011,0.518564,8.119,0.867284,306.00,149.16,78.2,0.015441,0.984559,1,1,0.000000,0.000000,0.000000
2.613578,7128.206485,0.352677,11.637994,56.392426,39.027094,0.550000,1.434939,0.101971,7.939908,0.862267,98.013041,1.750000,1.449366,31.969928,0.186221,0.424310,0.631429,18.618,1.291097,567.10,336.60,107.9,0.015623,0.984377,0,1,0.000000,0.000000,0.000000
2.443393,7058.578481,0.293094,10.000000,79.463184,22.343708,0.563856,1.021805,0.122243,8.800000,0.946860,42.000000,1.680398,1.663208,32.574801,0.744794,0.634636,0.631259,19.829,1.225696,931.67,552.84,100.5,0.009112,0.990888,1,1,0.000000,0.000000,0.000000
2.811307,4743.926554,0.238401,16.945011,82.000000,47.472912,0.648216,1.208506,0.290539,8.623290,0.778056,94.709149,1.421020,1.520152,28.715077,0.099819,0.207236,0.521422,8.123,0.510817,302.65,148.34,99.2,0.015591,0.984409,0,1,0.000000,0.000000,0.000000
3.000000,6776.483041,0.274912,10.997193,82.000000,22.589105,0.891897,1.409561,0.123381,8.800000,0.936939,105.148458,1.593149,1.629816,22.751435,0.381577,0.292355,0.608343,10.277,1.396277,440.69,252.01,117.2,0.015405,0.984595,1,1,0.000000,0.000000,0.000000
2.545021,6970.168086,0.286587,11.683849,62.881395,40.172811,0.679937,1.218878,0.134697,8.071159,0.844434,80.021976,1.250000,1.628199,19.251117,0.163918,0.371695,0.618617,13.577,1.422669,496.58,288.76,105.7,0.015695,0.984305,0,1,0.000000,0.000000,0.000000
2.839365,5283.858468,0.166389,12.031376,58.549241,46.930458,0.842673,1.157055,0.000000,8.034152,0.736023,110.000000,1.270077,1.651562,18.000000,0.168151,0.387468,0.592971,12.763,1.419367,470.71,262.37,92.4,0.013839,0.986161,0,1,0.000000,0.000000,0.000000
1.963421,7530.672002,0.210827,11.356295,53.823595,48.000000,0.591057,1.025504,0.000000,8.800000,0.806393,42.000000,1.250000,1.451853,24.636606,0.234303,0.554690,0.619489,22.593,1.664485,706.68,411.51,97.8,0.009113,0.990887,0,1,0.000000,0.000000,0.000000
2.492976,5481.721395,0.421004,16.911739,67.974367,47.850208,0.615093,1.446606,0.000000,7.906850,0.713301,106.824348,1.250000,1.360066,38.341897,0.399678,0.313544,0.514788,12.475,0.570693,425.21,205.76,89.5,0.013870,0.986130,1,1,0.000000,0.000000,0.000000
2.125970,7800.000000,0.366050,10.000000,66.857504,48.000000,0.550000,1.432630,0.203689,8.782875,0.901933,93.185686,1.537111,1.575621,38.141480,0.170122,0.370460,0.610321,23.388,1.135106,535.82,307.40,112.8,0.015668,0.984332,0,1,0.000000,0.000000,0.000000
2.919013,6423.108025,0.245742,11.812821,79.816924,45.858409,0.565056,1.450000,0.119113,8.800000,0.901188,44.184819,1.608775,1.602811,39.027749,0.158575,0.356547,0.642116,12.577,1.055883,489.76,295.61,112.5,0.010996,0.989004,0,1,0.000000,0.000000,0.000000
3.000000,6210.644402,0.137372,13.143886,61.557806,19.707340,0.806214,1.150121,0.089176,8.800000,0.736700,58.772989,1.676189,1.875572,36.034698,0.428428,0.341708,0.642301,7.668,1.511983,383.59,231.60,92.2,0.011201,0.988799,1,1,0.000000,0.000000,0.000000
1.879771,7159.840554,0.226593,11.801471,75.540987,23.047379,0.632655,1.335611,0.047740,7.999549,0.861297,93.037954,1.750000,1.631396,39.838898,0.142897,0.318170,0.530192,13.847,0.766676,505.87,252.12,107.8,0.009422,0.990578,0,1,0.000000,0.000000,0.000000
2.564256,7800.000000,0.151091,14.246699,60.954402,46.644665,0.550000,1.433813,0.298505,8.556906,0.626784,66.237828,1.475232,1.548973,32.974807,0.081387,0.149287,0.705711,3.396,0.775685,129.77,86.08,80.1,0.015249,0.984751,0,1,0.000000,0.000000,0.000000
2.244764,7800.000000,0.249152,12.228229,56.351250,47.195716,0.809137,1.147990,0.008396,8.020255,0.620000,61.869702,1.271310,1.469840,27.226794,0.170661,0.397408,0.665032,8.496,1.951485,362.61,226.68,78.0,0.009415,0.990585,0,1,0.000000,0.000000,0.000000
3.000000,5468.200283,0.184867,12.206614,65.208202,23.548404,0.704143,1.025195,0.042043,7.953527,0.807738,102.571323,1.693227,1.669698,21.213083,0.501901,0.406920,0.598094,13.566,1.118702,537.86,302.39,100.5,0.014036,0.985964,1,1,0.000000,0.000000,0.000000
3.000000,6043.423245,0.268709,11.429553,82.000000,37.164962,0.826665,1.180252,0.287649,8.393843,0.820011,90.952143,1.310835,1.885441,31.700337,0.426615,0.337207,0.615969,10.065,1.355599,439.36,254.39,102.7,0.009949,0.990051,1,1,0.000000,0.000000,0.000000
2.489005,6550.985411,0.184449,10.873931,62.791696,18.000000,0.629173,1.386034,0.034308,8.800000,0.841167,93.855428,1.260769,1.884067,42.000000,0.521516,0.423022,0.617181,14.560,1.199393,564.28,327.37,99.9,0.013469,0.986531,1,1,0.000000,0.000000,0.000000
1.702411,7635.806315,0.197677,13.012118,54.608955,44.677805,0.903377,1.207413,0.128043,8.097621,0.728097,92.564291,1.250000,1.761919,35.195928,0.125660,0.275725,0.535836,10.218,1.124267,366.68,184.69,91.4,0.015704,0.984296,0,1,0.000000,0.000000,0.000000
2.818139,7800.000000,0.332188,10.694935,59.563084,48.000000,0.645683,1.073949,0.313784,8.800000,0.620000,64.944428,1.716825,1.820268,25.668901,0.506379,0.410085,0.749281,8.176,1.622179,332.11,233.91,77.8,0.005791,0.994209,1,1,0.000000,0.000000,0.000000
2.614606,4781.712493,0.128969,14.421270,57.486017,37.261038,0.688731,1.161146,0.413312,8.800000,0.857796,93.697078,1.375605,1.726249,23.391040,0.536134,0.437509,0.541980,17.634,1.188025,677.72,345.27,106.6,0.013444,0.986556,1,1,0.000000,0.000000,0.000000
2.773099,7697.663147,0.153241,10.000000,77.071304,48.000000,0.639524,1.109839,0.000000,8.800000,0.751041,50.913980,1.750000,1.876404,41.158459,0.592470,0.490181,0.742805,11.432,1.469127,485.07,338.69,83.6,0.009261,0.990739,1,1,0.000000,0.000000,0.000000
2.564653,6186.757559,0.163506,11.933142,63.844000,42.781123,0.793435,1.080457,0.333483,8.704999,0.818975,102.620980,1.653358,1.300000,32.815389,0.505799,0.409020,0.611663,13.923,1.547735,536.00,308.18,102.6,0.013578,0.986422,1,1,0.000000,0.000000,0.000000
2.768737,5872.411334,0.141561,10.231381,57.979284,27.346280,0.608310,1.124672,0.534167,8.423796,0.668568,63.776909,1.268348,1.683494,35.843379,0.123625,0.268177,0.460479,14.099,0.833227,381.08,164.95,84.0,0.013033,0.986967,0,1,0.000000,0.000000,0.000000
2.733632,7120.598448,0.282687,10.484470,76.156549,26.175837,0.550000,1.229123,0.196160,8.779790,0.873911,106.335708,1.250000,1.853340,20.912041,0.198067,0.458322,0.651685,17.724,0.961736,601.53,368.49,109.4,0.013613,0.986387,0,1,0.000000,0.000000,0.000000
2.603757,5554.969869,0.137745,10.000000,50.000000,45.724518,0.744200,1.291505,0.072710,7.977270,0.620000,67.950711,1.268639,1.457233,18.000000,0.445178,0.352240,0.655840,10.236,1.898020,325.91,200.92,78.0,0.011545,0.988455,1,1,0.000000,0.000000,0.000000
2.676681,7668.040284,0.178146,11.024219,67.261961,48.000000,0.550000,1.000000,0.088901,8.627922,0.950000,42.000000,1.570786,1.593094,20.967838,0.247903,0.591234,0.689997,20.930,1.574251,796.70,516.74,108.9,0.009128,0.990872,0,1,0.000000,0.000000,0.000000
2.561028,6336.473861,0.277048,10.758236,53.940066,48.000000,0.872809,1.132240,0.000000,8.323351,0.622808,80.156595,1.334192,1.496075,32.667874,0.357838,0.272718,0.646860,6.686,1.847252,256.99,156.26,78.4,0.011426,0.988574,1,1,0.000000,0.000000,0.000000
2.457008,7800.000000,0.133192,12.592645,72.268649,45.773423,0.565480,1.237243,0.049228,8.800000,0.907470,61.545788,1.539087,1.811263,24.155287,0.228381,0.542988,0.671567,17.902,1.204045,718.11,453.33,108.3,0.009383,0.990617,0,1,0.000000,0.000000,0.000000
2.220612,6561.963679,0.243715,14.132726,81.597561,18.474948,0.578362,1.000000,0.000000,8.681061,0.938942,49.750605,1.690038,1.544737,33.653220,0.252870,0.624709,0.510810,18.456,0.890748,1123.87,539.64,113.6,0.009305,0.990695,0,1,0.000000,0.000000,0.000000
3.000000,7800.000000,0.123097,10.000000,52.224364,41.439753,0.674326,1.051306,0.253086,7.595242,0.709950,99.099747,1.507401,1.544095,35.366239,0.345329,0.252114,0.732575,7.304,1.820602,239.13,164.67,89.1,0.015847,0.984153,1,1,0.000000,0.000000,0.000000
2.487046,6696.206212,0.080000,17.252888,52.229102,44.508985,0.694030,1.170301,0.107202,8.507781,0.699911,97.238367,1.331321,1.484959,30.224738,0.400836,0.315630,0.622453,7.705,1.133821,347.36,203.24,87.9,0.013054,0.986946,1,1,0.000000,0.000000,0.000000
2.674961,7035.883349,0.387289,10.000000,58.425201,36.502067,0.900086,1.391022,0.168476,8.538442,0.639838,75.948195,1.473090,1.725958,35.069161,0.506309,0.414184,0.663686,9.515,1.995277,390.81,243.81,77.9,0.009299,0.990701,1,1,0.000000,0.000000,0.000000
3.000000,7800.000000,0.335189,10.000000,80.621195,44.600517,0.570737,1.321197,0.056384,8.435571,0.847956,43.554219,1.560692,1.817717,36.726382,0.226862,0.539312,0.726709,15.364,1.321112,615.90,420.73,92.1,0.009166,0.990834,0,1,0.000000,0.000000,0.000000
2.692327,6385.824944,0.330203,14.784733,60.976308,42.225500,0.746372,1.106550,0.490227,8.069497,0.857754,108.018191,1.309192,1.587875,21.067437,0.439482,0.347315,0.569154,13.317,1.212323,512.29,274.08,107.4,0.013832,0.986168,1,1,0.000000,0.000000,0.000000
2.739084,5111.903952,0.297319,10.778943,82.000000,44.592844,0.550000,1.379864,0.197031,8.532922,0.950000,99.863851,1.277638,1.373646,19.188421,0.128019,0.264082,0.539208,19.275,0.669666,455.37,230.81,118.8,0.015652,0.984348,0,1,0.000000,0.000000,0.000000
2.475179,7104.420881,0.161903,11.472955,59.748397,43.819920,0.880260,1.232909,0.045790,7.822099,0.864044,101.912651,1.750000,1.475478,18.470521,0.480555,0.384504,0.615087,13.422,1.543025,528.64,305.65,106.4,0.015788,0.984212,1,1,0.000000,0.000000,0.000000
2.366130,6831.202696,0.103379,10.653281,60.352644,44.545778,0.816627,1.168328,0.366979,8.800000,0.646530,62.355779,1.333948,1.742556,39.739383,0.372903,0.286090,0.668309,6.674,2.104491,270.88,170.17,81.3,0.011367,0.988633,1,1,0.000000,0.000000,0.000000
2.728138,5017.214617,0.161959,10.000000,79.594011,23.251594,0.766158,1.000407,0.126410,8.599188,0.862058,96.352659,1.522895,1.669224,23.488259,0.542199,0.442729,0.556707,17.467,1.092214,670.98,351.13,104.2,0.013697,0.986303,1,1,0.000000,0.000000,0.000000
3.000000,7454.998997,0.135875,10.300965,71.999326,46.968554,0.791941,1.083206,0.331343,8.778816,0.665965,82.598127,1.337660,1.751409,28.329053,0.512678,0.417748,0.748334,7.531,1.925019,363.86,255.95,81.0,0.013418,0.986582,1,1,0.000000,0.000000,0.000000
2.760025,7800.000000,0.080000,10.000000,59.939319,21.282415,0.950000,1.382499,0.226496,8.631319,0.663844,42.000000,1.368074,1.626094,40.998696,0.443687,0.355259,0.705457,5.996,2.619382,327.19,216.97,78.0,0.009128,0.990872,1,1,0.000000,0.000000,0.000000
2.242566,7800.000000,0.212295,12.106933,68.887925,39.652655,0.642668,1.169410,0.000000,8.622654,0.850130,86.733726,1.282388,1.587566,36.102423,0.148499,0.330054,0.632153,11.829,1.186887,434.42,258.14,106.4,0.015470,0.984530,0,1,0.000000,0.000000,0.000000
2.650449,7704.580314,0.085286,10.000000,54.675556,48.000000,0.888078,1.365073,0.071619,8.087693,0.732677,96.735102,1.351169,1.700628,41.875178,0.431092,0.337072,0.709858,8.616,2.375882,340.51,227.21,91.9,0.015415,0.984585,1,1,0.000000,0.000000,0.000000
2.910496,7281.150626,0.213581,11.164687,69.343011,23.801219,0.648531,1.320184,0.037693,7.787895,0.845914,92.741830,1.750000,1.396964,37.925807,0.573627,0.472617,0.676415,13.449,1.294007,578.47,367.81,104.7,0.012748,0.987252,1,1,0.000000,0.000000,0.000000
2.316004,5321.477454,0.146577,10.949948,54.411296,44.771562,0.804591,1.416980,0.493986,8.598737,0.824729,84.964038,1.274073,1.424815,40.001915,0.164174,0.369685,0.563578,17.149,1.275450,529.48,280.50,103.3,0.015415,0.984585,0,1,0.000000,0.000000,0.000000
2.324962,7046.203861,0.292230,10.000000,60.500737,18.000000,0.884844,1.195571,0.000000,8.380962,0.695283,42.000000,1.484378,1.517307,33.918131,0.173447,0.405295,0.603397,10.998,1.613137,457.08,259.25,83.6,0.009137,0.990863,0,1,0.000000,0.000000,0.000000
2.759187,7800.000000,0.399966,10.000000,56.218107,21.217538,0.751564,1.059158,0.377841,8.532102,0.880430,42.000000,1.592716,1.562697,42.000000,0.200479,0.472329,0.645237,14.424,1.951427,630.78,382.58,96.1,0.009133,0.990867,0,1,0.000000,0.000000,0.000000
2.362602,4955.795652,0.202660,10.000000,82.000000,45.062268,0.742719,1.122921,0.271910,8.420901,0.712445,87.571824,1.528085,1.331270,34.426865,0.173069,0.398168,0.558747,15.808,1.020236,496.89,260.98,89.4,0.013542,0.986458,0,1,0.000000,0.000000,0.000000
2.857191,7705.882329,0.336319,10.000000,76.036293,37.365304,0.713106,1.265128,0.268701,8.800000,0.941683,42.000000,1.750000,1.385349,34.072860,0.619511,0.513746,0.651988,16.803,1.599666,726.23,445.08,105.4,0.009112,0.990888,1,1,0.000000,0.000000,0.000000
2.536451,6633.114555,0.116186,10.000000,76.447224,23.788013,0.591208,1.000116,0.255073,8.521905,0.846056,97.878197,1.707212,1.744862,30.752468,0.174251,0.396166,0.649120,14.883,1.028900,505.37,308.36,105.9,0.013674,0.986326,0,1,0.000000,0.000000,0.000000
2.814741,6214.857974,0.330521,12.047502,60.473241,47.991205,0.575042,1.020805,0.129272,8.708952,0.863349,52.256421,1.541313,1.368412,42.000000,0.209039,0.488154,0.616891,19.874,1.403434,668.64,387.73,107.8,0.011141,0.988859,0,1,0.000000,0.000000,0.000000
3.000000,7800.000000,0.096540,10.000000,50.000000,36.195770,0.836078,1.089028,0.230829,8.800000,0.703342,82.533404,1.250000,1.603391,27.192778,0.425777,0.332383,0.754933,6.500,3.057557,303.08,215.08,88.3,0.013513,0.986487,1,1,0.000000,0.000000,0.000000
2.637782,5504.946075,0.338696,11.204658,53.079150,21.182830,0.550000,1.397035,0.000000,8.755354,0.876906,62.022081,1.610897,1.666373,39.572648,0.141845,0.313206,0.534538,14.652,1.097700,502.88,252.68,109.7,0.013114,0.986886,0,1,0.000000,0.000000,0.000000
2.588665,7800.000000,0.080000,10.394529,53.245360,42.368475,0.895232,1.169530,0.141511,8.720169,0.735204,47.011699,1.492288,1.684675,38.168905,0.425299,0.334831,0.700655,7.208,2.513072,343.87,226.48,92.3,0.009212,0.990788,1,1,0.000000,0.000000,0.000000
2.647964,7800.000000,0.127297,11.926656,53.407778,47.199615,0.565894,1.429682,0.068420,8.800000,0.620000,61.909206,1.250000,1.914824,42.000000,0.396628,0.304323,0.758768,5.802,1.437679,243.38,173.59,78.0,0.011415,0.988585,1,1,0.000000,0.000000,0.000000
2.416109,7081.982014,0.182207,12.114842,63.151667,19.431042,0.563476,1.080760,0.147728,8.800000,0.782685,55.518179,1.560259,1.694058,34.558117,0.163222,0.372850,0.640917,11.113,1.042372,445.63,268.48,98.1,0.011175,0.988825,0,1,0.000000,0.000000,0.000000
3.000000,6909.072589,0.287213,10.783023,68.870660,48.000000,0.819573,1.262694,0.366738,7.725151,0.701712,82.859882,1.343169,1.659111,36.040979,0.509955,0.415532,0.688977,9.653,1.934565,414.21,268.26,86.3,0.012902,0.987098,1,1,0.000000,0.000000,0.000000
2.929558,7800.000000,0.106565,12.534116,66.031516,46.814501,0.554768,1.204540,0.088982,8.800000,0.723825,56.543283,1.713625,1.860299,42.000000,0.577786,0.477702,0.757038,9.760,1.234921,447.03,318.11,87.1,0.009326,0.990674,1,1,0.000000,0.000000,0.000000
2.123738,7794.706963,0.249383,11.841914,55.107918,38.823152,0.565957,1.438682,0.229922,8.725753,0.877318,63.910216,1.326401,1.613366,24.717531,0.163609,0.365842,0.620031,16.005,1.430144,506.64,295.28,109.8,0.011211,0.988789,0,1,0.000000,0.000000,0.000000
3.000000,6951.480431,0.284850,10.000000,82.000000,45.020378,0.550000,1.060476,0.123521,7.860520,0.785114,93.296151,1.522717,1.574844,23.743249,0.605262,0.496870,0.699783,16.205,1.055432,545.60,358.89,95.5,0.013800,0.986200,1,1,0.000000,0.000000,0.000000
2.426123,7800.000000,0.119418,10.199852,56.627570,44.279303,0.950000,1.425740,0.186080,8.708815,0.667590,100.635936,1.250000,1.604466,23.915183,0.107403,0.219460,0.690304,6.091,1.963232,207.72,134.79,83.9,0.015536,0.984464,0,1,0.000000,0.000000,0.000000
3.000000,7202.227281,0.123068,10.000000,76.858049,18.000000,0.550000,1.266443,0.109569,8.800000,0.882071,50.066788,1.650801,1.785758,33.209136,0.506986,0.407351,0.714697,11.230,1.202302,492.05,330.57,110.1,0.011104,0.988896,1,1,0.000000,0.000000,0.000000
2.153558,7800.000000,0.258138,10.945353,63.853905,18.000000,0.550000,1.054270,0.123615,8.238467,0.845107,52.440543,1.750000,1.351789,28.410883,0.148487,0.331977,0.603024,12.015,1.034729,455.35,258.11,105.8,0.011172,0.988828,0,1,0.000000,0.000000,0.000000
1.896953,7800.000000,0.128254,12.106888,56.403543,25.843370,0.644693,1.000000,0.169795,8.800000,0.686176,91.583589,1.654060,1.553842,42.000000,0.132666,0.291195,0.631931,8.648,1.185678,309.46,183.83,86.2,0.015405,0.984595,0,1,0.000000,0.000000,0.000000
2.511351,7010.219996,0.181332,10.573123,67.946403,48.000000,0.817145,1.000000,0.257451,8.800000,0.827329,49.219230,1.353524,1.692573,42.000000,0.408977,0.318352,0.644171,9.546,1.942777,400.17,242.31,103.6,0.011100,0.988900,1,1,0.000000,0.000000,0.000000
3.000000,6665.527984,0.199411,12.769072,64.307785,20.820325,0.594406,1.407597,0.143787,7.926243,0.770001,92.700879,1.750000,1.971242,42.000000,0.513207,0.416928,0.669547,11.358,1.003973,469.28,295.35,94.2,0.012945,0.987055,1,1,0.000000,0.000000,0.000000
2.118095,6808.298808,0.402465,11.333372,59.709306,23.390611,0.793504,1.002021,0.474882,8.213714,0.659357,93.553343,1.656601,1.985015,42.000000,0.415677,0.329086,0.562238,10.806,1.240814,377.72,199.63,81.2,0.015762,0.984238,1,1,0.000000,0.000000,0.000000
2.746139,5769.645617,0.286695,10.585092,54.285554,34.855090,0.750650,1.075757,0.409194,8.212684,0.756120,103.849775,1.726501,1.300000,20.514786,0.135535,0.291000,0.606329,13.868,1.297361,355.17,202.43,94.8,0.015794,0.984206,0,1,0.000000,0.000000,0.000000
3.000000,6559.569260,0.239743,10.000000,61.638325,19.449773,0.709589,1.030359,0.253959,8.162403,0.856451,105.407689,1.449452,1.699849,24.087890,0.573011,0.471362,0.652246,14.735,1.623061,605.77,371.40,102.5,0.013734,0.986266,1,1,0.000000,0.000000,0.000000
3.000000,6763.329169,0.129956,10.834401,56.676475,46.471264,0.804576,1.057566,0.369333,8.018432,0.620000,105.133767,1.656379,1.345699,32.307822,0.483404,0.390595,0.730252,7.194,2.275900,324.57,222.80,78.0,0.014028,0.985972,1,1,0.000000,0.000000,0.000000
1.027871,5015.350878,0.428294,20.954999,80.541642,22.488177,0.920806,1.055345,0.306710,8.254406,0.890718,100.559131,1.657746,2.035530,30.727263,0.184213,0.114703,0.173633,13.174,0.423615,230.01,93.99,114.1,0.012507,0.987493,1,1,0.950000,0.168825,0.021059
2.473804,5390.891111,0.123595,14.228039,52.907428,38.772906,0.854846,1.278427,0.962271,8.523789,0.783849,61.196165,1.625987,1.900338,29.894515,0.467925,0.326225,0.405797,17.716,0.834782,349.62,235.25,98.3,0.010904,0.989096,1,1,0.950000,0.002777,0.038269
1.110518,2851.761413,0.286076,12.654462,60.489499,34.593469,0.568604,1.306272,0.802140,8.422860,0.696496,106.196884,1.737617,1.821716,33.200105,-0.112579,0.047311,0.063044,24.629,0.089250,327.00,30.32,88.6,0.015352,0.984648,1,1,0.475133,0.481474,0.021519
0.816601,7189.734652,0.234548,12.120008,51.526527,31.073473,0.748920,1.337019,0.893954,7.970386,0.875725,57.561751,1.321484,1.454777,25.420401,0.139318,0.205396,0.224542,25.000,0.391998,431.71,165.48,109.6,0.010034,0.989966,1,1,0.950000,0.166124,0.008427
1.519958,4215.916071,0.352625,14.615039,73.482943,26.639940,0.608041,1.438162,0.067683,8.459918,0.854648,51.930390,1.273154,1.632479,22.014168,0.269199,0.231307,0.258927,23.158,0.393293,401.26,181.87,107.0,0.010067,0.989933,1,1,0.950000,0.006530,0.034982
2.351903,6255.950973,0.167426,21.310662,69.146470,35.925035,0.717553,1.195047,0.045718,8.670545,0.934827,64.806334,1.285742,2.203654,35.897891,0.498391,0.341694,0.489002,12.562,1.329534,365.98,293.87,116.9,0.011793,0.988207,1,1,0.950000,0.005371,0.036251
0.252263,4145.695204,0.411740,12.011791,66.343829,24.142559,0.578855,1.148294,0.015890,8.501869,0.900245,75.318942,1.511293,2.009678,34.672187,-0.082801,0.045688,0.050698,25.000,0.104435,359.27,37.84,112.6,0.010232,0.989768,1,1,0.950000,0.320065,0.000000
0.225080,2602.691468,0.174793,22.410400,70.031916,27.604883,0.651214,1.007525,0.717530,8.301497,0.680259,95.685870,1.513075,1.912067,28.780924,0.010559,0.005813,0.010750,13.723,0.010422,365.86,3.64,88.7,0.013382,0.986618,1,1,0.950000,0.537625,0.028751
1.275918,3357.083223,0.182342,20.735092,76.379070,29.205197,0.624645,1.172433,0.525717,8.798554,0.816527,71.145891,1.715675,1.528496,32.430347,0.138707,0.098282,0.133752,18.241,0.191326,332.65,73.83,102.3,0.011137,0.988863,1,1,0.950000,0.275594,0.032181
0.407236,4732.727318,0.247123,18.582974,65.642020,32.211656,0.862392,1.160427,0.917265,7.460400,0.919649,52.392884,1.457922,2.051815,37.687832,0.060797,0.041089,0.054436,19.338,0.066474,432.78,34.76,115.0,0.010088,0.989912,1,1,0.950000,0.306557,0.046730
1.754988,5753.426700,0.256041,11.039048,62.919243,43.926829,0.724426,1.443982,0.118345,8.380086,0.689321,99.570943,1.541167,1.622640,34.923123,0.076000,0.000000,0.000000,14.808,0.000000,258.91,0.00,86.6,0.015597,0.984403,1,1,0.950000,0.000000,0.000000
0.900414,6895.175846,0.437477,21.925390,78.189390,29.802778,0.695589,1.067283,0.509475,8.259338,0.660600,43.206631,1.689289,2.128871,23.541668,0.071036,0.054984,0.102974,11.671,0.747150,46.33,33.42,83.1,0.011455,0.988545,1,1,0.950000,0.429411,0.053425
2.970203,5227.842446,0.297240,14.186273,54.035269,37.250170,0.754267,1.396434,0.658508,8.593279,0.904378,55.510003,1.564320,2.372883,36.332525,0.412325,0.333586,0.387148,22.743,0.697211,445.84,277.55,112.9,0.010037,0.989963,1,1,0.950000,0.001528,0.032978
1.812461,6054.076008,0.317941,10.453848,53.863478,36.380342,0.887135,1.281836,0.605303,8.004869,0.926113,56.701106,1.705764,2.289100,34.193293,0.227697,0.286843,0.325945,25.000,1.424982,195.66,244.40,116.7,0.015128,0.984872,1,1,0.790479,0.147804,0.041553
1.323541,5479.102395,0.441311,15.108262,64.695373,20.839821,0.635574,1.096659,0.422041,7.802353,0.847031,89.604361,1.421835,2.327559,39.957589,0.177380,0.136434,0.234255,16.662,0.542458,240.44,106.32,106.2,0.012820,0.987180,1,1,0.950000,0.472677,0.028301
2.776473,2472.007360,0.205374,21.813153,75.499770,19.197428,0.832773,1.128572,0.994823,7.667289,0.807809,102.323380,1.260647,1.346139,30.055004,0.069758,0.051155,0.098634,11.426,0.591675,73.59,38.02,104.0,0.014403,0.985597,1,1,0.950000,0.442638,0.026896
0.679629,3244.239259,0.361265,23.325641,57.183838,18.028693,0.892345,1.362782,0.862214,8.136134,0.748731,47.793584,1.473407,1.433054,40.366365,0.118220,0.038517,0.053880,12.814,0.081145,292.91,26.53,93.9,0.010784,0.989216,1,1,0.950000,0.000262,0.051229
2.416946,6640.901055,0.367623,22.949459,77.940611,21.327295,0.943830,1.349099,0.697008,7.427089,0.714362,60.585510,1.581640,1.400627,26.786896,0.001756,0.014510,0.078280,2.744,0.121199,97.33,9.54,89.7,0.010188,0.989812,1,1,0.702174,0.534649,0.091877
2.213748,6401.607343,0.328662,11.252713,60.048725,22.586734,0.661333,1.108709,0.156752,8.348980,0.835945,72.924038,1.399012,1.665616,36.951830,0.553862,0.403777,0.516569,18.502,1.393709,333.60,310.53,104.7,0.011725,0.988275,1,1,0.950000,0.069207,0.022920
2.919750,2664.054903,0.088920,19.700667,74.447907,37.744637,0.781592,1.043206,0.085887,8.095917,0.673367,69.976537,1.728192,1.559623,19.700216,0.004229,0.028127,0.050849,1.792,0.417155,57.60,17.42,84.6,0.013433,0.986567,1,1,0.165217,0.209314,0.029388
2.267063,5979.456993,0.306988,20.288525,50.200897,44.554556,0.703173,1.410328,0.195205,8.213154,0.634789,82.413548,1.554686,2.179079,20.169391,-0.004245,0.028414,0.071883,1.303,0.670165,43.45,16.59,85.6,0.014118,0.985882,1,1,0.165217,0.268601,0.022912
0.773745,4330.704906,0.268056,17.566784,67.891721,23.924629,0.828399,1.235701,0.731907,7.626873,0.734588,44.228275,1.348405,2.227416,41.390417,0.083779,0.060150,0.088376,15.184,0.162995,229.65,40.65,92.2,0.009184,0.990816,1,1,0.950000,0.307026,0.052663
1.709719,3678.591539,0.097842,10.054179,72.933547,45.977906,0.804501,1.303209,0.237087,7.411916,0.741560,107.241257,1.292250,1.374826,26.341018,0.076000,0.000000,0.000000,16.486,0.000000,169.39,0.00,93.0,0.017018,0.982982,1,1,0.950000,0.000000,0.000000
2.575105,6997.355527,0.114131,23.724604,57.329266,41.534359,0.558927,1.337953,0.213454,7.679969,0.762139,49.181991,1.438731,1.875121,32.382656,0.063986,0.067449,0.160219,2.962,0.878622,109.68,47.29,95.6,0.010811,0.989189,1,1,0.330435,0.245206,0.043825
1.966230,2229.537598,0.237795,17.208082,81.529836,32.940578,0.774459,1.030647,0.941148,8.579183,0.793421,97.521899,1.412468,2.366744,20.963432,0.178491,0.115659,0.153543,18.249,0.182592,409.76,84.43,99.4,0.013819,0.986181,1,1,0.950000,0.184558,0.023571
2.090319,7793.534230,0.388527,19.077147,61.956041,47.839319,0.738150,1.380691,0.798702,8.056576,0.620492,77.932064,1.334493,2.073167,39.473186,-0.041363,0.014115,0.034926,1.353,0.305841,36.47,8.06,82.4,0.011123,0.988877,1,1,0.165217,0.390689,0.036181
2.686419,6380.509158,0.105486,16.736175,80.239910,42.880521,0.798615,1.256893,0.293276,8.153000,0.945146,88.354194,1.363355,1.590938,41.992516,0.557394,0.386836,0.558577,12.541,2.480999,256.65,336.37,118.2,0.012823,0.987177,1,1,0.950000,0.002798,0.024906
0.991128,4651.333681,0.148204,13.448452,76.999582,30.147776,0.674646,1.315772,0.260889,7.892499,0.723934,109.885849,1.648385,1.782334,21.167844,0.046096,0.063794,0.139059,14.710,0.826686,57.35,42.49,90.9,0.016923,0.983077,1,1,0.434018,0.627533,0.029698
2.019539,2955.388466,0.214943,23.298634,55.704656,24.783290,0.931508,1.144752,0.431097,8.711863,0.822754,85.077788,1.430425,1.837098,37.939799,0.270226,0.157776,0.235926,11.477,0.446086,301.92,119.43,103.9,0.012377,0.987623,1,1,0.950000,0.000195,0.026795
1.646810,5568.893879,0.382096,15.991960,78.930001,19.759265,0.874399,1.240993,0.843002,7.360957,0.651550,92.534287,1.350449,1.317075,24.217612,-0.042413,0.010582,0.025241,2.197,0.125086,59.20,6.34,84.1,0.016722,0.983278,1,1,0.206522,0.535070,0.031220
2.603687,7440.867135,0.129941,19.171491,72.145653,34.247541,0.616959,1.212396,0.346293,8.640084,0.706955,79.518677,1.665510,1.717330,29.369406,0.104505,0.072137,0.161356,2.086,1.419984,84.77,46.92,89.4,0.014395,0.985605,1,1,0.371739,0.092951,0.024090
1.420043,3494.527851,0.335080,19.883540,51.640639,25.827043,0.587784,1.389490,0.571274,7.496977,0.752213,94.423709,1.594574,1.705556,27.036330,0.008757,0.012153,0.036911,9.403,0.042673,213.99,8.41,100.5,0.013550,0.986450,1,1,0.826087,0.724131,0.046766
1.939484,3961.842039,0.162321,13.555101,69.977757,40.998697,0.903358,1.020229,0.750254,7.759057,0.789844,77.268697,1.496175,1.489844,31.583696,0.347624,0.233456,0.288026,19.198,2.345221,75.22,169.64,99.0,0.014330,0.985670,1,1,0.950000,0.044068,0.030036
0.665899,7255.617304,0.341248,16.611601,55.066845,42.561101,0.847777,1.073509,0.579546,7.902902,0.664873,45.423247,1.534952,2.312126,18.531248,-0.031618,0.010267,0.014186,1.515,0.191639,31.22,6.28,83.6,0.013809,0.986191,1,1,0.082609,0.231931,0.043805
2.832106,4866.596293,0.398303,18.254285,58.353468,28.265143,0.769069,1.216880,0.490258,7.712945,0.861545,87.539120,1.609906,1.973251,23.066818,-0.019677,0.019131,0.041555,1.063,0.640890,40.94,15.16,109.0,0.015875,0.984125,1,1,0.123913,0.260847,0.029167
0.580207,3168.036663,0.413501,15.486324,63.628823,45.625294,0.918930,1.417537,0.377167,7.541840,0.641409,66.620249,1.303958,1.743634,18.992953,0.056358,0.042587,0.074834,14.957,0.262115,103.30,25.13,82.0,0.011046,0.988954,1,1,0.950000,0.468917,0.034936
1.506065,7583.521319,0.191195,11.589768,62.552816,39.415809,0.817518,1.088953,0.644946,7.961237,0.912119,84.252501,1.382890,1.955179,22.330362,0.283434,0.313237,0.369428,25.000,0.648458,426.93,262.85,114.1,0.013116,0.986884,1,1,0.950000,0.107666,0.024968
1.212817,3776.783825,0.218817,17.846729,71.086247,39.893880,0.592188,1.113444,0.370768,8.729683,0.832546,103.765148,1.686410,2.123980,25.188557,0.207527,0.198838,0.242241,22.979,0.342587,403.76,152.30,104.3,0.014039,0.985961,1,1,0.950000,0.170098,0.020055
0.340390,6775.439452,0.141713,12.975998,66.833463,33.467367,0.685311,1.264041,0.461618,7.833601,0.774063,68.302774,1.480546,1.510274,27.765529,0.031180,0.023296,0.057382,16.080,0.067769,208.42,16.59,97.6,0.013568,0.986432,1,1,0.950000,0.717826,0.065099
0.513921,4579.655265,0.279006,15.682321,59.364534,46.657637,0.649175,1.185115,0.149137,7.601723,0.879346,63.599200,1.614625,2.261948,38.864621,-0.075101,0.058646,0.086228,25.000,0.255385,203.31,47.44,110.0,0.012835,0.987165,1,1,0.950000,0.571896,0.044079
2.886240,7800.000000,0.110315,10.000000,65.460230,18.000000,0.942847,1.055008,0.042438,8.656026,0.631806,42.603877,1.449807,1.976678,36.171739,0.408233,0.266719,0.581044,4.427,2.568845,234.14,155.03,79.2,0.010666,0.989334,1,1,0.784783,0.003362,0.044162
2.377828,6944.581041,0.193161,10.000000,64.036291,18.000000,0.628201,1.187105,0.288185,8.702121,0.871781,45.712110,1.750000,1.899711,36.334326,0.639190,0.460851,0.620585,16.396,2.122791,320.90,369.62,108.8,0.009957,0.990043,1,1,0.950000,0.008637,0.040053
2.957573,7108.846045,0.198845,10.000000,74.554941,22.010296,0.554982,1.313641,0.163344,7.759654,0.778407,51.090533,1.685098,2.085968,41.208535,0.680897,0.490163,0.711493,13.270,4.540657,237.55,351.02,97.6,0.012393,0.987607,1,1,0.950000,0.000168,0.025233
2.428074,7628.305739,0.323634,10.000000,60.213386,44.876428,0.915092,1.116453,0.080524,8.290559,0.688838,91.386942,1.302881,1.693306,35.161867,0.601139,0.424971,0.648311,11.377,2.821189,240.11,269.32,86.5,0.015357,0.984643,1,1,0.950000,0.003564,0.013991
2.592184,7800.000000,0.368974,10.298596,62.076180,44.752534,0.875594,1.429774,0.207845,8.355089,0.930859,88.582255,1.636817,1.732543,42.000000,0.600947,0.465019,0.599727,18.275,2.928319,262.22,398.24,116.4,0.013605,0.986395,1,1,0.463335,0.036817,0.019459
2.683822,5310.290388,0.261470,10.000000,55.302951,33.273750,0.559869,1.450000,0.227604,8.769378,0.657594,66.013200,1.252966,1.824698,24.636721,0.672418,0.499586,0.625104,18.422,2.274562,262.43,302.24,82.8,0.012173,0.987827,1,1,0.950000,0.017450,0.021672
3.000000,6894.482473,0.117353,10.000000,74.532368,18.000000,0.550000,1.258072,0.000000,8.800000,0.843112,56.930599,1.541359,1.756474,31.882310,0.699460,0.506498,0.700683,14.629,2.461119,431.76,392.87,95.2,0.009320,0.990680,1,1,0.950000,0.000965,0.026422
2.832117,7800.000000,0.195367,10.385983,61.417680,22.120111,0.631427,1.212351,0.000000,8.800000,0.650518,44.363189,1.521184,1.768810,37.335026,0.590599,0.414479,0.706811,8.342,3.006848,335.96,248.06,81.8,0.009922,0.990078,1,1,0.908696,0.004351,0.030733
2.624897,7800.000000,0.114574,10.261371,67.595567,22.211226,0.550000,1.113546,0.024371,8.800000,0.713082,66.468377,1.558886,1.898888,40.566221,0.679488,0.489259,0.728711,11.920,3.060123,351.53,320.97,89.5,0.010212,0.989788,1,1,0.950000,0.001633,0.020687
2.918701,7800.000000,0.118697,11.486755,60.893150,18.177410,0.606640,1.343807,0.200072,8.508337,0.868675,95.027121,1.587158,1.957009,32.436588,0.683136,0.489023,0.703382,13.038,2.390190,469.02,390.82,102.8,0.013204,0.986796,1,1,0.950000,0.000651,0.016916
2.589908,7728.399272,0.151466,11.935189,56.553273,34.328606,0.682445,1.112041,0.470127,8.800000,0.858713,95.513489,1.305562,1.708899,22.381734,0.681713,0.492263,0.666184,14.928,3.028606,302.37,388.90,107.5,0.013655,0.986345,1,1,0.950000,0.000839,0.016781
3.000000,6807.028318,0.286890,11.046050,55.644123,44.964175,0.937169,1.262052,0.000000,7.813490,0.710799,92.627334,1.325601,1.514221,34.253514,0.563421,0.391148,0.659053,9.606,1.892408,383.78,255.79,88.4,0.012394,0.987606,1,1,0.950000,0.022606,0.015455
2.912404,7349.361714,0.277427,11.787447,76.925324,48.000000,0.550000,1.033961,0.141767,8.768880,0.897983,89.239707,1.537432,1.395108,33.199358,0.734249,0.540503,0.657257,19.594,2.871343,337.28,446.53,112.3,0.013714,0.986286,1,1,0.950000,0.000090,0.017005
2.534599,4592.702841,0.140866,10.832544,57.854325,24.974970,0.610207,1.000000,0.271994,8.743895,0.739499,98.641613,1.517180,1.623181,21.927413,0.613695,0.446816,0.553313,18.752,1.278848,381.91,303.99,92.8,0.012925,0.987075,1,1,0.950000,0.007051,0.017433
2.521757,5255.910143,0.225790,10.000000,80.625559,48.000000,0.603909,1.110080,0.029853,8.761580,0.947914,48.640222,1.750000,1.585572,22.405391,0.488767,0.476513,0.533436,25.000,1.923916,356.04,415.56,119.3,0.007792,0.992208,1,1,0.950000,0.071651,0.012060
2.852178,7125.558611,0.239812,10.313292,63.509861,45.467975,0.568760,1.002346,0.070577,8.681931,0.775626,95.860549,1.468928,1.542782,23.149979,0.293966,0.224145,0.337857,15.587,1.376366,291.33,159.94,97.2,0.014574,0.985426,1,1,0.487716,0.113720,0.015348
2.878763,4668.826641,0.138490,14.194911,58.665845,48.000000,0.704966,1.191878,0.000000,8.683635,0.678750,88.983318,1.394983,1.664302,24.057762,0.580919,0.412664,0.588617,12.899,2.953397,175.27,257.69,85.3,0.016005,0.983995,1,1,0.950000,0.000209,0.017637
2.008382,6919.589617,0.270726,10.000000,80.250151,48.000000,0.589151,1.362299,0.087086,7.976693,0.806192,84.553820,1.479730,1.640660,26.813781,0.512811,0.402074,0.548464,21.096,2.272200,219.24,298.22,101.0,0.015369,0.984631,1,1,0.765664,0.188040,0.022180
2.824888,7800.000000,0.215900,10.000000,53.518749,48.000000,0.950000,1.067090,0.131550,7.876269,0.685002,54.265207,1.750000,1.873592,42.000000,0.476769,0.327896,0.583904,6.614,2.492603,305.53,206.64,86.0,0.010112,0.989888,1,1,0.784783,0.001514,0.024609
2.409564,4442.255956,0.382641,10.000000,78.099810,18.000000,0.684113,1.092305,0.000000,8.727169,0.945523,56.936913,1.355102,1.824108,23.054011,0.383301,0.319573,0.359794,23.028,2.517326,88.42,277.99,118.2,0.016410,0.983590,1,1,0.950000,0.006904,0.032913
3.000000,6616.825884,0.164562,13.855938,65.984823,18.000000,0.583290,1.048178,0.051371,8.685429,0.731756,77.516726,1.542183,1.882524,40.631603,0.387753,0.271909,0.434402,7.012,2.029323,256.51,183.05,91.8,0.010316,0.989684,1,1,0.652986,0.015665,0.020314
2.617256,6985.051602,0.291360,10.501709,70.390692,46.986465,0.785125,1.450000,0.166686,7.873640,0.666978,45.084123,1.352526,1.610674,37.887859,0.612981,0.438382,0.655408,11.321,2.157433,328.80,269.00,83.8,0.009199,0.990801,1,1,0.950000,0.005795,0.033446
2.922186,6268.005296,0.170195,10.000000,56.347487,48.000000,0.680369,1.002153,0.224447,8.694184,0.807881,95.466287,1.296520,1.823658,31.458610,0.397481,0.266649,0.339952,17.127,1.284802,360.34,198.19,101.2,0.014049,0.985951,1,1,0.950000,0.013147,0.013499
3.000000,7800.000000,0.168715,10.649144,77.701211,21.503162,0.757231,1.304615,0.298512,8.800000,0.799625,96.394502,1.740034,1.662887,25.349933,0.636283,0.447351,0.704237,10.440,2.365627,431.74,329.10,96.9,0.012744,0.987256,1,1,0.950000,0.000058,0.014824
0.791724,7698.901850,0.264112,11.081982,76.666393,22.721392,0.646182,1.305852,0.111980,8.788610,0.891318,42.000000,1.579004,1.763989,33.468983,0.490566,0.522150,0.252063,25.000,0.413126,460.32,428.17,111.3,0.006934,0.993066,1,1,0.950000,0.130699,0.006161
1.158029,7800.000000,0.237464,10.000000,68.944655,43.129326,0.636796,1.000000,0.251853,8.717266,0.860613,42.000000,1.523135,1.924312,33.254409,0.388665,0.397334,0.454370,25.000,1.039742,444.46,314.59,107.5,0.006856,0.993144,1,1,0.950000,0.078572,0.020781
2.261562,7800.000000,0.095045,11.430115,64.938006,18.000000,0.550961,1.292283,0.116678,8.226287,0.782412,50.288541,1.667908,1.866558,20.518461,0.667547,0.484566,0.654526,14.533,3.023584,275.51,348.80,98.1,0.012378,0.987622,1,1,0.950000,0.000120,0.032473
1.508560,6154.705629,0.255084,10.000000,68.492632,37.431756,0.587984,1.236934,0.251777,8.800000,0.866049,44.121788,1.259223,1.803790,19.341620,0.382018,0.397950,0.444115,25.000,1.087281,426.94,317.07,108.4,0.009926,0.990074,1,1,0.950000,0.112095,0.016321
3.000000,6959.896098,0.191415,10.000000,63.472825,22.564547,0.579997,1.450000,0.000000,8.625423,0.885868,42.000000,1.594525,1.859064,40.355236,0.683222,0.492414,0.695886,15.115,2.554596,457.42,401.32,110.6,0.006847,0.993153,1,1,0.950000,0.007174,0.037468
3.000000,7800.000000,0.317972,10.000000,63.532165,20.166675,0.550000,1.000000,0.291670,8.746322,0.803087,42.000000,1.640468,1.642034,40.709843,0.694118,0.502770,0.709387,13.832,2.737180,414.57,371.47,100.4,0.006841,0.993159,1,1,0.950000,0.001770,0.031932
2.257303,7191.801791,0.373153,10.000000,62.117317,42.723465,0.614673,1.018937,0.294414,8.766510,0.878030,85.758116,1.299579,1.922209,29.560696,0.214672,0.254255,0.289077,24.226,0.784022,432.85,205.38,107.2,0.014369,0.985631,1,1,0.493167,0.051941,0.010270
2.249615,7800.000000,0.324733,14.342747,62.207500,39.556878,0.559732,1.198057,0.034596,8.595982,0.779713,88.785647,1.504251,1.482339,41.572301,0.643203,0.466182,0.610268,16.210,2.176889,311.16,334.41,97.7,0.014455,0.985545,1,1,0.950000,0.004560,0.017003
2.873183,6703.050251,0.224085,11.079832,63.332629,22.097485,0.793864,1.000000,0.246269,8.683880,0.898065,103.576110,1.422186,1.725523,20.889299,0.629755,0.448555,0.611792,14.666,1.786121,421.64,370.61,112.4,0.012860,0.987140,1,1,0.950000,0.000926,0.017213
2.332101,5508.974364,0.083209,10.000000,51.147123,48.000000,0.891809,1.131755,0.082678,8.433208,0.686379,92.887363,1.460620,1.546951,35.387278,0.076000,0.000000,0.000000,13.505,0.000000,257.80,0.00,86.2,0.015360,0.984640,1,1,0.950000,0.000000,0.000000
2.493399,5086.118963,0.182967,10.000000,52.651446,35.629785,0.726248,1.054201,0.393185,8.800000,0.620000,70.338080,1.436398,1.746054,26.822955,0.076000,0.000000,0.000000,12.713,0.000000,174.65,0.00,78.0,0.012890,0.987110,1,1,0.950000,0.000000,0.000000
3.000000,6826.644499,0.160513,11.457463,82.000000,48.000000,0.696378,1.120929,0.411160,8.692383,0.915207,53.659910,1.750000,1.880850,33.821685,0.676432,0.487347,0.664685,15.174,4.556902,214.84,410.34,114.5,0.013198,0.986802,1,1,0.950000,0.004156,0.031496
2.787067,7292.020079,0.118365,10.000000,74.557470,19.054802,0.550000,1.341509,0.011011,8.726160,0.891863,51.559520,1.631738,2.035384,33.684650,0.687417,0.494253,0.699576,15.031,2.542279,429.70,405.54,111.3,0.010043,0.989957,1,1,0.950000,0.003646,0.029231
3.000000,7800.000000,0.197711,10.000000,60.314117,19.212791,0.579909,1.311016,0.213559,7.811782,0.889386,91.738712,1.750000,1.933057,42.000000,0.649782,0.469691,0.698514,14.749,2.334331,480.20,384.32,100.7,0.013357,0.986643,1,1,0.950000,0.065978,0.014731
2.554839,4126.952753,0.153229,15.335807,56.690779,21.990888,0.641641,1.000000,0.015950,8.570069,0.853418,54.679551,1.510334,1.836510,42.000000,0.509843,0.358463,0.448799,17.209,1.498390,226.92,281.44,106.9,0.012443,0.987557,1,1,0.950000,0.000469,0.039675
3.000000,7406.023520,0.182878,10.000000,50.270081,42.020362,0.550000,1.450000,0.031110,8.800000,0.675470,62.663445,1.250000,1.642238,21.974208,0.735382,0.540515,0.760889,13.188,5.849043,206.14,335.89,84.9,0.010526,0.989474,1,1,0.950000,0.004511,0.020731
2.754498,7550.685843,0.124313,12.856575,74.820225,19.822482,0.602129,1.312087,0.372427,8.590988,0.883004,94.303099,1.750000,1.642959,24.447173,0.659546,0.471623,0.661621,13.622,2.996077,310.93,383.13,110.5,0.011909,0.988091,1,1,0.950000,0.001779,0.019449
2.508501,7800.000000,0.360772,13.418300,61.667737,38.130557,0.567684,1.170694,0.015026,8.800000,0.731301,91.449378,1.750000,1.363914,42.000000,0.653727,0.472271,0.650432,14.162,1.952802,377.68,317.74,91.8,0.013591,0.986409,1,1,0.950000,0.000108,0.014603
2.590061,7498.499461,0.279542,12.789541,62.671917,37.374330,0.550000,1.186827,0.064627,8.732617,0.891625,107.234461,1.403461,1.614531,19.864623,0.076000,0.000000,0.000000,16.296,0.000000,313.96,0.00,111.6,0.015424,0.984576,1,1,0.950000,0.000000,0.000000
3.000000,6488.285815,0.173175,10.000000,79.006648,32.557034,0.584842,1.043694,0.126173,8.077195,0.794797,92.013643,1.557540,1.516429,26.716027,0.686958,0.502866,0.680142,15.943,3.046959,298.53,367.70,99.6,0.016220,0.983780,1,1,0.950000,0.026753,0.016013
3.000000,6135.860155,0.276140,10.380035,58.337723,23.499679,0.602844,1.260711,0.264573,8.705269,0.871172,97.844032,1.407563,1.894600,23.213677,0.678732,0.496115,0.621969,18.911,2.087535,368.11,397.63,109.0,0.014502,0.985498,1,1,0.950000,0.012759,0.016154
2.136341,7650.284130,0.330872,14.028326,66.352454,21.577396,0.550000,1.335308,0.097680,8.599844,0.836913,86.137863,1.519809,1.992228,39.327397,0.598592,0.428783,0.553891,16.794,1.528722,373.28,330.15,104.8,0.013205,0.986795,1,1,0.950000,0.003905,0.018898
2.839214,6769.110010,0.162734,10.000000,82.000000,46.997487,0.607752,1.061663,0.099782,8.800000,0.790655,59.671789,1.545449,1.672638,41.209415,0.721508,0.532294,0.682117,16.529,5.336984,185.61,387.19,99.1,0.013309,0.986691,1,1,0.950000,0.004995,0.028402
2.754508,7598.840030,0.183982,10.000000,78.416179,21.504104,0.550000,1.177004,0.025425,8.800000,0.898214,47.308792,1.561295,1.763050,37.068057,0.697748,0.506120,0.687966,15.740,2.438501,433.99,418.24,112.1,0.005371,0.994629,1,1,0.950000,0.006740,0.036011
2.557402,6905.321235,0.336424,10.000000,78.211592,30.587967,0.577725,1.087762,0.400868,8.561520,0.870403,96.972696,1.548659,1.576790,37.857681,0.647345,0.483539,0.593517,20.485,1.508212,449.52,387.20,108.9,0.013739,0.986261,1,1,0.835392,0.039289,0.015895
3.000000,7297.626361,0.233517,10.083267,77.392553,47.202055,0.606228,1.450000,0.244731,7.882828,0.669108,48.635263,1.393208,1.665553,39.294597,0.675403,0.487800,0.740929,11.082,3.120036,345.56,300.28,84.1,0.010029,0.989971,1,1,0.950000,0.008633,0.028805
2.341880,5151.482927,0.256544,12.233817,67.406741,23.672065,0.664456,1.273271,0.128870,8.800000,0.680335,58.035559,1.750000,1.886582,37.400637,0.546647,0.389637,0.525711,14.513,1.985260,204.74,243.88,85.5,0.010138,0.989862,1,1,0.950000,0.005176,0.032110
2.512560,7025.360419,0.132395,10.842864,72.297070,25.009938,0.716742,1.330300,0.328458,8.793473,0.853800,94.512614,1.682677,1.759452,26.458187,0.644301,0.462288,0.627906,14.857,2.257211,340.73,363.13,106.9,0.013634,0.986366,1,1,0.950000,0.002051,0.019367
2.993060,6477.452217,0.114612,10.043259,63.414394,18.000000,0.550000,1.037818,0.000000,8.697987,0.868432,49.932480,1.519785,1.676714,42.000000,0.694084,0.503977,0.679192,15.716,4.575842,210.78,402.66,108.7,0.012355,0.987645,1,1,0.950000,0.003302,0.033405
3.000000,5713.383944,0.308045,10.062189,79.844853,47.647967,0.551482,1.450000,0.163056,8.800000,0.637394,42.315486,1.302144,1.481539,31.654244,0.691525,0.511200,0.667218,15.531,3.735886,190.86,299.77,80.2,0.011416,0.988584,1,1,0.950000,0.000263,0.029404
2.173388,7775.527984,0.105751,12.526108,64.816774,26.492736,0.630577,1.024621,0.393677,8.268397,0.695626,102.227712,1.494402,2.053477,32.968950,0.564872,0.400488,0.641515,11.391,3.931581,162.92,256.30,87.4,0.016181,0.983819,1,1,0.950000,0.052497,0.013989
3.000000,7325.392122,0.262892,11.184048,78.198649,24.669363,0.930036,1.346166,0.186303,7.847873,0.761802,104.105557,1.658899,1.396744,33.313343,0.379756,0.257520,0.469613,6.662,1.749277,287.74,180.48,95.5,0.015039,0.984961,1,1,0.750906,0.045756,0.014463
3.000000,7800.000000,0.124022,10.971227,64.424385,18.000000,0.668375,1.411134,0.194133,8.800000,0.825134,48.369781,1.476994,1.959376,35.526567,0.662142,0.473297,0.695397,11.622,4.491533,271.18,359.29,103.4,0.009225,0.990775,1,1,0.950000,0.000030,0.032598
2.789309,6991.853707,0.205355,13.273921,54.968559,31.129956,0.594816,1.000000,0.246705,8.639987,0.657151,68.302433,1.457850,1.766244,25.395900,0.470344,0.330593,0.536269,8.049,2.199395,274.20,199.87,82.6,0.011214,0.988786,1,1,0.773141,0.013089,0.020056
2.546277,7463.597632,0.244628,10.000000,63.545297,24.451308,0.791330,1.000000,0.000000,8.689291,0.820177,63.292829,1.610072,1.944200,33.923498,0.628311,0.447208,0.639381,13.525,2.376622,327.31,337.45,102.5,0.010988,0.989012,1,1,0.950000,0.000074,0.022847
2.482910,3706.256438,0.100004,14.566906,53.155556,28.199723,0.634678,1.252468,0.153169,8.635906,0.854275,91.682521,1.750000,1.796766,28.457792,0.528780,0.375381,0.449994,20.265,0.812884,461.24,295.02,107.0,0.012914,0.987086,1,1,0.950000,0.005255,0.023690
3.000000,6938.147621,0.335654,10.847497,77.021970,44.634896,0.793579,1.243302,0.045683,7.845805,0.678109,42.000000,1.379641,1.604042,24.757440,0.578113,0.410842,0.643080,9.655,2.104251,350.21,256.31,85.2,0.006856,0.993144,1,1,0.908696,0.010632,0.037685
2.779427,7077.382917,0.110784,10.046645,75.014737,43.386771,0.575625,1.061779,0.003778,8.795712,0.812784,43.930743,1.626650,1.485571,41.881202,0.722258,0.529889,0.698918,15.981,2.546867,438.84,396.23,92.6,0.009149,0.990851,1,1,0.950000,0.000975,0.033267
2.814831,7281.787571,0.232692,10.503520,79.799615,21.247272,0.550000,1.450000,0.000000,8.800000,0.869847,55.835110,1.574921,1.474568,40.123288,0.646183,0.465998,0.608063,16.371,2.044169,372.64,372.92,108.9,0.010087,0.989913,1,1,0.950000,0.000114,0.026615
2.635943,7653.381562,0.126689,10.808742,53.297776,30.437323,0.713576,1.114064,0.501736,8.679585,0.882237,104.625588,1.502481,1.742100,21.285204,0.537290,0.435037,0.509572,22.616,1.016288,476.34,353.10,106.5,0.013174,0.986826,1,1,0.950000,0.022448,0.018893
3.000000,7800.000000,0.235136,10.000000,82.000000,20.971181,0.550000,1.430008,0.275094,8.565608,0.831970,47.696723,1.656043,1.600201,20.565697,0.713067,0.519512,0.706643,14.562,3.590321,306.53,397.64,104.2,0.011543,0.988457,1,1,0.950000,0.001528,0.030857
1.980222,7294.768402,0.257244,10.000000,76.683899,19.907019,0.690400,1.004516,0.039503,8.587277,0.891389,42.000000,1.671900,1.677694,32.839737,0.697749,0.521755,0.554018,17.916,1.339226,460.36,427.88,111.3,0.006851,0.993149,1,1,0.950000,0.008664,0.036535
2.013982,7748.590519,0.152340,12.586266,74.153196,47.729576,0.609813,1.024803,0.220352,8.800000,0.855501,53.233580,1.479752,1.375593,42.000000,0.669319,0.490051,0.598450,18.668,1.576782,439.88,385.70,104.4,0.009281,0.990719,1,1,0.950000,0.001367,0.033366
2.721013,7623.341348,0.133470,11.651186,61.991137,18.000000,0.550000,1.239799,0.151775,7.922713,0.748696,62.438639,1.617101,1.722076,30.345546,0.612201,0.439885,0.685475,12.167,3.657447,241.99,302.99,93.9,0.012575,0.987425,1,1,0.950000,0.055584,0.023688
2.149154,7594.324881,0.183707,11.823699,81.103856,18.821628,0.584491,1.321346,0.026009,8.585896,0.752238,62.113243,1.545582,1.813807,21.128890,0.579263,0.419762,0.605782,14.032,3.506467,176.59,290.50,94.7,0.013579,0.986421,1,1,0.950000,0.063723,0.028570
3.000000,7800.000000,0.275730,10.000000,57.951334,38.461621,0.615277,1.237073,0.239026,8.691681,0.850336,87.368251,1.390531,2.017629,21.426839,0.405533,0.270251,0.359228,14.316,1.526349,379.27,211.42,106.5,0.014064,0.985936,1,1,0.950000,0.008327,0.013800
2.467952,7800.000000,0.101922,11.357504,78.263370,26.317205,0.550000,1.128504,0.000000,8.642777,0.769274,61.392200,1.484447,1.473971,39.227736,0.679887,0.492854,0.684602,13.604,2.282433,415.35,348.81,94.2,0.009380,0.990620,1,1,0.950000,0.001100,0.026092
2.924041,7098.905817,0.090598,10.132800,75.089907,43.485480,0.560225,1.133837,0.000000,8.517773,0.942142,42.669564,1.569646,1.515471,42.000000,0.735643,0.540495,0.682880,18.493,2.849429,442.34,468.49,117.5,0.009149,0.990851,1,1,0.950000,0.007020,0.039832
2.693210,6057.774803,0.246698,10.777225,64.741627,29.049997,0.550000,1.025965,0.222195,8.800000,0.949077,42.000000,1.701329,2.177523,32.684583,0.617974,0.444265,0.556320,20.050,1.565952,404.33,387.91,118.4,0.006839,0.993161,1,1,0.950000,0.004649,0.033843
2.866678,7786.509874,0.369771,11.032656,67.743974,22.983918,0.552199,1.039537,0.064664,8.654694,0.770920,44.407411,1.621926,1.337643,39.905448,0.683592,0.500737,0.669881,14.461,2.359026,351.40,355.15,96.7,0.009938,0.990062,1,1,0.950000,0.010431,0.037304
3.000000,7238.199787,0.082622,10.000000,79.290016,18.000000,0.606413,1.343144,0.270276,8.694313,0.764395,61.450140,1.683820,2.117578,42.000000,0.651597,0.460182,0.734359,10.776,2.903537,412.72,323.62,84.0,0.009383,0.990617,1,1,0.950000,0.000119,0.021049
2.523452,7317.668813,0.264265,10.975609,76.854369,18.044977,0.652419,1.450000,0.039485,7.778224,0.764486,47.929256,1.378449,2.140538,38.844420,0.612430,0.437699,0.631471,12.971,1.938150,394.82,307.85,95.6,0.010017,0.989983,1,1,0.950000,0.008365,0.033589
2.239058,7646.249320,0.122541,10.341161,54.519370,40.575200,0.564630,1.450000,0.164968,8.648986,0.766816,42.426799,1.253675,1.931856,18.000000,0.727344,0.540503,0.676177,18.265,2.567589,360.02,381.31,96.2,0.009898,0.990102,1,1,0.950000,0.006342,0.036957
2.796959,7280.678531,0.157465,10.131455,81.594814,34.205603,0.550000,1.204373,0.000000,8.800000,0.681234,64.388224,1.544094,1.717030,26.079542,0.693335,0.503553,0.727987,12.425,2.906345,351.82,315.59,85.6,0.010187,0.989813,1,1,0.950000,0.001074,0.020512
2.818014,7800.000000,0.275106,11.062038,82.000000,21.006091,0.550000,1.000000,0.191881,8.528331,0.881669,50.080927,1.572553,1.608953,20.461457,0.697068,0.509063,0.647327,16.600,3.772482,228.68,412.92,110.3,0.013139,0.986861,1,1,0.950000,0.000044,0.032033
2.658601,6501.693472,0.242365,13.543010,63.673424,18.000000,0.594056,1.000000,0.095831,8.744888,0.756212,93.675863,1.584115,1.975459,32.997200,0.293919,0.256522,0.524248,11.322,2.569463,148.25,178.47,94.8,0.015280,0.984720,1,1,0.155093,0.259122,0.023201
3.000000,6092.679171,0.319448,10.000000,59.561371,25.696397,0.594487,1.296782,0.127257,8.358580,0.854087,85.356846,1.338302,1.721794,22.743793,0.680266,0.500428,0.615822,20.117,2.052140,360.89,393.22,106.9,0.012929,0.987071,1,1,0.950000,0.020316,0.017438
3.000000,7164.473101,0.216354,10.396697,69.544102,18.000000,0.550000,1.187340,0.265126,8.725880,0.898522,48.780641,1.695576,1.603870,33.663358,0.656881,0.476876,0.600421,16.973,3.028365,286.40,394.20,112.4,0.012329,0.987671,1,1,0.950000,0.001379,0.036066
2.705144,4619.150112,0.305638,10.000000,52.405484,29.649603,0.581326,1.434097,0.265603,8.369758,0.652508,49.390738,1.738111,1.766617,25.831935,0.642531,0.475085,0.569419,19.632,1.640993,291.03,285.20,82.0,0.009325,0.990675,1,1,0.950000,0.000055,0.028011
2.954364,6923.422834,0.247644,12.021308,52.841286,33.596666,0.572541,1.450000,0.271948,8.629494,0.676171,92.864902,1.554809,1.415400,26.525422,0.664592,0.478007,0.710852,11.850,3.596932,243.31,297.36,85.0,0.015298,0.984702,1,1,0.950000,0.002184,0.013121
3.000000,6497.085843,0.167555,11.032259,73.256480,27.827861,0.621505,1.278339,0.276577,7.625653,0.839511,54.650275,1.704200,2.197205,40.533441,0.647471,0.462987,0.671010,13.854,2.811190,335.03,357.59,104.9,0.010899,0.989101,1,1,0.950000,0.008313,0.028827
2.394281,7771.049963,0.284039,15.049558,80.264080,22.331336,0.573491,1.060552,0.000000,8.680463,0.797551,42.000000,1.526425,1.625028,42.000000,0.661257,0.484580,0.609030,12.760,1.713679,369.36,355.56,100.0,0.006845,0.993155,1,1,0.950000,0.003876,0.039549
2.522560,7800.000000,0.311865,10.000000,78.324425,28.127822,0.550000,1.080744,0.176564,8.743390,0.775543,42.000000,1.701576,1.677335,32.972808,0.675071,0.492721,0.649533,15.927,2.145536,364.52,351.56,97.0,0.006841,0.993159,1,1,0.950000,0.001018,0.033495
3.000000,6549.338377,0.164145,10.674196,54.585159,18.394919,0.741584,1.054174,0.305852,8.799626,0.819322,90.407732,1.686330,1.570814,23.408487,0.645099,0.460770,0.654319,13.155,2.063191,403.91,347.32,102.6,0.012844,0.987156,1,1,0.950000,0.000035,0.017573
2.870622,6645.978134,0.159515,11.468645,61.857960,48.000000,0.550000,1.450000,0.051714,8.800000,0.942505,42.000000,1.578425,1.769287,21.340366,0.730042,0.540491,0.630558,22.522,2.082988,486.76,468.66,117.9,0.006912,0.993088,1,1,0.950000,0.004707,0.037803
2.894065,7574.533799,0.168921,10.000000,50.261225,46.739032,0.611717,1.068953,0.262606,8.800000,0.670340,59.824142,1.520724,1.711339,24.324427,0.697971,0.505400,0.757382,11.538,4.276754,267.52,311.69,84.7,0.009027,0.990973,1,1,0.950000,0.002903,0.020688
2.576844,7800.000000,0.106628,10.331752,78.845787,19.685422,0.735840,1.297731,0.249687,8.697669,0.767424,86.846953,1.696545,1.652834,39.241819,0.630632,0.446160,0.682840,11.078,3.564036,252.21,315.00,96.2,0.013671,0.986329,1,1,0.950000,0.001218,0.018617
2.389032,7477.500328,0.359180,10.000000,78.207079,46.328908,0.550000,1.277406,0.228434,8.741285,0.861643,84.133502,1.541144,1.532205,36.119384,0.585582,0.540376,0.614061,24.754,2.209934,323.63,428.36,107.9,0.012268,0.987732,1,1,0.950000,0.009887,0.006663
2.581447,6736.787040,0.118360,10.000000,71.871053,22.569071,0.550000,1.053418,0.011234,8.800000,0.869302,52.527074,1.716558,1.668882,25.381528,0.631780,0.456275,0.578486,17.829,1.720005,395.91,364.91,97.6,0.009272,0.990728,1,1,0.950000,0.000335,0.030192
3.000000,7073.708209,0.251707,10.334867,68.556988,48.000000,0.550000,1.393548,0.000000,8.712590,0.822675,52.614516,1.533686,1.605432,20.457209,0.728063,0.540508,0.647181,19.668,3.666229,270.37,409.09,103.1,0.012474,0.987526,1,1,0.950000,0.002381,0.028206
2.935252,7731.945531,0.193051,10.000000,77.450014,20.831196,0.568071,1.362815,0.222271,8.536632,0.746581,45.143290,1.714972,1.590824,41.538145,0.677762,0.488595,0.732478,11.654,3.045266,385.57,335.59,93.4,0.009190,0.990810,1,1,0.950000,0.009117,0.034160
2.747199,7776.230263,0.101361,10.820910,77.483035,20.563361,0.695213,1.170735,0.172574,8.680551,0.867735,54.958132,1.612950,1.850536,31.501183,0.645014,0.457309,0.683872,12.143,2.958657,346.29,365.08,108.6,0.008541,0.991459,1,1,0.950000,0.002484,0.030514
2.252587,7800.000000,0.105863,13.328138,82.000000,20.228409,0.641859,1.287213,0.355223,8.425845,0.846601,91.487945,1.750000,1.511797,40.172876,0.596022,0.423115,0.609648,13.144,2.590332,278.24,329.55,106.1,0.013775,0.986225,1,1,0.950000,0.021236,0.019634
1.949678,7767.991597,0.199026,10.954429,73.400303,48.000000,0.566441,1.273541,0.228208,8.629653,0.834825,54.993543,1.548488,1.407241,39.882191,0.665852,0.525942,0.605403,22.121,1.687810,431.15,403.94,104.6,0.009323,0.990677,1,1,0.950000,0.002273,0.029853
2.664879,7791.684689,0.328901,11.339031,77.500223,26.949074,0.610565,1.263961,0.084755,8.800000,0.919990,96.205123,1.750000,1.727819,30.715270,0.076000,0.000000,0.000000,12.265,0.000000,280.76,0.00,115.1,0.015329,0.984671,1,1,0.950000,0.000000,0.000000
2.933233,7800.000000,0.203960,11.393317,56.484093,46.681710,0.554845,1.275973,0.204612,8.800000,0.891737,87.190671,1.750000,1.300000,42.000000,0.734495,0.540493,0.662125,19.202,2.491860,460.54,443.42,111.6,0.012874,0.987126,1,1,0.950000,0.000667,0.016303
2.909498,5582.689085,0.131491,10.000000,65.132261,22.568875,0.550000,1.141384,0.093989,8.706340,0.910137,55.394757,1.712100,1.810187,35.333274,0.663688,0.482484,0.595403,19.691,1.908611,382.68,404.00,113.6,0.010098,0.989902,1,1,0.950000,0.000035,0.029646
2.646268,7348.842085,0.159139,10.184690,58.567311,18.000000,0.592007,1.376676,0.278666,8.437448,0.900295,46.743522,1.701614,2.077310,33.845538,0.670878,0.482844,0.675566,15.455,2.194419,469.87,399.93,94.2,0.009220,0.990780,1,1,0.950000,0.008660,0.036591
2.955221,5600.383174,0.162199,10.000000,80.341493,26.819291,0.619083,1.111900,0.006609,8.741679,0.788753,49.492687,1.556548,1.570515,42.000000,0.659598,0.480778,0.633982,15.721,3.446897,208.34,348.88,98.9,0.013113,0.986887,1,1,0.950000,0.006455,0.036828
2.961861,7759.647518,0.240372,12.252833,64.674263,41.854423,0.564909,1.450000,0.000000,8.800000,0.723402,58.534674,1.544186,1.507063,41.534589,0.676978,0.487824,0.727483,11.493,6.329962,169.82,324.66,90.8,0.013282,0.986718,1,1,0.950000,0.005920,0.024742
3.000000,7168.323979,0.347697,10.000000,77.605652,22.174591,0.550000,1.109052,0.263531,8.749113,0.743164,55.223249,1.663894,1.713637,32.799245,0.694104,0.507836,0.675329,14.997,7.334052,122.12,347.21,93.2,0.014786,0.985214,1,1,0.950000,0.000009,0.023352
2.748593,6663.169276,0.173524,10.000000,75.389098,20.762147,0.691796,1.424647,0.026921,8.670014,0.899964,42.000000,1.523729,1.865163,34.067049,0.629322,0.448026,0.635034,14.657,1.937232,454.68,370.95,112.3,0.006845,0.993155,1,1,0.950000,0.002357,0.041592
3.000000,5273.016828,0.209941,11.493964,58.369973,48.000000,0.550000,1.092192,0.360433,8.735585,0.675081,90.481672,1.458162,1.882038,23.544240,0.375418,0.251824,0.331600,15.879,1.060956,332.80,156.40,84.8,0.014719,0.985281,1,1,0.950000,0.025108,0.013942
2.800515,6362.968753,0.275262,10.368496,79.892161,21.611376,0.550000,1.397899,0.225803,8.800000,0.646669,54.831342,1.336088,1.787397,28.557402,0.655573,0.476208,0.667950,13.110,3.227278,225.63,283.31,81.3,0.012435,0.987565,1,1,0.950000,0.000374,0.024700
2.728904,6538.143674,0.158907,13.264189,57.167962,34.169695,0.551181,1.097457,0.099268,8.800000,0.924183,88.029772,1.750000,1.324099,26.238021,0.160640,0.172710,0.398644,15.314,1.093040,256.04,146.85,115.6,0.012032,0.987968,1,1,0.000000,0.449176,0.032569
3.000000,7462.728196,0.350608,10.646724,66.665245,25.324787,0.550000,1.050429,0.000000,8.704191,0.755029,42.000000,1.486330,1.300000,37.454445,0.694704,0.508386,0.681870,14.375,2.397369,378.18,353.14,94.7,0.006844,0.993156,1,1,0.950000,0.001180,0.033743
3.000000,6020.627379,0.319211,11.005224,77.388749,22.702546,0.703718,1.106858,0.434328,8.800000,0.888490,56.294841,1.385409,1.923638,32.271733,0.617662,0.445522,0.564508,16.867,2.302194,273.63,364.17,111.2,0.009325,0.990675,1,1,0.950000,0.005630,0.035821
2.725103,5086.444129,0.263870,11.198068,81.863189,44.822287,0.650381,1.390942,0.155940,8.669531,0.925930,44.342891,1.704654,1.733342,19.492065,0.480870,0.464662,0.512838,25.000,1.236066,431.97,395.83,115.8,0.009936,0.990064,1,1,0.950000,0.012146,0.048874
2.701574,5810.768465,0.350132,10.781461,60.818594,19.937955,0.615479,1.324176,0.124274,8.468783,0.833857,91.624068,1.590823,1.995867,31.315235,0.600301,0.435941,0.550898,18.823,1.216408,450.22,334.43,99.2,0.012994,0.987006,1,1,0.950000,0.032507,0.016491
2.782394,6813.526852,0.249811,10.000000,75.287878,26.602801,0.564640,1.058700,0.369844,8.649675,0.911866,47.233305,1.462828,1.940789,32.877716,0.648015,0.467513,0.605973,18.212,2.267510,345.42,392.20,113.8,0.009990,0.990010,1,1,0.950000,0.002798,0.033104
2.154746,7404.659592,0.174446,11.828941,58.372565,18.000000,0.606134,1.407193,0.187694,8.702847,0.813033,46.875062,1.664685,2.119649,31.726011,0.614999,0.441435,0.604365,15.006,1.615501,358.51,330.19,91.1,0.008439,0.991561,1,1,0.950000,0.005461,0.038845
3.000000,7670.056916,0.207842,10.000000,82.000000,44.256048,0.550000,1.098059,0.014551,8.512126,0.660780,42.000000,1.522535,1.383631,25.168826,0.691537,0.500595,0.753387,11.060,3.423804,341.26,304.32,83.1,0.006851,0.993149,1,1,0.950000,0.001004,0.029288
3.000000,7361.853422,0.115071,10.000000,82.000000,46.589975,0.550000,1.000000,0.000000,8.534705,0.807485,44.810394,1.626112,1.489168,41.065676,0.731123,0.540506,0.700972,15.719,3.980923,322.25,401.53,101.2,0.008422,0.991578,1,1,0.950000,0.010458,0.039113
2.929711,6442.063375,0.151376,13.013717,82.000000,33.566669,0.683509,1.128316,0.154361,8.660877,0.654210,65.029665,1.577127,1.867833,38.518842,0.445424,0.308678,0.526619,6.699,2.097163,276.44,185.79,82.3,0.005504,0.994496,1,1,0.743478,0.002469,0.023228
2.698214,7507.065124,0.080000,10.000000,76.772863,22.728842,0.597382,1.349358,0.000000,8.800000,0.924800,50.303359,1.629433,1.851608,31.376539,0.689706,0.497443,0.688855,15.334,2.540498,450.21,423.23,115.4,0.010020,0.989980,1,1,0.950000,0.006672,0.035401
2.524300,6076.880387,0.163692,10.000000,82.000000,18.241204,0.616387,1.062306,0.000000,8.783235,0.873532,58.797109,1.407366,1.758263,31.084211,0.581086,0.413594,0.536089,17.392,1.351402,360.92,332.38,97.7,0.009338,0.990662,1,1,0.950000,0.000408,0.029737
2.724136,6021.203115,0.324009,10.000000,63.043123,25.610984,0.563305,1.337046,0.025862,8.744233,0.849064,51.809616,1.468152,1.472019,40.638696,0.556212,0.397856,0.474662,20.843,1.239889,328.43,310.78,106.0,0.010045,0.989955,1,1,0.950000,0.000041,0.028486
2.916175,7800.000000,0.142041,10.000000,76.382065,19.005242,0.557672,1.398389,0.000000,8.625430,0.786691,49.846944,1.499971,1.384670,39.868960,0.698596,0.507189,0.726314,12.729,2.953625,406.29,367.08,98.6,0.009257,0.990743,1,1,0.950000,0.008775,0.033660
2.919636,5686.222364,0.186342,12.229463,69.354934,43.915790,0.757666,1.122460,0.105294,8.637157,0.861299,53.754679,1.553665,1.808381,34.476832,0.632983,0.457917,0.588875,16.169,1.953601,363.94,362.85,107.8,0.011642,0.988358,1,1,0.950000,0.004639,0.036574
2.832446,7623.048809,0.114377,15.045351,82.000000,35.496425,0.707442,1.095145,0.000000,8.492054,0.752527,71.345431,1.468711,1.691825,22.830953,0.232955,0.158528,0.299490,3.848,1.846844,175.00,109.75,94.4,0.012741,0.987259,1,1,0.495652,0.043085,0.025237
2.280571,6202.632134,0.106862,10.328690,82.000000,31.014645,0.550000,1.450000,0.000000,8.800000,0.665137,42.136700,1.341836,1.809686,28.624011,0.644850,0.472581,0.615920,14.896,2.605683,219.33,289.18,83.6,0.009887,0.990113,1,1,0.950000,0.001241,0.036830
2.955689,5646.477095,0.236744,10.366929,59.416801,22.439511,0.593242,1.450000,0.220578,8.734508,0.897007,83.743120,1.359629,1.619480,21.979353,0.670565,0.491141,0.588889,20.418,2.360983,294.80,405.31,112.5,0.012917,0.987083,1,1,0.950000,0.009580,0.021732
2.455838,7722.993920,0.091034,10.000000,69.647156,20.579552,0.578678,1.335274,0.277522,8.798990,0.673095,58.070786,1.591401,1.856459,30.115060,0.668195,0.482603,0.709937,11.751,8.518744,110.61,298.85,84.6,0.014897,0.985103,1,1,0.950000,0.001058,0.025576
2.714218,7521.777577,0.146633,10.000000,82.000000,48.000000,0.550000,1.417596,0.136335,8.800000,0.730060,45.284061,1.529794,1.489046,32.220496,0.731487,0.539920,0.714400,14.941,5.337174,205.66,362.64,91.6,0.011479,0.988521,1,1,0.950000,0.000337,0.030613
2.928744,7564.890909,0.198501,10.000000,81.760809,24.129280,0.764653,1.450000,0.372232,8.670188,0.849699,51.619563,1.735782,2.094162,41.294535,0.648175,0.462374,0.672536,12.381,4.490077,239.36,361.45,106.1,0.011609,0.988391,1,1,0.950000,0.002479,0.032668
2.687309,7070.300752,0.301006,10.679744,82.000000,48.000000,0.550000,1.450000,0.203724,8.513124,0.892564,92.301487,1.471474,1.465011,21.634199,0.323183,0.298229,0.539367,17.435,1.714928,272.39,244.89,111.7,0.015368,0.984632,1,1,0.015653,0.304853,0.023139
2.675024,7800.000000,0.100801,10.000000,71.835198,29.318373,0.559258,1.079120,0.000000,8.613251,0.739848,60.126750,1.430815,1.545318,33.658027,0.706567,0.514960,0.728790,13.139,3.217137,347.36,350.51,92.8,0.009383,0.990617,1,1,0.950000,0.005603,0.025922
2.796645,6468.460870,0.256437,13.195855,69.907805,48.000000,0.557316,1.450000,0.000000,8.515052,0.921897,87.813420,1.577962,1.479675,36.236658,0.690450,0.515670,0.612471,21.279,1.676035,476.11,437.36,115.3,0.012959,0.987041,1,1,0.950000,0.010460,0.019060
2.536310,6714.344584,0.228636,10.000000,80.084010,21.568577,0.684506,1.000000,0.215110,8.800000,0.804844,59.278059,1.543172,1.697049,38.585871,0.636654,0.460442,0.602388,15.600,4.173199,164.73,340.94,100.9,0.014846,0.985154,1,1,0.950000,0.000575,0.029537
3.000000,6266.795700,0.275763,10.734479,79.601223,25.746427,0.629494,1.450000,0.016382,8.698664,0.821313,42.000000,1.267505,1.696148,33.490057,0.647081,0.468168,0.629000,15.026,1.878535,393.15,353.75,102.6,0.006845,0.993155,1,1,0.950000,0.003216,0.040840
3.000000,7353.194965,0.126365,10.000000,79.015177,30.371217,0.550000,1.038453,0.074174,8.562991,0.855985,42.000000,1.561134,1.385319,23.958145,0.733262,0.538599,0.703221,15.721,2.694466,442.07,424.15,107.2,0.006849,0.993151,1,1,0.950000,0.001872,0.039079
2.851771,7753.443556,0.199152,11.136942,54.712965,45.436570,0.584943,1.024048,0.183504,8.732347,0.856980,96.676207,1.750000,1.373829,42.000000,0.609214,0.500246,0.694267,17.220,5.137348,201.18,394.40,107.3,0.015370,0.984630,1,1,0.052954,0.064126,0.016099
3.000000,7682.400537,0.080000,10.101922,76.653035,18.000000,0.550000,1.419568,0.035679,8.800000,0.819159,64.185979,1.500740,1.335538,40.947265,0.709222,0.513033,0.728908,13.065,2.984082,423.05,386.63,102.3,0.010163,0.989837,1,1,0.950000,0.000522,0.023236
2.920670,7800.000000,0.080000,11.289252,75.940436,24.552871,0.655346,1.333112,0.100580,8.800000,0.916454,42.132431,1.678407,1.850687,29.322987,0.656573,0.467442,0.698113,12.351,2.698016,451.79,394.12,114.4,0.008359,0.991641,1,1,0.950000,0.010136,0.044450
3.000000,7005.895824,0.181036,10.000000,73.364156,21.205785,0.569750,1.309129,0.030616,8.722523,0.782139,50.862548,1.694535,2.026191,42.000000,0.668261,0.477516,0.716674,12.611,3.919101,275.41,343.60,97.8,0.009273,0.990727,1,1,0.950000,0.000120,0.024690
2.900556,7695.820007,0.149678,16.378829,73.297808,48.000000,0.591554,1.438154,0.228455,8.380906,0.662372,57.635835,1.506723,1.408128,24.924605,0.559952,0.380201,0.709990,7.081,2.499749,349.79,231.69,83.3,0.009361,0.990639,1,1,0.950000,0.000556,0.023994
2.744261,7419.559013,0.268947,10.000000,52.134110,48.000000,0.550000,1.450000,0.039635,8.734824,0.620000,58.500474,1.250000,1.467903,40.126674,0.711297,0.521333,0.743357,12.788,4.070801,247.43,297.37,78.0,0.011045,0.988955,1,1,0.950000,0.001702,0.019314
3.000000,7248.053672,0.086140,10.526336,64.985345,19.482519,0.550000,1.023877,0.076369,8.454681,0.796667,42.000000,1.622412,1.300000,26.197611,0.702265,0.511842,0.706242,13.386,2.748759,411.44,375.15,99.9,0.006852,0.993148,1,1,0.950000,0.002080,0.040147
2.441598,7800.000000,0.232516,10.555935,82.000000,22.220154,0.579344,1.010717,0.218814,8.661354,0.900652,57.269706,1.258817,1.599491,18.000000,0.682993,0.499498,0.616037,18.138,3.182038,240.07,413.88,112.7,0.012481,0.987519,1,1,0.950000,0.003390,0.033779
2.920565,7800.000000,0.304173,11.257786,73.474715,23.613807,0.580857,1.051945,0.010448,8.800000,0.864507,89.427564,1.529564,1.534181,33.677968,0.689886,0.500197,0.666996,15.479,3.585037,263.83,397.83,108.2,0.015259,0.984741,1,1,0.950000,0.004145,0.016880
2.916954,7213.149793,0.123817,10.000000,75.805103,45.071250,0.613369,1.172887,0.127466,8.769371,0.869618,42.000000,1.510918,1.380081,22.924414,0.733458,0.540496,0.688027,16.978,2.533876,449.11,432.42,108.9,0.006839,0.993161,1,1,0.950000,0.004593,0.039939
2.809514,7800.000000,0.176116,10.167141,57.070055,45.651083,0.606461,1.280025,0.301834,8.680715,0.876866,59.432248,1.449235,1.305975,42.000000,0.733346,0.540491,0.664719,18.848,2.421134,473.44,436.02,104.3,0.009432,0.990568,1,1,0.950000,0.000827,0.023847
2.646680,7800.000000,0.143110,10.327277,71.568066,48.000000,0.550000,1.088178,0.004117,8.708236,0.734992,63.557994,1.461544,1.310232,36.010905,0.734362,0.540507,0.722505,14.942,3.756075,293.32,365.49,92.2,0.011748,0.988252,1,1,0.950000,0.000063,0.020594
2.732281,7754.501662,0.117196,10.357505,71.732927,24.777183,0.617933,1.127859,0.023226,8.276900,0.875575,63.035876,1.386299,1.552861,35.193691,0.701147,0.508522,0.685446,14.948,2.381305,452.19,409.63,109.6,0.010207,0.989793,1,1,0.950000,0.001240,0.026193
2.857467,6588.865621,0.247101,10.528549,80.168222,21.548629,0.589255,1.181755,0.092821,8.800000,0.937958,56.676828,1.466873,1.670629,32.783041,0.672686,0.490286,0.596653,18.896,1.834020,378.79,423.08,117.0,0.010101,0.989899,1,1,0.950000,0.001423,0.033761
2.831855,7311.542945,0.231246,11.098531,76.170518,19.687392,0.550000,1.002433,0.125685,8.800000,0.870709,85.378029,1.579564,1.533189,42.000000,0.689983,0.501163,0.656488,16.077,2.140962,429.24,401.46,109.0,0.012168,0.987832,1,1,0.950000,0.002236,0.020073
3.000000,7633.601807,0.387463,11.384131,68.986408,33.545849,0.599084,1.061736,0.083080,8.646407,0.731982,96.654807,1.668306,1.469756,23.617918,0.669356,0.483158,0.693789,13.086,2.221523,395.22,325.37,91.6,0.012898,0.987102,1,1,0.950000,0.007224,0.011913
3.000000,7445.001989,0.151927,10.220707,50.000000,41.942327,0.633110,1.081915,0.220516,8.447802,0.742904,57.161340,1.502652,1.454204,24.022840,0.723796,0.529474,0.741440,13.401,4.227472,279.03,361.88,93.2,0.010953,0.989047,1,1,0.950000,0.005210,0.025070
3.000000,7259.194153,0.261101,10.000000,76.522766,42.697594,0.620082,1.384056,0.000000,8.703823,0.794943,56.421322,1.607697,1.573953,42.000000,0.710630,0.518465,0.699536,15.053,2.815905,373.23,379.18,99.6,0.010896,0.989104,1,1,0.950000,0.000056,0.022384
2.575880,7764.060272,0.129615,14.056678,82.000000,31.325168,0.601265,1.450000,0.456495,8.622891,0.861131,42.000000,1.304453,1.431759,29.770338,0.645229,0.465831,0.632971,13.286,1.940731,412.10,369.05,107.8,0.006847,0.993153,1,1,0.950000,0.006174,0.048732
2.586192,7800.000000,0.192700,10.000000,79.177974,27.779683,0.550000,1.000000,0.401509,8.441000,0.658348,42.496302,1.617340,1.581458,41.803360,0.676104,0.491731,0.717075,11.769,5.374509,185.46,297.83,82.8,0.012961,0.987039,1,1,0.950000,0.005922,0.035666
2.841662,7176.423398,0.186153,11.749322,63.618324,37.565953,0.550000,1.179841,0.078930,8.453700,0.945949,90.797763,1.280736,1.664118,21.623127,0.642515,0.498083,0.647611,19.796,2.055183,444.12,433.47,118.3,0.014529,0.985471,1,1,0.567226,0.081000,0.018663
2.899190,7633.187286,0.108798,10.000000,75.932716,21.563041,0.601866,1.203572,0.039515,8.800000,0.819936,67.740116,1.552401,1.776653,30.718306,0.694219,0.500484,0.720086,13.059,5.359128,211.73,377.54,102.7,0.014184,0.985816,1,1,0.950000,0.003471,0.023028
2.771917,7411.638724,0.148124,10.000000,69.598664,18.000000,0.594752,1.450000,0.031921,7.879679,0.781402,49.878466,1.662147,1.811970,42.000000,0.670211,0.481911,0.700074,12.808,9.150415,110.06,346.44,98.0,0.015461,0.984539,1,1,0.950000,0.001268,0.029500
2.714281,7800.000000,0.322971,11.411197,65.042823,19.327218,0.558989,1.032988,0.060540,8.546105,0.783467,51.873938,1.573870,1.300000,40.899713,0.649817,0.471293,0.637254,14.399,3.727395,204.45,339.70,98.2,0.013172,0.986828,1,1,0.950000,0.007980,0.032334
3.000000,7751.578102,0.139767,12.024879,75.215825,35.771204,0.550000,1.065768,0.000000,8.491039,0.837981,42.000000,1.542119,1.527099,18.708137,0.710592,0.519175,0.711047,13.902,2.728358,432.78,400.25,105.0,0.006851,0.993149,1,1,0.950000,0.010133,0.042683
1.027871,5015.350878,0.428294,20.954999,80.541642,22.488177,0.920806,1.055345,0.306710,8.254406,0.890718,100.559131,1.657746,2.035530,30.727263,0.184213,0.114703,0.173633,13.174,0.423615,230.01,93.99,114.1,0.012507,0.987493,1,1,0.950000,0.168825,0.021059
2.473804,5390.891111,0.123595,14.228039,52.907428,38.772906,0.854846,1.278427,0.962271,8.523789,0.783849,61.196165,1.625987,1.900338,29.894515,0.467925,0.326225,0.405797,17.716,0.834782,349.62,235.25,98.3,0.010904,0.989096,1,1,0.950000,0.002777,0.038269
1.110518,2851.761413,0.286076,12.654462,60.489499,34.593469,0.568604,1.306272,0.802140,8.422860,0.696496,106.196884,1.737617,1.821716,33.200105,-0.112579,0.047311,0.063044,24.629,0.089250,327.00,30.32,88.6,0.015352,0.984648,1,1,0.475133,0.481474,0.021519
0.816601,7189.734652,0.234548,12.120008,51.526527,31.073473,0.748920,1.337019,0.893954,7.970386,0.875725,57.561751,1.321484,1.454777,25.420401,0.139318,0.205396,0.224542,25.000,0.391998,431.71,165.48,109.6,0.010034,0.989966,1,1,0.950000,0.166124,0.008427
1.519958,4215.916071,0.352625,14.615039,73.482943,26.639940,0.608041,1.438162,0.067683,8.459918,0.854648,51.930390,1.273154,1.632479,22.014168,0.269199,0.231307,0.258927,23.158,0.393293,401.26,181.87,107.0,0.010067,0.989933,1,1,0.950000,0.006530,0.034982
0.252263,4145.695204,0.411740,12.011791,66.343829,24.142559,0.578855,1.148294,0.015890,8.501869,0.900245,75.318942,1.511293,2.009678,34.672187,-0.082801,0.045688,0.050698,25.000,0.104435,359.27,37.84,112.6,0.010232,0.989768,1,1,0.950000,0.320065,0.000000
0.407236,4732.727318,0.247123,18.582974,65.642020,32.211656,0.862392,1.160427,0.917265,7.460400,0.919649,52.392884,1.457922,2.051815,37.687832,0.060797,0.041089,0.054436,19.338,0.066474,432.78,34.76,115.0,0.010088,0.989912,1,1,0.950000,0.306557,0.046730
1.754988,5753.426700,0.256041,11.039048,62.919243,43.926829,0.724426,1.443982,0.118345,8.380086,0.689321,99.570943,1.541167,1.622640,34.923123,0.076000,0.000000,0.000000,14.808,0.000000,258.91,0.00,86.6,0.015597,0.984403,1,1,0.950000,0.000000,0.000000
0.900414,6895.175846,0.437477,21.925390,78.189390,29.802778,0.695589,1.067283,0.509475,8.259338,0.660600,43.206631,1.689289,2.128871,23.541668,0.071036,0.054984,0.102974,11.671,0.747150,46.33,33.42,83.1,0.011455,0.988545,1,1,0.950000,0.429411,0.053425
1.812461,6054.076008,0.317941,10.453848,53.863478,36.380342,0.887135,1.281836,0.605303,8.004869,0.926113,56.701106,1.705764,2.289100,34.193293,0.227697,0.286843,0.325945,25.000,1.424982,195.66,244.40,116.7,0.015128,0.984872,1,1,0.790479,0.147804,0.041553
1.323541,5479.102395,0.441311,15.108262,64.695373,20.839821,0.635574,1.096659,0.422041,7.802353,0.847031,89.604361,1.421835,2.327559,39.957589,0.177380,0.136434,0.234255,16.662,0.542458,240.44,106.32,106.2,0.012820,0.987180,1,1,0.950000,0.472677,0.028301
2.416946,6640.901055,0.367623,22.949459,77.940611,21.327295,0.943830,1.349099,0.697008,7.427089,0.714362,60.585510,1.581640,1.400627,26.786896,0.001756,0.014510,0.078280,2.744,0.121199,97.33,9.54,89.7,0.010188,0.989812,1,1,0.702174,0.534649,0.091877
2.213748,6401.607343,0.328662,11.252713,60.048725,22.586734,0.661333,1.108709,0.156752,8.348980,0.835945,72.924038,1.399012,1.665616,36.951830,0.553862,0.403777,0.516569,18.502,1.393709,333.60,310.53,104.7,0.011725,0.988275,1,1,0.950000,0.069207,0.022920
2.090319,7793.534230,0.388527,19.077147,61.956041,47.839319,0.738150,1.380691,0.798702,8.056576,0.620492,77.932064,1.334493,2.073167,39.473186,-0.041363,0.014115,0.034926,1.353,0.305841,36.47,8.06,82.4,0.011123,0.988877,1,1,0.165217,0.390689,0.036181
0.991128,4651.333681,0.148204,13.448452,76.999582,30.147776,0.674646,1.315772,0.260889,7.892499,0.723934,109.885849,1.648385,1.782334,21.167844,0.046096,0.063794,0.139059,14.710,0.826686,57.35,42.49,90.9,0.016923,0.983077,1,1,0.434018,0.627533,0.029698
1.646810,5568.893879,0.382096,15.991960,78.930001,19.759265,0.874399,1.240993,0.843002,7.360957,0.651550,92.534287,1.350449,1.317075,24.217612,-0.042413,0.010582,0.025241,2.197,0.125086,59.20,6.34,84.1,0.016722,0.983278,1,1,0.206522,0.535070,0.031220
2.603687,7440.867135,0.129941,19.171491,72.145653,34.247541,0.616959,1.212396,0.346293,8.640084,0.706955,79.518677,1.665510,1.717330,29.369406,0.104505,0.072137,0.161356,2.086,1.419984,84.77,46.92,89.4,0.014395,0.985605,1,1,0.371739,0.092951,0.024090
0.665899,7255.617304,0.341248,16.611601,55.066845,42.561101,0.847777,1.073509,0.579546,7.902902,0.664873,45.423247,1.534952,2.312126,18.531248,-0.031618,0.010267,0.014186,1.515,0.191639,31.22,6.28,83.6,0.013809,0.986191,1,1,0.082609,0.231931,0.043805
3.000000,7697.183539,0.305421,10.000000,77.831826,42.929456,0.578383,1.000000,0.234319,8.653008,0.878384,42.000000,1.559338,1.450239,23.613927,0.733557,0.540495,0.673511,18.281,2.374438,453.64,436.78,109.9,0.006846,0.993154,1,1,0.950000,0.000849,0.032976
2.643331,7800.000000,0.192694,10.101938,79.660774,19.940270,0.550000,1.010155,0.023601,8.610357,0.928828,67.270104,1.485573,1.778694,38.272371,0.705790,0.512964,0.662237,17.309,5.712518,174.43,438.34,116.2,0.014932,0.985068,1,1,0.950000,0.000553,0.023803
2.957573,5620.002708,0.347131,10.000000,77.541745,23.364562,0.550000,1.450000,0.283088,8.582524,0.751570,43.339231,1.336441,1.828363,32.007780,0.654865,0.482505,0.589090,18.217,3.611094,153.28,333.63,94.3,0.012980,0.987020,1,1,0.950000,0.003763,0.039080
2.638384,7800.000000,0.085775,10.905753,77.793695,18.000000,0.550628,1.034378,0.272405,8.646236,0.824385,47.262621,1.463347,1.300000,22.604055,0.690918,0.503009,0.673750,14.207,2.600175,360.01,381.50,103.3,0.009989,0.990011,1,1,0.950000,0.000009,0.036202
3.000000,7800.000000,0.131115,10.298596,79.656489,40.238014,0.568788,1.450000,0.113071,8.710766,0.923001,49.078995,1.576512,1.300000,42.000000,0.738526,0.540512,0.693929,16.831,5.346270,238.34,458.98,115.4,0.012340,0.987660,1,1,0.950000,0.000049,0.029731
2.619379,6926.480286,0.226024,10.000000,77.851110,44.257936,0.585494,1.077331,0.020985,8.765090,0.822134,42.284929,1.629616,1.430292,42.000000,0.723148,0.537773,0.639825,19.478,3.361358,270.19,406.75,103.0,0.010655,0.989345,1,1,0.950000,0.002209,0.039395
3.000000,7325.995384,0.302330,10.000000,77.519172,40.006059,0.550000,1.441629,0.009722,8.800000,0.620000,49.179297,1.531055,1.452255,30.327418,0.204623,0.149353,0.226389,3.343,3.027998,101.88,85.19,78.0,0.015430,0.984570,1,1,0.289130,0.001970,0.023773
2.749071,7800.000000,0.101624,10.000000,73.789276,47.992821,0.590346,1.450000,0.026901,8.800000,0.812281,42.000000,1.463844,1.420077,23.136621,0.734891,0.540499,0.709028,15.720,2.822596,419.50,403.91,101.8,0.006837,0.993163,1,1,0.950000,0.000288,0.033527
3.000000,7800.000000,0.130550,10.000000,56.083421,20.498655,0.550000,1.450000,0.043314,8.800000,0.756073,52.351893,1.447968,1.970445,18.000000,0.700072,0.505135,0.756284,11.899,7.112776,177.49,351.37,94.8,0.012389,0.987611,1,1,0.950000,0.005262,0.027070
3.000000,7800.000000,0.290404,10.612824,76.517633,21.681514,0.550000,1.412486,0.000000,8.420927,0.925722,48.480485,1.582218,1.591950,20.864297,0.718879,0.527094,0.652373,17.760,6.635998,147.20,448.91,115.8,0.014652,0.985348,1,1,0.950000,0.000062,0.032967
2.707583,7800.000000,0.139693,11.855918,58.332966,21.844751,0.611647,1.078754,0.080041,8.800000,0.888802,64.852287,1.316256,1.384935,34.184385,0.683879,0.493920,0.666862,14.671,2.655201,375.56,403.88,111.2,0.004704,0.995296,1,1,0.950000,0.000778,0.026245
3.000000,7568.012645,0.207519,10.263027,81.386055,19.027890,0.572705,1.097417,0.107297,8.600465,0.669867,48.503013,1.504967,1.300000,23.381361,0.284090,0.204429,0.320128,4.419,2.926380,157.25,125.99,84.2,0.013874,0.986126,1,1,0.413043,0.002168,0.028176
2.912404,7751.076248,0.133759,11.382256,50.000000,42.143056,0.550000,1.011938,0.092420,8.768880,0.662223,42.000000,1.575849,1.541187,20.092989,0.654053,0.472260,0.724371,10.109,3.331093,342.01,287.72,83.3,0.006839,0.993161,1,1,0.908696,0.003893,0.032050
3.000000,6823.541896,0.080000,10.000000,74.162123,23.262399,0.569126,1.000000,0.290937,8.743895,0.901262,44.288954,1.616697,1.300000,24.636765,0.722212,0.530591,0.674508,16.518,2.255904,482.75,439.95,105.4,0.009160,0.990840,1,1,0.950000,0.004173,0.044800
2.748658,7005.448171,0.080000,10.000000,82.000000,46.365898,0.550000,1.000241,0.000000,8.479353,0.940056,49.309786,1.663007,1.513617,42.000000,0.732289,0.540507,0.653570,20.291,3.839094,286.88,467.46,117.5,0.010034,0.989966,1,1,0.950000,0.007446,0.036536
2.852178,7219.289766,0.081327,10.000000,56.989499,30.818814,0.568760,1.282371,0.281726,8.562646,0.846497,44.564398,1.507345,1.353257,23.364875,0.730660,0.540510,0.673360,17.341,4.298984,258.33,420.94,106.0,0.012245,0.987755,1,1,0.950000,0.004742,0.039717
2.996438,7641.615810,0.126717,10.131146,72.912755,43.792084,0.634168,1.158591,0.000000,8.160535,0.853693,58.322116,1.405677,1.490914,40.193466,0.728971,0.532260,0.721718,14.757,3.284315,380.77,418.04,106.9,0.005473,0.994527,1,1,0.950000,0.005695,0.027593
2.759055,7321.304151,0.283918,10.000000,74.772917,35.930273,0.634359,1.328377,0.037739,8.672377,0.877063,58.624083,1.518147,1.429121,42.000000,0.705048,0.516944,0.647240,18.113,2.422731,370.60,417.12,109.8,0.009364,0.990636,1,1,0.950000,0.003615,0.027628
3.000000,7487.574359,0.177730,10.000000,50.000000,48.000000,0.665648,1.000000,0.131550,8.715674,0.676799,48.161621,1.676564,1.486356,42.000000,0.494072,0.354671,0.551156,7.735,3.138224,270.09,220.84,85.0,0.009237,0.990763,1,1,0.702174,0.001686,0.026505
2.527239,7415.045125,0.302567,11.037894,76.115417,47.003205,0.613315,1.059018,0.137676,8.204069,0.950000,87.936096,1.365796,1.650720,34.856662,0.557026,0.438570,0.592381,20.468,1.971392,356.82,383.31,118.8,0.012936,0.987064,1,1,0.544016,0.144669,0.020634
3.000000,7119.621879,0.080000,11.086866,79.282690,18.000000,0.550000,1.386519,0.070314,8.685429,0.704919,42.000000,1.431265,1.624919,40.438144,0.618291,0.441693,0.695928,9.726,2.896249,363.55,286.45,88.5,0.006845,0.993155,1,1,0.908696,0.008497,0.039502
2.541297,7746.035929,0.211989,10.000000,82.000000,43.242513,0.550000,1.148079,0.000000,8.660615,0.626046,45.753687,1.531892,1.538719,27.015706,0.685111,0.499978,0.730253,11.916,3.799822,249.84,287.97,78.8,0.009200,0.990800,1,1,0.950000,0.008004,0.030756
3.000000,7536.906885,0.169728,10.000000,72.647917,21.776160,0.550000,1.168494,0.026383,8.694184,0.864928,64.327600,1.597046,1.702641,28.624708,0.725090,0.528248,0.707729,15.430,3.780268,304.56,420.34,108.3,0.006626,0.993374,1,1,0.950000,0.000276,0.022431
3.000000,7717.925604,0.133269,10.062319,53.449847,46.524115,0.585639,1.440771,0.091893,8.800000,0.711927,50.151346,1.304814,1.571369,30.547499,0.716845,0.521002,0.764673,12.094,4.603716,284.11,341.24,89.4,0.010823,0.989177,1,1,0.950000,0.002188,0.025021
2.404125,7453.888784,0.342803,10.000000,52.415029,47.742345,0.550000,1.442008,0.112868,8.701200,0.657097,52.090146,1.250000,1.476845,21.896692,0.722992,0.540521,0.662677,18.526,6.201674,123.40,326.76,82.6,0.014838,0.985162,1,1,0.950000,0.002065,0.023424
2.770430,7800.000000,0.229245,10.000000,69.509923,48.000000,0.551519,1.249875,0.023299,8.597981,0.911308,48.339683,1.518195,1.559253,21.682118,0.730795,0.540508,0.633081,21.771,4.072103,256.72,453.16,114.0,0.013110,0.986890,1,1,0.950000,0.000306,0.028182
2.532875,7800.000000,0.216582,10.285210,75.644802,44.025066,0.607422,1.072408,0.327827,8.548693,0.833107,62.567147,1.500387,1.737824,35.358198,0.717786,0.526115,0.677224,17.207,6.028595,156.46,403.25,104.3,0.015013,0.984987,1,1,0.950000,0.000261,0.022021
3.000000,7745.520547,0.300606,10.000000,69.890510,25.231263,0.550000,1.086157,0.023223,8.800000,0.792154,54.736304,1.479530,1.322997,37.232716,0.718772,0.526623,0.707757,14.890,3.843437,278.94,383.79,99.3,0.011643,0.988357,1,1,0.950000,0.004980,0.026763
3.000000,7209.534610,0.106671,11.102267,74.573390,48.000000,0.579997,1.450000,0.000000,8.654898,0.888311,42.000000,1.579073,1.860538,31.066329,0.718363,0.522192,0.709949,15.537,2.763295,458.77,426.76,110.9,0.006846,0.993154,1,1,0.950000,0.001580,0.035038
3.000000,7800.000000,0.174304,10.000000,57.011803,47.409871,0.552996,1.257089,0.141391,8.746322,0.853782,61.575947,1.472947,1.300000,40.709843,0.732795,0.540495,0.667982,18.629,3.117896,400.85,424.55,107.3,0.010717,0.989283,1,1,0.950000,0.001365,0.021805
3.000000,7229.323359,0.251597,10.000000,80.626618,37.982182,0.659881,1.403430,0.387641,8.532118,0.846715,59.828379,1.626458,1.710670,42.000000,0.694730,0.504150,0.686969,15.009,2.855982,357.78,392.72,106.0,0.010958,0.989042,1,1,0.950000,0.004964,0.025653
2.769078,7800.000000,0.244659,13.674403,71.156623,18.171562,0.553544,1.000000,0.254536,8.800000,0.878848,42.956260,1.493947,1.550704,32.771659,0.646740,0.466899,0.619602,13.839,2.111913,355.25,377.51,110.0,0.007612,0.992388,1,1,0.950000,0.002968,0.042354
2.873183,6912.591001,0.147076,11.873009,82.000000,45.249966,0.550000,1.010844,0.092092,8.800000,0.832269,57.840210,1.518183,1.590975,20.599094,0.721445,0.531583,0.678714,16.634,3.864990,253.99,407.03,104.2,0.012527,0.987473,1,1,0.950000,0.007176,0.031506
2.851564,7628.772302,0.278315,10.000000,76.889055,24.387619,0.550000,1.049680,0.302618,8.725977,0.805971,48.763042,1.585571,1.615316,42.000000,0.711104,0.522105,0.676602,15.841,6.710567,148.97,387.14,101.0,0.014651,0.985349,1,1,0.950000,0.001246,0.031385
2.714738,6004.073181,0.080888,10.000000,76.363672,32.727252,0.573782,1.001927,0.341168,8.800000,0.808381,46.324881,1.535295,1.306675,26.144379,0.706220,0.523062,0.640876,18.091,3.388415,231.88,389.01,101.3,0.012272,0.987728,1,1,0.950000,0.004860,0.041392
3.000000,7403.841035,0.113985,10.797086,75.886984,43.791952,0.618177,1.351420,0.259310,8.410156,0.773486,54.329474,1.633364,1.470185,29.707856,0.698153,0.505814,0.720840,12.709,2.855957,399.47,359.94,97.0,0.006217,0.993783,1,1,0.950000,0.000898,0.027039
2.787067,7283.688739,0.173597,10.000000,50.295183,43.075164,0.550000,1.207842,0.042121,8.726160,0.843324,68.028249,1.340378,1.831505,25.186539,0.583120,0.487709,0.671926,20.389,5.888459,158.38,378.39,105.6,0.015124,0.984876,1,1,0.078192,0.118074,0.022599
2.792881,7800.000000,0.304287,10.000000,70.989033,48.000000,0.603309,1.000000,0.284534,8.705136,0.755703,60.269585,1.634151,1.300000,27.589209,0.732419,0.540517,0.698545,16.262,5.556916,177.40,375.79,94.8,0.012665,0.987335,1,1,0.950000,0.000156,0.020548
2.902326,7203.646660,0.315345,11.140896,67.915444,46.688482,0.550000,1.305365,0.039173,8.686435,0.785076,66.971776,1.538674,1.495205,42.000000,0.731805,0.540504,0.681594,17.566,2.848172,331.73,390.39,98.4,0.008531,0.991469,1,1,0.950000,0.000325,0.019153
3.000000,7406.023520,0.260523,10.000000,79.803503,18.000000,0.550000,1.450000,0.206652,8.800000,0.873861,42.000000,1.482594,1.300000,21.295633,0.684725,0.501289,0.629550,16.834,2.098560,418.17,403.01,109.4,0.006838,0.993162,1,1,0.950000,0.002661,0.042156
2.754498,7550.685843,0.080000,11.697097,79.119014,44.909296,0.550000,1.007472,0.073916,8.790887,0.749321,62.833972,1.649278,1.469239,40.162917,0.696486,0.505485,0.719120,12.809,3.272743,334.22,348.47,94.0,0.010967,0.989033,1,1,0.950000,0.002492,0.024741
3.000000,7350.958877,0.116040,11.169394,81.460236,44.939576,0.620338,1.000000,0.253871,8.725761,0.840582,51.973517,1.557388,1.395192,42.000000,0.707060,0.514366,0.695759,14.262,3.256896,355.19,397.78,105.3,0.010830,0.989170,1,1,0.950000,0.000017,0.029553
2.569056,7800.000000,0.080000,10.000000,56.328787,44.183349,0.550000,1.000000,0.030030,8.611383,0.840057,48.222749,1.488620,1.300000,22.340199,0.728142,0.540499,0.644429,19.988,3.047333,354.97,417.73,105.2,0.011550,0.988450,1,1,0.950000,0.002412,0.031818
2.687315,7406.240032,0.080000,10.000000,74.300397,18.803619,0.620336,1.060549,0.023637,8.800000,0.831818,42.000000,1.664440,1.371877,24.329863,0.680757,0.494550,0.668209,14.133,2.286870,429.59,378.47,104.2,0.006838,0.993162,1,1,0.950000,0.000364,0.043114
2.746065,6995.849908,0.305344,11.867062,78.920043,48.000000,0.550000,1.059205,0.050249,8.705269,0.634721,50.936817,1.250000,1.716765,39.252461,0.657188,0.476606,0.695842,11.968,6.750334,119.20,278.31,79.9,0.013928,0.986072,1,1,0.950000,0.007338,0.027521
2.635384,6855.732301,0.086139,10.000000,82.000000,42.496555,0.550000,1.021667,0.063084,8.483215,0.950000,46.662002,1.678564,1.356499,39.755097,0.711277,0.524989,0.619500,21.231,2.356073,414.92,458.84,118.5,0.010756,0.989244,1,1,0.950000,0.008175,0.041297
2.458593,5840.556873,0.172227,10.000000,82.000000,45.994974,0.575980,1.078518,0.000000,8.800000,0.830269,68.429598,1.652348,1.468872,41.260371,0.656928,0.518365,0.600321,22.142,2.104859,331.34,395.95,104.0,0.011013,0.988987,1,1,0.950000,0.001341,0.023755
2.795573,7800.000000,0.135692,11.017338,81.147345,44.633959,0.550000,1.000000,0.000000,8.800000,0.923232,60.785812,1.600375,1.585215,20.332125,0.736132,0.540496,0.671476,18.415,2.736437,411.78,459.08,115.5,0.010943,0.989057,1,1,0.950000,0.000601,0.025563
2.879898,7633.721752,0.101464,10.000000,53.821245,44.259361,0.586167,1.450000,0.072508,8.410506,0.909672,90.698914,1.254598,1.300000,18.000000,0.401583,0.270251,0.323010,18.576,1.663978,341.67,226.17,113.8,0.014719,0.985281,1,1,0.950000,0.012596,0.014711
3.000000,7800.000000,0.193864,10.083267,80.669438,48.000000,0.629628,1.450000,0.315706,8.776181,0.824804,42.000000,1.574368,1.660312,21.699989,0.713588,0.519584,0.726290,13.920,2.924602,425.97,394.27,103.3,0.006839,0.993161,1,1,0.950000,0.006929,0.036080
2.658058,7194.387503,0.121440,11.131449,51.513577,46.394961,0.601564,1.393859,0.000000,8.680322,0.878726,42.000000,1.368587,1.447203,30.022328,0.730494,0.540495,0.649395,19.787,2.253434,453.82,436.95,110.0,0.006844,0.993156,1,1,0.950000,0.000428,0.035652
2.512560,7536.901466,0.197920,10.193720,50.000000,48.000000,0.550000,1.450000,0.029946,8.528178,0.686158,42.928506,1.568756,1.585733,42.000000,0.727412,0.540511,0.695841,15.978,3.880462,257.72,341.21,86.2,0.011441,0.988559,1,1,0.950000,0.002180,0.031835
3.000000,6988.993264,0.082204,10.000000,50.000000,39.209838,0.550000,1.119733,0.017821,8.345789,0.700791,59.940178,1.405681,1.451468,25.698597,0.734955,0.540516,0.742694,13.996,5.992297,197.41,348.49,88.0,0.011032,0.988968,1,1,0.950000,0.001466,0.020706
3.000000,7462.921972,0.157963,10.062189,72.934760,48.000000,0.561707,1.137820,0.195399,8.660377,0.620000,42.985050,1.250000,1.409584,18.389068,0.200208,0.145961,0.232383,3.021,3.410148,101.88,83.26,78.0,0.014503,0.985497,1,1,0.289130,0.007241,0.028898
2.635226,7775.527984,0.091601,11.366630,75.491690,45.309850,0.654537,1.183212,0.121683,8.468296,0.809821,70.758585,1.382899,1.406700,36.543267,0.654381,0.472836,0.681981,13.675,4.629254,209.12,352.28,101.5,0.012685,0.987315,1,1,0.950000,0.031015,0.021154
3.000000,7800.000000,0.369468,11.184048,81.475534,45.588522,0.550000,1.032525,0.257278,8.760360,0.861779,60.241266,1.533139,1.497839,41.059829,0.733408,0.539903,0.676298,17.970,2.266085,445.07,428.05,107.9,0.010158,0.989842,1,1,0.950000,0.001451,0.022745
2.764611,7600.127787,0.148435,10.000000,82.000000,43.977220,0.611735,1.155505,0.286225,8.800000,0.691451,61.846801,1.473993,1.312599,18.790636,0.690405,0.500709,0.732033,12.021,2.778274,373.33,318.52,85.8,0.007053,0.992947,1,1,0.950000,0.003819,0.023402
3.000000,7508.093222,0.080000,12.194089,78.680785,28.227423,0.584947,1.193352,0.093276,8.433600,0.855542,44.289234,1.543009,1.393979,27.871475,0.681313,0.492301,0.693196,12.809,2.946924,381.59,387.49,107.1,0.009945,0.990055,1,1,0.950000,0.005742,0.042490
2.546277,7800.000000,0.101869,10.000000,57.202167,33.172636,0.566226,1.244296,0.000000,8.689291,0.652535,69.025675,1.318713,1.829964,24.015396,0.693123,0.502714,0.741626,11.951,4.236070,245.09,301.80,82.1,0.011019,0.988981,1,1,0.950000,0.000069,0.020077
2.604147,6782.950344,0.262121,10.371995,64.380221,48.000000,0.550000,1.373055,0.176392,8.752271,0.720288,49.092037,1.327911,1.455461,41.632746,0.725025,0.540524,0.659612,18.550,9.815879,84.54,358.19,90.4,0.016210,0.983790,1,1,0.950000,0.001682,0.028787
3.000000,7026.804228,0.296000,10.680655,75.188266,21.866159,0.558453,1.137581,0.068906,8.684755,0.791513,48.104190,1.560802,1.598800,37.932395,0.687059,0.503234,0.664182,15.100,3.582012,241.16,366.45,99.2,0.011547,0.988453,1,1,0.950000,0.007887,0.036133
2.166872,7800.000000,0.120277,10.387806,79.943433,42.384258,0.584067,1.450000,0.168746,8.644698,0.780752,52.688552,1.332589,1.952615,41.932158,0.702568,0.517996,0.654231,17.066,5.303546,164.95,372.07,97.9,0.013966,0.986034,1,1,0.950000,0.002689,0.032225
